Country Name,Country Code,Series Name,Series Code,2001 [YR2001],2002 [YR2002],2003 [YR2003],2004 [YR2004],2005 [YR2005],2006 [YR2006],2007 [YR2007],2008 [YR2008],2009 [YR2009],2010 [YR2010],2011 [YR2011],2012 [YR2012],2013 [YR2013],2014 [YR2014],2015 [YR2015],2016 [YR2016],2017 [YR2017],2018 [YR2018],2019 [YR2019],2020 [YR2020],2021 [YR2021],2022 [YR2022],2023 [YR2023],2024 [YR2024],2025 [YR2025]
United States,USA,"Share of youth not in education, employment or training, female (% of female youth population)",SL.UEM.NEET.FE.ZS,15.31,15.652,15.462,15.331,15.254,14.812,14.335,14.44,15.598,15.574,15.345,14.823,15.216,14.48,13.335,12.812,11.761,11.543,10.934,14.194,12.621,11.723,11.391,11.994,11.84
United States,USA,"Share of youth not in education, employment or training, male (% of male youth population)",SL.UEM.NEET.MA.ZS,10.581,11.242,11.779,10.982,11.076,10.146,10.291,11.646,14.479,14.894,13.515,13.008,13.562,12.314,11.561,11.233,10.195,10.309,9.89,13.593,11.791,10.768,10.995,11.206,11.345
United States,USA,"Share of youth not in education, employment or training, total (% of youth population)",SL.UEM.NEET.ZS,12.937,13.434,13.611,13.139,13.147,12.456,12.291,13.031,15.034,15.231,14.415,13.908,14.382,13.388,12.442,12.017,10.972,10.922,10.409,13.892,12.204,11.244,11.191,11.597,11.59
United States,USA,Children out of school (% of primary school age),SE.PRM.UNER.ZS,..,..,..,..,0.565190017223358,..,..,..,..,..,..,..,2.8980700969696,..,1.80586004257202,0.35997000336647,0.424380004405975,0.574209988117218,0.916570007801056,2.00507998466492,4.09511995315552,3.98220992088318,..,..,..
United States,USA,"Children out of school, female (% of female primary school age)",SE.PRM.UNER.FE.ZS,..,..,..,..,0.268880009651184,..,..,..,..,..,..,..,3.14109992980957,..,1.91737997531891,0.43095999956131,..,0.635680019855499,0.848990023136139,2.04341006278992,4.16418981552124,3.78526997566223,..,..,..
United States,USA,"Children out of school, male (% of male primary school age)",SE.PRM.UNER.MA.ZS,..,..,..,..,0.847800016403198,..,..,..,..,..,..,..,2.66526007652283,..,1.69895005226135,0.291880011558533,..,0.515320003032684,0.98131000995636,1.96835994720459,4.02901983261108,4.1700701713562,..,..,..
United States,USA,"Children out of school, primary",SE.PRM.UNER,..,..,..,..,135557,..,..,..,..,..,..,..,711515,..,446256,88850,104711,141533,224977,489065,996160,965853,..,..,..
United States,USA,"Children out of school, primary, female",SE.PRM.UNER.FE,..,..,..,..,31482,..,..,..,..,..,..,..,377311,..,231900,52078,..,76669,101961,243827,495363,448218,..,..,..
United States,USA,"Children out of school, primary, male",SE.PRM.UNER.MA,..,..,..,..,104076,..,..,..,..,..,..,..,334205,..,214356,36772,..,64864,123016,245238,500796,517634,..,..,..
United States,USA,"Unemployment, youth female (% of female labor force ages 15-24) (national estimate)",SL.UEM.1524.FE.NE.ZS,9.612,11.103,11.419,10.975,10.131,9.695,9.432,11.183,14.886,15.835,15.73,14.661,13.925,12.173,10.402,9.34,8.088,7.671,7.342,14.836,8.9,7.466,7.095,8.126,9.002
United States,USA,"Unemployment, youth male (% of male labor force ages 15-24) (national estimate)",SL.UEM.1524.MA.NE.ZS,11.427,12.82,13.355,12.639,12.386,11.236,11.554,14.359,20.127,20.827,18.745,17.647,17.053,14.541,12.776,11.445,10.321,9.519,9.405,15.001,10.524,8.763,8.758,9.704,10.917
United States,USA,"Unemployment, youth total (% of total labor force ages 15-24) (national estimate)",SL.UEM.1524.NE.ZS,10.558,11.996,12.428,11.847,11.309,10.508,10.543,12.846,17.601,18.424,17.309,16.211,15.546,13.397,11.624,10.427,9.237,8.613,8.392,14.92,9.73,8.129,7.938,8.929,9.981
United States,USA,"Primary completion rate, female (% of relevant age group)",SE.PRM.CMPT.FE.ZS,..,..,..,..,..,..,..,..,..,..,..,..,..,..,..,..,97.1660308837891,95.4763412475586,103.343627929688,101.677947998047,100.28727722168,94.0673522949219,..,..,..
United States,USA,"Primary completion rate, male (% of relevant age group)",SE.PRM.CMPT.MA.ZS,..,..,..,..,..,..,..,..,..,..,..,..,..,..,..,..,100.429466247559,104.510192871094,97.7526397705078,100.200538635254,101.863677978516,97.3387908935547,..,..,..
United States,USA,"Primary completion rate, total (% of relevant age group)",SE.PRM.CMPT.ZS,..,..,..,..,..,..,..,..,..,..,..,..,..,..,..,..,98.8321990966797,100.092697143555,100.489051818848,100.923667907715,101.091278076172,95.743522644043,..,..,..
United States,USA,Adolescents out of school (% of lower secondary school age),SE.SEC.UNER.LO.ZS,..,..,..,..,..,..,..,..,..,..,..,..,..,..,..,..,..,..,..,0.172670006752014,1.15775001049042,0.813030004501343,..,..,..
United States,USA,"Educational attainment, at least completed lower secondary, population 25+, total (%) (cumulative)",SE.SEC.CUAT.LO.ZS,96.454615955618,96.4470861085587,96.487135950704,94.0394287109375,93.6958770751953,94.1919326782227,96.783834574041,94.4855499267578,94.5352172851562,94.7695007324219,94.9027328491211,94.984489440918,95.2045288085938,95.2634735107422,95.3349685668945,95.5852432250977,94.9176025390625,96.0293731689453,97.6129471753246,96.4607696533203,95.2501678466797,96.4930725097656,96.503532409668,96.6203231811523,..
United States,USA,"Lower secondary completion rate, total (% of relevant age group)",SE.SEC.CMPT.LO.ZS,..,..,..,..,..,..,..,..,..,..,..,..,..,..,..,..,104.852256774902,103.384170532227,103.408462524414,103.84593963623,103.428169250488,101.35814666748,..,..,..
United States,USA,"School enrollment, secondary (% gross)",SE.SEC.ENRR,..,..,..,..,95.0524826049805,..,..,..,..,..,..,..,96.1864929199219,96.9245376586914,97.6525497436523,98.7699279785156,98.9523391723633,99.2755813598633,100.063430786133,100.509819030762,101.192489624023,97.4734878540039,..,..,..
United States,USA,"School enrollment, secondary, female (% gross)",SE.SEC.ENRR.FE,..,..,..,..,95.9484786987305,..,..,..,..,..,..,..,96.3090591430664,97.5130462646484,98.1735763549805,98.4747085571289,98.695556640625,98.7960586547852,99.189453125,99.4142990112305,101.344367980957,98.6511611938477,..,..,..
United States,USA,"School enrollment, secondary, male (% gross)",SE.SEC.ENRR.MA,..,..,..,..,94.2021102905273,..,..,..,..,..,..,..,96.0696334838867,96.3625335693359,97.1537170410156,99.0528335571289,99.1985168457031,99.7356567382812,100.902122497559,101.560943603516,101.046821594238,96.351806640625,..,..,..
United States,USA,"Adolescents out of school, female (% of female lower secondary school age)",SE.SEC.UNER.LO.FE.ZS,..,..,..,..,..,..,..,..,..,..,..,..,..,..,..,..,..,..,..,..,..,0.375470012426376,..,..,..
United States,USA,"Adolescents out of school, male (% of male lower secondary school age)",SE.SEC.UNER.LO.MA.ZS,..,..,..,..,..,..,..,..,..,..,..,..,..,..,..,..,..,..,..,..,..,1.22965002059937,..,..,..
United States,USA,Trained teachers in lower secondary education (% of total teachers),SE.SEC.TCAQ.LO.ZS,..,..,..,..,..,..,..,..,..,..,..,..,..,100,100,100,100,100,100,100,100,100,100,..,..
United States,USA,"Trained teachers in lower secondary education, female (% of female teachers)",SE.SEC.TCAQ.LO.FE.ZS,..,..,..,..,..,..,..,..,..,..,..,..,..,100,100,100,100,100,100,100,100,100,100,..,..
United States,USA,"Trained teachers in lower secondary education, male (% of male teachers)",SE.SEC.TCAQ.LO.MA.ZS,..,..,..,..,..,..,..,..,..,..,..,..,..,100,100,100,100,100,100,100,100,100,100,..,..
United States,USA,Trained teachers in secondary education (% of total teachers),SE.SEC.TCAQ.ZS,..,..,..,..,..,..,..,..,..,..,..,..,..,100,100,100,100,100,100,100,100,100,100,..,..
United States,USA,"Trained teachers in secondary education, female (% of female teachers)",SE.SEC.TCAQ.FE.ZS,..,..,..,..,..,..,..,..,..,..,..,..,..,100,100,100,100,100,100,100,100,100,100,..,..
United States,USA,"Trained teachers in secondary education, male (% of male teachers)",SE.SEC.TCAQ.MA.ZS,..,..,..,..,..,..,..,..,..,..,..,..,..,100,100,100,100,100,100,100,100,100,100,..,..
United States,USA,"Trained teachers in primary education, male (% of male teachers)",SE.PRM.TCAQ.MA.ZS,..,..,..,..,..,..,..,..,..,..,..,..,..,100,100,100,100,100,100,100,100,100,100,..,..
United States,USA,"Trained teachers in primary education, female (% of female teachers)",SE.PRM.TCAQ.FE.ZS,..,..,..,..,..,..,..,..,..,..,..,..,..,100,100,100,100,100,100,100,100,100,100,..,..
United States,USA,Trained teachers in primary education (% of total teachers),SE.PRM.TCAQ.ZS,..,..,..,..,..,..,..,..,..,..,..,..,..,100,100,100,100,100,100,100,100,100,100,..,..
United States,USA,Trained teachers in upper secondary education (% of total teachers),SE.SEC.TCAQ.UP.ZS,..,..,..,..,..,..,..,..,..,..,..,..,..,100,100,100,100,100,100,100,100,100,100,..,..
United States,USA,"Trained teachers in upper secondary education, female (% of female teachers)",SE.SEC.TCAQ.UP.FE.ZS,..,..,..,..,..,..,..,..,..,..,..,..,..,100,100,100,100,100,100,100,100,100,100,..,..
United States,USA,"Trained teachers in upper secondary education, male (% of male teachers)",SE.SEC.TCAQ.UP.MA.ZS,..,..,..,..,..,..,..,..,..,..,..,..,..,100,100,100,100,100,100,100,100,100,100,..,..
United States,USA,"Pupil-teacher ratio, lower secondary",SE.SEC.ENRL.LO.TC.ZS,..,..,..,..,..,..,..,..,..,..,..,..,..,14.79886,14.70835,..,14.54548,..,..,..,..,..,..,..,..
United States,USA,"Pupil-teacher ratio, preprimary",SE.PRE.ENRL.TC.ZS,..,..,..,..,..,..,..,..,..,..,..,..,..,13.81997,13.75664,..,14.27951,..,..,..,..,..,..,..,..
United States,USA,"Pupil-teacher ratio, primary",SE.PRM.ENRL.TC.ZS,..,..,..,..,..,..,..,..,..,..,..,..,..,14.53749,14.45723,..,14.19857,..,..,..,..,..,..,..,..
United States,USA,"Pupil-teacher ratio, secondary",SE.SEC.ENRL.TC.ZS,..,..,..,..,..,..,..,..,..,..,..,..,..,14.78683,14.69697,..,14.62452,..,..,..,..,..,..,..,..
United States,USA,"Pupil-teacher ratio, tertiary",SE.TER.ENRL.TC.ZS,..,..,..,..,..,..,..,..,..,..,..,..,..,12.46114,12.35456,..,12.02368,..,..,..,..,..,..,..,..
United States,USA,"Pupil-teacher ratio, upper secondary",SE.SEC.ENRL.UP.TC.ZS,..,..,..,..,..,..,..,..,..,..,..,..,..,14.77404,14.68497,..,14.70795,..,..,..,..,..,..,..,..
United States,USA,"Government expenditure on education, total (% of GDP)",SE.XPD.TOTL.GD.ZS,..,..,..,..,..,..,..,..,..,..,..,..,..,..,4.93064022064209,4.78327989578247,5.09296989440918,4.89502000808716,4.95746994018555,5.39530992507935,5.42038011550903,..,..,..,..
United States,USA,"Government expenditure on education, total (% of government expenditure)",SE.XPD.TOTL.GB.ZS,..,..,..,..,..,..,..,..,..,..,..,..,..,..,13.5466499328613,13.1706104278565,13.8754997253418,13.1474103927612,13.2726898193359,12.1569995880127,11.2926597595215,..,..,..,..
United States,USA,Net lending (+) / net borrowing (-) (% of GDP),GC.NLD.TOTL.GD.ZS,0.0139813827894706,-2.84500802810257,-4.07842394459017,-3.82684864841327,-3.03664635176537,-2.10572293619459,-2.43871452073299,-5.24151545897991,-10.1899701113415,-9.99381153701472,-8.94621330674142,-7.3043865590991,-4.15034273198543,-3.70170258774664,-3.19804149971093,-3.83020224555147,-2.94418313753416,-4.77899854941656,-5.35878674364723,-14.3855994220614,-12.7072284020097,-4.45683440176853,-7.25485596488678,-7.18895885533261,..
United States,USA,Net lending (+) / net borrowing (-) (current LCU),GC.NLD.TOTL.CN,1479500000,-310934000000,-467242600000,-467533600000,-395954300000,-290917900000,-352985100000,-774164600000,-1475310700000,-1503965800000,-1395585300000,-1187252800000,-700606200000,-651800900000,-585082300000,-720266200000,-577416200000,-987174600000,-1154281700000,-3074962300000,-3014871900000,-1161211000000,-2017685500000,-2106222100000,..
United States,USA,"Unemployment, youth total (% of total labor force ages 15-24) (modeled ILO estimate)",SL.UEM.1524.ZS,10.492,11.935,12.362,11.791,11.24,10.43,10.472,12.76,17.517,18.361,17.272,16.211,15.558,13.411,11.634,10.432,9.238,8.607,8.375,14.891,9.704,8.105,7.953,8.92,9.34
United States,USA,"Labor force participation rate for ages 15-24, total (%) (modeled ILO estimate)",SL.TLF.ACTI.1524.ZS,58.736,57.593,56.026,55.647,55.308,55.169,54.037,53.486,51.73,50.189,49.998,49.932,50.083,50.041,50.026,50.183,50.453,50.213,50.816,49.025,50.498,50.541,51.144,50.81,50.83
United States,USA,Progression to secondary school (%),SE.SEC.PROG.ZS,..,..,..,..,..,..,..,..,..,..,..,..,..,..,..,99.2321,..,..,..,..,..,..,..,..,..
United States,USA,"School enrollment, secondary (% net)",SE.SEC.NENR,..,..,..,..,89.34377,..,..,..,..,88.38466,89.75284,89.29903,89.46575,89.86874,91.27156,92.18317,92.45022,..,..,..,..,..,..,..,..
United States,USA,"School enrollment, secondary, female (% net)",SE.SEC.NENR.FE,..,..,..,..,90.70646,..,..,..,..,89.18024,90.47964,90.32571,90.09343,91.08553,92.66306,92.17723,93.03496,..,..,..,..,..,..,..,..
United States,USA,"School enrollment, secondary, male (% net)",SE.SEC.NENR.MA,..,..,..,..,88.05048,..,..,..,..,87.62882,89.06161,88.32107,88.8673,88.70675,89.93936,92.18887,91.88962,..,..,..,..,..,..,..,..
United States,USA,"School enrollment, tertiary (% gross)",SE.TER.ENRR,..,..,..,..,80.6348266601562,..,..,..,..,..,..,..,88.7264175415039,88.6268692016602,88.8894119262695,88.8350524902344,88.1673889160156,88.2991790771484,87.8887100219727,87.5676574707031,84.8550872802734,79.361930847168,..,..,..
United States,USA,"School enrollment, tertiary, female (% gross)",SE.TER.ENRR.FE,..,..,..,..,95.1901626586914,..,..,..,..,..,..,..,103.112609863281,102.599388122559,102.747329711914,102.293800354004,102.011329650879,102.354042053223,102.425331115723,102.956741333008,101.710220336914,94.8502197265625,..,..,..
United States,USA,"School enrollment, tertiary, male (% gross)",SE.TER.ENRR.MA,..,..,..,..,66.9317169189453,..,..,..,..,..,..,..,75.0769119262695,75.3973617553711,75.7590179443359,76.0622711181641,74.9971923828125,74.8950500488281,73.9934616088867,72.8402481079102,68.7112731933594,64.5381774902344,..,..,..
United States,USA,"Government expenditure per student, secondary (% of GDP per capita)",SE.XPD.SECO.PC.ZS,..,..,..,..,..,..,..,..,..,24.28969,23.89396,22.76782,22.58939,22.36455,21.68055,22.1348,..,..,..,..,..,..,..,..,..
United States,USA,Gini index,SI.POV.GINI,40.6,40.4,40.8,40.5,41.3,41.7,41.1,41.1,40.9,40.2,41.2,41.2,40.9,41.7,41.5,41.3,41.4,41.8,41.9,40,39.7,41.7,41.8,41.8,..
United States,USA,Poverty headcount ratio at $3.00 a day (2021 PPP) (% of population),SI.POV.DDAY,0.9,0.9,1,1.1,1,1.1,1,1.1,1,1.1,1.1,1.1,1.1,1.3,1.2,1.2,1.3,1.1,1,0.4,0.3,1.4,1.2,1.1,..
United States,USA,"GDP per capita, PPP (constant 2021 international $)",NY.GDP.PCAP.PP.KD,55024.3542766281,55443.2199435683,56505.4468784112,58139.0820195229,59612.3907215559,60684.3399832539,61314.4520816367,60806.2238713713,58722.496767251,59797.0736545937,60253.2035796719,61142.3637034265,61966.6621370894,63026.8779187814,64367.7188912582,65025.9855980616,66164.0320014289,67728.4424921024,69121.4580016741,67406.8311325507,71441.231980595,72828.7430907189,74351.6718197429,75698.1773354629,76931.3106990408
United States,USA,Urban population (% of total population),SP.URB.TOTL.IN.ZS,79.3086223667912,79.5461039768657,79.7773350255284,79.9960936968363,80.1961581748464,80.3713066436159,80.5153172872016,80.6219682896606,80.6850378350499,80.6997744673366,80.6957554256024,80.6837493386238,80.660889281215,80.6242231779766,80.5707989535091,80.4976645324131,80.4018678392891,80.2804567987377,80.1304793353594,79.997451762548,80.0074765140272,80.0324978239707,80.071561119178,80.1247798047184,80.1921733027869
United States,USA,"Vulnerable employment, total (% of total employment) (modeled ILO estimate)",SL.EMP.VULN.ZS,4.34815620378764,4.31130371223034,4.44578958506753,4.45408259671141,4.38411289340762,4.32202395887688,4.19449703914943,4.07416655287361,4.15705280173176,4.15926584168371,4.07259887669515,4.07535743103086,4.0277050197679,3.98332916779183,4.01903097374602,4.02570619192093,3.98095082402989,4.02366659006327,3.93462654039839,3.95644039443845,4.02475791685968,3.86455082663516,3.75894143719088,3.85135079514778,3.80976956797991
United States,USA,"Adolescent fertility rate (births per 1,000 women ages 15-19)",SP.ADO.TFRT,44.958,42.602,40.987,40.173,39.473,40.349,40.808,40.059,38.137,34.856,31.723,29.387,26.528,24.192,22.031,20.08,18.491,17.164,16.202,14.719,13.724,13.628,13.145,12.412,..
,,,,,,,,,,,,,,,,,,,,,,,,,,,,
,,,,,,,,,,,,,,,,,,,,,,,,,,,,
,,,,,,,,,,,,,,,,,,,,,,,,,,,,
Data from database: World Development Indicators,,,,,,,,,,,,,,,,,,,,,,,,,,,,
Last Updated: 07/13/2026,,,,,,,,,,,,,,,,,,,,,,,,,,,,
Code,License Type,Indicator Name,Long definition,Source,Topic,Dataset,Unit of measure,Periodicity,Reference period,Aggregation method,Statistical concept and methodology,Development relevance,Limitations and exceptions,Other notes,License URL
SL.UEM.NEET.FE.ZS,CC BY-4.0,"Share of youth not in education, employment or training, female (% of female youth population)","The share of youth not in education, employment or training (also known as “the NEET rate”) conveys the number of young persons not in education, employment or training as a percentage of the total youth population. Youth not in education are those who were neither enrolled in school nor in a formal training program (e.g. vocational training). For the purposes of this indicator, youth is defined as all persons between the ages of 15 and 24 (inclusive).","Labour Force Statistics database (LFS), International Labour Organization (ILO), uri: https://ilostat.ilo.org/data/bulk/, publisher: ILOSTAT, type: external database, date accessed: June 22, 2026",Social Protection & Labor: Unemployment,WB_WDI,% of female youth population,Annual,1970-2025,Weighted average,"Methodology: The youth NEET rate is calculated as follows: NEET rate = (Youth – Youth in employment – Youth not in employment but in education or training) / Youth x 100.  



It is important to note here that youth both in employment and education or training simultaneously should not be double counted when subtracted from the total number of youth. The formula can also be expressed as: NEET rate =  [(Unemployed youth + Youth outside the labor force) – (Unemployed youth in education or training + Youth outside the labor force in education or training)]  / Youth x 100. 







The calculation of this indicator requires having reliable information on both the labor market status and the participation in education or training of youth. The quality of such information is heavily dependent on the questionnaire design, the sample size and design and the accuracy of respondents' answers. To avoid misinterpreting this indicator, it is important to bear in mind that it is composed of two different sub-groups (unemployed youth not in education or training and youth outside the labor force not in education or training). The prevalence and composition of each sub-group would have policy implications, and thus should also be considered when analyzing the NEET rate.







The preferred official national data source for this indicator is a household-based labor force survey. In the absence of a labor force survey, a population census and/or other type of household survey with an appropriate employment module may be used to obtain the required data.
Statistical concept(s): For the purposes of these indicators, persons will be considered in education if they are in formal or non-formal education, but excluding informal learning.







Employment comprises all persons of working age who during a specified brief period, such as one week or one day, were in the following categories: a) paid employment (whether at work or with a job but not at work); or b) self-employment (whether at work or with an enterprise but not at work). 







Persons are considered to be in training if they are in a nonacademic learning activity through which they acquire specific skills intended for vocational or technical jobs. Vocational training prepares trainees for jobs that are based on manual or practical activities, and for skilled operative jobs, both blue and white collar related to a specific trade, occupation or vocation. Technical training on the other hand imparts learning that can be applied in intermediate-level jobs, in particular those of technicians and middle managers. The coverage of vocational and technical training includes only programmes that are solely school-based vocational and technical training. Employer-based training is, by definition, excluded from the scope of this indicator.","Unemployment and total employment are the broadest indicators of economic activity as reflected by the labor market. The International Labour Organization(ILO) defines the unemployed as members of the economically active population who are without work but available for and seeking work, including people who have lost their jobs or who have voluntarily left work. Some unemployment is unavoidable. At any time some workers are temporarily unemployed - between jobs as employers look for the right workers and workers search for better jobs. Such unemployment, often called frictional unemployment, results from the normal operation of labor markets.







Youth unemployment is an important policy issue for many economies. Young men and women today face increasing uncertainty in their hopes of undergoing a satisfactory transition in the labour market, and this uncertainty and disillusionment can, in turn, have damaging effects on individuals, communities, economies and society at large. Unemployed or underemployed youth are less able to contribute effectively to national development and have fewer opportunities to exercise their rights as citizens. They have less to spend as consumers, less to invest as savers and often have no "voice" to bring about change in their lives and communities. Widespread youth unemployment and underemployment also prevents companies and countries from innovating and developing competitive advantages based on human capital investment, thus undermining future prospects.







The NEET group is particularly at risk of both labour market and social exclusion, because this group is neither improving their future employability through investment in skills nor gaining experience through employment, . In addition, the NEET group is already in a disadvantaged position due to lower levels of education and lower household incomes. In view of the fact that the NEET group includes unemployed youth as well as economically inactive youth, the NEET rate provides important complementary information to labour force participation rates and unemployment rates. For example, if youth participation rates decrease during an economic downturn due to discouragement, this may be reflected in an upward movement in the NEET rate. More generally, a high NEET rate and a low youth unemployment may indicate significant discouragement of young people. A high NEET rate for young women suggests their engagement in household chores, and/or the presence of strong institutional barriers limiting female participation in labour markets.","When differing from international standards, the operational criteria used to define employment and the participation in education or training will naturally affect the comparability of the resulting statistics, as will the coverage of the source of statistics (geographical coverage, population coverage, age coverage, etc.). NEET rates are calculated preferably for youth defined as persons aged 15 to 24, but when studying these rates it is important to keep in mind that not all persons complete their education by the age of 24.",,https://datacatalog.worldbank.org/int/public-licenses#cc-by
SL.UEM.NEET.MA.ZS,CC BY-4.0,"Share of youth not in education, employment or training, male (% of male youth population)","The share of youth not in education, employment or training (also known as “the NEET rate”) conveys the number of young persons not in education, employment or training as a percentage of the total youth population. Youth not in education are those who were neither enrolled in school nor in a formal training program (e.g. vocational training). For the purposes of this indicator, youth is defined as all persons between the ages of 15 and 24 (inclusive).","Labour Force Statistics database (LFS), International Labour Organization (ILO), uri: https://ilostat.ilo.org/data/bulk/, publisher: ILOSTAT, type: external database, date accessed: June 22, 2026",Social Protection & Labor: Unemployment,WB_WDI,% of male youth population,Annual,1970-2025,Weighted average,"Methodology: The youth NEET rate is calculated as follows: NEET rate = (Youth – Youth in employment – Youth not in employment but in education or training) / Youth x 100.  


It is important to note here that youth both in employment and education or training simultaneously should not be double counted when subtracted from the total number of youth. The formula can also be expressed as: NEET rate =  [(Unemployed youth + Youth outside the labor force) – (Unemployed youth in education or training + Youth outside the labor force in education or training)]  / Youth x 100. 





The calculation of this indicator requires having reliable information on both the labor market status and the participation in education or training of youth. The quality of such information is heavily dependent on the questionnaire design, the sample size and design and the accuracy of respondents' answers. To avoid misinterpreting this indicator, it is important to bear in mind that it is composed of two different sub-groups (unemployed youth not in education or training and youth outside the labor force not in education or training). The prevalence and composition of each sub-group would have policy implications, and thus should also be considered when analyzing the NEET rate.





The preferred official national data source for this indicator is a household-based labor force survey. In the absence of a labor force survey, a population census and/or other type of household survey with an appropriate employment module may be used to obtain the required data.
Statistical concept(s): For the purposes of these indicators, persons will be considered in education if they are in formal or non-formal education, but excluding informal learning.





Employment comprises all persons of working age who during a specified brief period, such as one week or one day, were in the following categories: a) paid employment (whether at work or with a job but not at work); or b) self-employment (whether at work or with an enterprise but not at work). 





Persons are considered to be in training if they are in a nonacademic learning activity through which they acquire specific skills intended for vocational or technical jobs. Vocational training prepares trainees for jobs that are based on manual or practical activities, and for skilled operative jobs, both blue and white collar related to a specific trade, occupation or vocation. Technical training on the other hand imparts learning that can be applied in intermediate-level jobs, in particular those of technicians and middle managers. The coverage of vocational and technical training includes only programmes that are solely school-based vocational and technical training. Employer-based training is, by definition, excluded from the scope of this indicator.","Unemployment and total employment are the broadest indicators of economic activity as reflected by the labor market. The International Labour Organization(ILO) defines the unemployed as members of the economically active population who are without work but available for and seeking work, including people who have lost their jobs or who have voluntarily left work. Some unemployment is unavoidable. At any time some workers are temporarily unemployed - between jobs as employers look for the right workers and workers search for better jobs. Such unemployment, often called frictional unemployment, results from the normal operation of labor markets.





Youth unemployment is an important policy issue for many economies. Young men and women today face increasing uncertainty in their hopes of undergoing a satisfactory transition in the labour market, and this uncertainty and disillusionment can, in turn, have damaging effects on individuals, communities, economies and society at large. Unemployed or underemployed youth are less able to contribute effectively to national development and have fewer opportunities to exercise their rights as citizens. They have less to spend as consumers, less to invest as savers and often have no "voice" to bring about change in their lives and communities. Widespread youth unemployment and underemployment also prevents companies and countries from innovating and developing competitive advantages based on human capital investment, thus undermining future prospects.





The NEET group is particularly at risk of both labour market and social exclusion, because this group is neither improving their future employability through investment in skills nor gaining experience through employment, . In addition, the NEET group is already in a disadvantaged position due to lower levels of education and lower household incomes. In view of the fact that the NEET group includes unemployed youth as well as economically inactive youth, the NEET rate provides important complementray information to labour force participation rates and unemploymenent rates. For example, if youth participation rates decrease during an economic downturn due to discouragement, this may be reflected in an upward movement in the NEET rate. More generally, a high NEET rate and a low youth unemployment may indicate significant discouragement of young people. A high NEET rate for young women suggests their engagement in household chores, and/or the presence of strong institutional barriers limiting female participation in labour markets.","When differing from international standards, the operational criteria used to define employment and the participation in education or training will naturally affect the comparability of the resulting statistics, as will the coverage of the source of statistics (geographical coverage, population coverage, age coverage, etc.). NEET rates are calculated preferably for youth defined as persons aged 15 to 24, but when studying these rates it is important to keep in mind that not all persons complete their education by the age of 24.",,https://datacatalog.worldbank.org/int/public-licenses#cc-by
SL.UEM.NEET.ZS,CC BY-4.0,"Share of youth not in education, employment or training, total (% of youth population)","The share of youth not in education, employment or training (also known as “the NEET rate”) conveys the number of young persons not in education, employment or training as a percentage of the total youth population. Youth not in education are those who were neither enrolled in school nor in a formal training program (e.g. vocational training). For the purposes of this indicator, youth is defined as all persons between the ages of 15 and 24 (inclusive).","Labour Force Statistics database (LFS), International Labour Organization (ILO), uri: https://ilostat.ilo.org/data/bulk/, publisher: ILOSTAT, type: external database, date accessed: June 22, 2026",Social Protection & Labor: Unemployment,WB_WDI,% of youth population,Annual,1970-2025,Weighted average,"Methodology: The youth NEET rate is calculated as follows: NEET rate = (Youth – Youth in employment – Youth not in employment but in education or training) / Youth x 100.  


It is important to note here that youth both in employment and education or training simultaneously should not be double counted when subtracted from the total number of youth. The formula can also be expressed as: NEET rate =  [(Unemployed youth + Youth outside the labor force) – (Unemployed youth in education or training + Youth outside the labor force in education or training)]  / Youth x 100. 





The calculation of this indicator requires having reliable information on both the labor market status and the participation in education or training of youth. The quality of such information is heavily dependent on the questionnaire design, the sample size and design and the accuracy of respondents' answers. To avoid misinterpreting this indicator, it is important to bear in mind that it is composed of two different sub-groups (unemployed youth not in education or training and youth outside the labor force not in education or training). The prevalence and composition of each sub-group would have policy implications, and thus should also be considered when analyzing the NEET rate.





The preferred official national data source for this indicator is a household-based labor force survey. In the absence of a labor force survey, a population census and/or other type of household survey with an appropriate employment module may be used to obtain the required data.
Statistical concept(s): For the purposes of these indicators, persons will be considered in education if they are in formal or non-formal education, but excluding informal learning.





Employment comprises all persons of working age who during a specified brief period, such as one week or one day, were in the following categories: a) paid employment (whether at work or with a job but not at work); or b) self-employment (whether at work or with an enterprise but not at work). 





Persons are considered to be in training if they are in a nonacademic learning activity through which they acquire specific skills intended for vocational or technical jobs. Vocational training prepares trainees for jobs that are based on manual or practical activities, and for skilled operative jobs, both blue and white collar related to a specific trade, occupation or vocation. Technical training on the other hand imparts learning that can be applied in intermediate-level jobs, in particular those of technicians and middle managers. The coverage of vocational and technical training includes only programmes that are solely school-based vocational and technical training. Employer-based training is, by definition, excluded from the scope of this indicator.","Unemployment and total employment are the broadest indicators of economic activity as reflected by the labor market. The International Labour Organization(ILO) defines the unemployed as members of the economically active population who are without work but available for and seeking work, including people who have lost their jobs or who have voluntarily left work. Some unemployment is unavoidable. At any time some workers are temporarily unemployed - between jobs as employers look for the right workers and workers search for better jobs. Such unemployment, often called frictional unemployment, results from the normal operation of labor markets.





Youth unemployment is an important policy issue for many economies. Young men and women today face increasing uncertainty in their hopes of undergoing a satisfactory transition in the labour market, and this uncertainty and disillusionment can, in turn, have damaging effects on individuals, communities, economies and society at large. Unemployed or underemployed youth are less able to contribute effectively to national development and have fewer opportunities to exercise their rights as citizens. They have less to spend as consumers, less to invest as savers and often have no "voice" to bring about change in their lives and communities. Widespread youth unemployment and underemployment also prevents companies and countries from innovating and developing competitive advantages based on human capital investment, thus undermining future prospects.





The NEET group is particularly at risk of both labour market and social exclusion, because this group is neither improving their future employability through investment in skills nor gaining experience through employment, . In addition, the NEET group is already in a disadvantaged position due to lower levels of education and lower household incomes. In view of the fact that the NEET group includes unemployed youth as well as economically inactive youth, the NEET rate provides important complementary information to labour force participation rates and unemployment rates. For example, if youth participation rates decrease during an economic downturn due to discouragement, this may be reflected in an upward movement in the NEET rate. More generally, a high NEET rate and a low youth unemployment may indicate significant discouragement of young people. A high NEET rate for young women suggests their engagement in household chores, and/or the presence of strong institutional barriers limiting female participation in labour markets.","When differing from international standards, the operational criteria used to define employment and the participation in education or training will naturally affect the comparability of the resulting statistics, as will the coverage of the source of statistics (geographical coverage, population coverage, age coverage, etc.). NEET rates are calculated preferably for youth defined as persons aged 15 to 24, but when studying these rates it is important to keep in mind that not all persons complete their education by the age of 24.",,https://datacatalog.worldbank.org/int/public-licenses#cc-by
SE.PRM.UNER.ZS,CC BY-4.0,Children out of school (% of primary school age),Children out of school are the percentage of primary-school-age children who are not enrolled in primary or secondary school. Children in the official primary age group that are in preprimary education should be considered out of school.,"Data API, UN Educational, Scientific and Cultural Organization (UNESCO), uri: https://databrowser.uis.unesco.org/resources, note: The data are obtained through the UIS API.  Detailed documentation is available at: https://api.uis.unesco.org/api/public/documentation/, publisher: UNESCO Institute for Statistics (UIS), type: Bulk file (csv), date accessed: 2026-03-19, date published: 2026-02",Education: Participation,WB_WDI,% of children in primary school age,Annual,1970-2025,Weighted average,"Methodology: The rate of out-of-school children allows to compare across countries with different population sizes. It shows the share of official primary-school-age children who never attended school or dropped out to the population of official primary school age.























Data on education are collected by the UNESCO Institute for Statistics from official responses to its annual education survey. All the data are mapped to the International Standard Classification of Education (ISCED) to ensure the comparability of education programs at the international level. The current version was formally adopted by UNESCO Member States in 2011. Population data are drawn from the United Nations Population Division. Using a single source for population data standardizes definitions, estimations, and interpolation methods, ensuring a consistent methodology across countries and minimizing potential enumeration problems in national censuses. The reference years reflect the school year for which the data are presented. In some countries the school year spans two calendar years (for example, from September 2010 to June 2011); in these cases the reference year refers to the year in which the school year ended (2011 in the example).
Statistical concept(s): This indicator measures the proportion of the population within the official age range for a specific educational level who are not currently enrolled in school. The data aids in identifying these individuals to tailor targeted interventions and formulate effective policies, ensuring that all children have the opportunity to attend school. It encompasses children who have never attended school, those who may enroll at a later age, and those who have started education but did not continue to the expected age of completion for the specified level.","Ensuring access to education is fundamental to social and economic advancement, aligning with the global development agenda. The out-of-school rate serves as a critical metric within the Sustainable Development Goal 4 framework, providing a measure to evaluate progress toward achieving universal education. This rate, alongside the number of out-of-school children and adolescents, highlights the urgency to enhance educational accessibility.","The administrative data used in the calculation of the rate of out-of-school children are based on enrolment at a specific date which can bias the results by either counting enrolled children who never attend school or by omitting those who enroll after the reference date for reporting enrolment data. Furthermore, children who drop out of school after the reference date are not counted as out of school. Discrepancies between enrolment and population data from different sources can also result in over- or underestimates of the rate. Lastly, the international comparability of this indicator can be affected by the use of different concepts of enrolment and out-of-school children across countries.",,https://datacatalog.worldbank.org/int/public-licenses#cc-by
SE.PRM.UNER.FE.ZS,CC BY-4.0,"Children out of school, female (% of female primary school age)",Children out of school are the percentage of primary-school-age children who are not enrolled in primary or secondary school. Children in the official primary age group that are in preprimary education should be considered out of school.,"Data API, UN Educational, Scientific and Cultural Organization (UNESCO), uri: https://databrowser.uis.unesco.org/resources, note: The data are obtained through the UIS API.  Detailed documentation is available at: https://api.uis.unesco.org/api/public/documentation/, publisher: UNESCO Institute for Statistics (UIS), type: Bulk file (csv), date accessed: 2026-03-19, date published: 2026-02",Education: Participation,WB_WDI,% of female children in primary school age,Annual,1970-2025,Weighted average,"Methodology: The rate of out-of-school children allows to compare across countries with different population sizes. It shows the share of official primary-school-age children who never attended school or dropped out to the population of official primary school age.





















Data on education are collected by the UNESCO Institute for Statistics from official responses to its annual education survey. All the data are mapped to the International Standard Classification of Education (ISCED) to ensure the comparability of education programs at the international level. The current version was formally adopted by UNESCO Member States in 2011. Population data are drawn from the United Nations Population Division. Using a single source for population data standardizes definitions, estimations, and interpolation methods, ensuring a consistent methodology across countries and minimizing potential enumeration problems in national censuses. The reference years reflect the school year for which the data are presented. In some countries the school year spans two calendar years (for example, from September 2010 to June 2011); in these cases the reference year refers to the year in which the school year ended (2011 in the example).
Statistical concept(s): This indicator measures the proportion of the population within the official age range for a specific educational level who are not currently enrolled in school. The data aids in identifying these individuals to tailor targeted interventions and formulate effective policies, ensuring that all children have the opportunity to attend school. It encompasses children who have never attended school, those who may enroll at a later age, and those who have started education but did not continue to the expected age of completion for the specified level.","Ensuring access to education is fundamental to social and economic advancement, aligning with the global development agenda. The out-of-school rate serves as a critical metric within the Sustainable Development Goal 4 framework, providing a measure to evaluate progress toward achieving universal education. This rate, alongside the number of out-of-school children and adolescents, highlights the urgency to enhance educational accessibility.","The administrative data used in the calculation of the rate of out-of-school children are based on enrolment at a specific date which can bias the results by either counting enrolled children who never attend school or by omitting those who enroll after the reference date for reporting enrolment data. Furthermore, children who drop out of school after the reference date are not counted as out of school. Discrepancies between enrolment and population data from different sources can also result in over- or underestimates of the rate. Lastly, the international comparability of this indicator can be affected by the use of different concepts of enrolment and out-of-school children across countries.",,https://datacatalog.worldbank.org/int/public-licenses#cc-by
SE.PRM.UNER.MA.ZS,CC BY-4.0,"Children out of school, male (% of male primary school age)",Children out of school are the percentage of primary-school-age children who are not enrolled in primary or secondary school. Children in the official primary age group that are in preprimary education should be considered out of school.,"Data API, UN Educational, Scientific and Cultural Organization (UNESCO), uri: https://databrowser.uis.unesco.org/resources, note: The data are obtained through the UIS API.  Detailed documentation is available at: https://api.uis.unesco.org/api/public/documentation/, publisher: UNESCO Institute for Statistics (UIS), type: Bulk file (csv), date accessed: 2026-03-19, date published: 2026-02",Education: Participation,WB_WDI,% of male children in primary school age,Annual,1970-2025,Weighted average,"Methodology: The rate of out-of-school children allows to compare across countries with different population sizes. It shows the share of official primary-school-age children who never attended school or dropped out to the population of official primary school age.























Data on education are collected by the UNESCO Institute for Statistics from official responses to its annual education survey. All the data are mapped to the International Standard Classification of Education (ISCED) to ensure the comparability of education programs at the international level. The current version was formally adopted by UNESCO Member States in 2011. Population data are drawn from the United Nations Population Division. Using a single source for population data standardizes definitions, estimations, and interpolation methods, ensuring a consistent methodology across countries and minimizing potential enumeration problems in national censuses. The reference years reflect the school year for which the data are presented. In some countries the school year spans two calendar years (for example, from September 2010 to June 2011); in these cases the reference year refers to the year in which the school year ended (2011 in the example).
Statistical concept(s): This indicator measures the proportion of the population within the official age range for a specific educational level who are not currently enrolled in school. The data aids in identifying these individuals to tailor targeted interventions and formulate effective policies, ensuring that all children have the opportunity to attend school. It encompasses children who have never attended school, those who may enroll at a later age, and those who have started education but did not continue to the expected age of completion for the specified level.","Ensuring access to education is fundamental to social and economic advancement, aligning with the global development agenda. The out-of-school rate serves as a critical metric within the Sustainable Development Goal 4 framework, providing a measure to evaluate progress toward achieving universal education. This rate, alongside the number of out-of-school children and adolescents, highlights the urgency to enhance educational accessibility.","The administrative data used in the calculation of the rate of out-of-school children are based on enrolment at a specific date which can bias the results by either counting enrolled children who never attend school or by omitting those who enroll after the reference date for reporting enrolment data. Furthermore, children who drop out of school after the reference date are not counted as out of school. Discrepancies between enrolment and population data from different sources can also result in over- or underestimates of the rate. Lastly, the international comparability of this indicator can be affected by the use of different concepts of enrolment and out-of-school children across countries.",,https://datacatalog.worldbank.org/int/public-licenses#cc-by
SE.PRM.UNER,CC BY-4.0,"Children out of school, primary",Children out of school are the number of primary-school-age children not enrolled in primary or secondary school.,"Data API, UN Educational, Scientific and Cultural Organization (UNESCO), uri: https://databrowser.uis.unesco.org/resources, note: The data are obtained through the UIS API.  Detailed documentation is available at: https://api.uis.unesco.org/api/public/documentation/, publisher: UNESCO Institute for Statistics (UIS), type: Bulk file (csv), date accessed: 2026-03-19, date published: 2026-02",Education: Participation,WB_WDI,Number,Annual,1970-2025,Sum,"Methodology: The number of out-of-school children is calculated by subtracting the number of primary school-age children enrolled in primary or secondary school from the total population of the official primary school-age children. 





















Data on education are collected by the UNESCO Institute for Statistics from official responses to its annual education survey. All the data are mapped to the International Standard Classification of Education (ISCED) to ensure the comparability of education programs at the international level. The current version was formally adopted by UNESCO Member States in 2011. Population data are drawn from the United Nations Population Division. Using a single source for population data standardizes definitions, estimations, and interpolation methods, ensuring a consistent methodology across countries and minimizing potential enumeration problems in national censuses.





















The reference years reflect the school year for which the data are presented. In some countries the school year spans two calendar years (for example, from September 2010 to June 2011); in these cases the reference year refers to the year in which the school year ended (2011 in the example).
Statistical concept(s): This indicator measures the population of children within the official age range for a specific educational level who are not currently enrolled in school. The data aids in identifying these individuals to tailor targeted interventions and formulate effective policies, ensuring that all children have the opportunity to attend school. It encompasses children who have never attended school, those who may enroll at a later age, and those who have started education but did not continue to the expected age of completion for the specified level.","Ensuring access to education is fundamental to social and economic advancement, aligning with the global development agenda. The out-of-school rate serves as a critical metric within the Sustainable Development Goal 4 framework, providing a measure to evaluate progress toward achieving universal education. This rate, alongside the number of out-of-school children and adolescents, highlights the urgency to enhance educational accessibility.","Due to different data sources for enrollment and population data, the number may not capture the actual number of children not attending in primary school.",,https://datacatalog.worldbank.org/int/public-licenses#cc-by
SE.PRM.UNER.FE,CC BY-4.0,"Children out of school, primary, female",Children out of school are the number of primary-school-age children not enrolled in primary or secondary school.,"Data API, UN Educational, Scientific and Cultural Organization (UNESCO), uri: https://databrowser.uis.unesco.org/resources, note: The data are obtained through the UIS API.  Detailed documentation is available at: https://api.uis.unesco.org/api/public/documentation/, publisher: UNESCO Institute for Statistics (UIS), type: Bulk file (csv), date accessed: 2026-03-19, date published: 2026-02",Education: Participation,WB_WDI,Number,Annual,1970-2025,Sum,"Methodology: The number of out-of-school children is calculated by subtracting the number of primary school-age children enrolled in primary or secondary school from the total population of the official primary school-age children. 























Data on education are collected by the UNESCO Institute for Statistics from official responses to its annual education survey. All the data are mapped to the International Standard Classification of Education (ISCED) to ensure the comparability of education programs at the international level. The current version was formally adopted by UNESCO Member States in 2011. Population data are drawn from the United Nations Population Division. Using a single source for population data standardizes definitions, estimations, and interpolation methods, ensuring a consistent methodology across countries and minimizing potential enumeration problems in national censuses.























The reference years reflect the school year for which the data are presented. In some countries the school year spans two calendar years (for example, from September 2010 to June 2011); in these cases the reference year refers to the year in which the school year ended (2011 in the example).
Statistical concept(s): This indicator measures the population of children within the official age range for a specific educational level who are not currently enrolled in school. The data aids in identifying these individuals to tailor targeted interventions and formulate effective policies, ensuring that all children have the opportunity to attend school. It encompasses children who have never attended school, those who may enroll at a later age, and those who have started education but did not continue to the expected age of completion for the specified level.","Ensuring access to education is fundamental to social and economic advancement, aligning with the global development agenda. The out-of-school rate serves as a critical metric within the Sustainable Development Goal 4 framework, providing a measure to evaluate progress toward achieving universal education. This rate, alongside the number of out-of-school children and adolescents, highlights the urgency to enhance educational accessibility.","Due to different data sources for enrollment and population data, the number may not capture the actual number of children not attending in primary school.",,https://datacatalog.worldbank.org/int/public-licenses#cc-by
SE.PRM.UNER.MA,CC BY-4.0,"Children out of school, primary, male",Children out of school are the number of primary-school-age children not enrolled in primary or secondary school.,"Data API, UN Educational, Scientific and Cultural Organization (UNESCO), uri: https://databrowser.uis.unesco.org/resources, note: The data are obtained through the UIS API.  Detailed documentation is available at: https://api.uis.unesco.org/api/public/documentation/, publisher: UNESCO Institute for Statistics (UIS), type: Bulk file (csv), date accessed: 2026-03-19, date published: 2026-02",Education: Participation,WB_WDI,Number,Annual,1970-2025,Sum,"Methodology: The number of out-of-school children is calculated by subtracting the number of primary school-age children enrolled in primary or secondary school from the total population of the official primary school-age children. 























Data on education are collected by the UNESCO Institute for Statistics from official responses to its annual education survey. All the data are mapped to the International Standard Classification of Education (ISCED) to ensure the comparability of education programs at the international level. The current version was formally adopted by UNESCO Member States in 2011. Population data are drawn from the United Nations Population Division. Using a single source for population data standardizes definitions, estimations, and interpolation methods, ensuring a consistent methodology across countries and minimizing potential enumeration problems in national censuses.























The reference years reflect the school year for which the data are presented. In some countries the school year spans two calendar years (for example, from September 2010 to June 2011); in these cases the reference year refers to the year in which the school year ended (2011 in the example).
Statistical concept(s): This indicator measures the population of children within the official age range for a specific educational level who are not currently enrolled in school. The data aids in identifying these individuals to tailor targeted interventions and formulate effective policies, ensuring that all children have the opportunity to attend school. It encompasses children who have never attended school, those who may enroll at a later age, and those who have started education but did not continue to the expected age of completion for the specified level.","Ensuring access to education is fundamental to social and economic advancement, aligning with the global development agenda. The out-of-school rate serves as a critical metric within the Sustainable Development Goal 4 framework, providing a measure to evaluate progress toward achieving universal education. This rate, alongside the number of out-of-school children and adolescents, highlights the urgency to enhance educational accessibility.","Due to different data sources for enrollment and population data, the number may not capture the actual number of children not attending in primary school.",,https://datacatalog.worldbank.org/int/public-licenses#cc-by
SL.UEM.1524.FE.NE.ZS,CC BY-4.0,"Unemployment, youth female (% of female labor force ages 15-24) (national estimate)",Youth unemployment refers to the share of the labor force ages 15-24 without work but available for and seeking employment. Definitions of labor force and unemployment differ by country.,"Labour Force Statistics database (LFS), International Labour Organization (ILO), uri: https://ilostat.ilo.org/data/bulk/, publisher: ILOSTAT, type: external database, date accessed: June 22, 2026",Social Protection & Labor: Unemployment,WB_WDI,% of female labor force ages 15-24,Annual,1960-2025,Weighted average,"Methodology: The unemployment rate is calculated by expressing the number of unemployed persons as a percentage of the total number of persons in the labor force. The labor force (formerly known as the economically active population) is the sum of the number of persons employed and the number of persons unemployed. 





Household labor force surveys are generally the most comprehensive and comparable sources for unemployment statistics. Other possible sources include population censuses and official estimates. Administrative records such as employment office records and social insurance statistics are also sources of unemployment statistics; however, coverage in such sources is limited to “registered unemployed” only.
Statistical concept(s): The unemployed comprise all persons of working age who were: a) without work during the reference period, i.e. were not in paid employment or self-employment; b) currently available for work, i.e. were available for paid employment or self-employment during the reference period; and c) seeking work, i.e. had taken specific steps in a specified recent period to seek paid employment or self-employment. Future starters, that is, persons who did not look for work but have a future labor market stake (made arrangements for a future job start) are also counted as unemployed, as are participants in skills training or retraining schemes within employment promotion programs, who on that basis, were “not in employment”, not “currently available” and did not “seek employment” because they had a job offer to start within a short subsequent period generally not greater than three months. The unemployed also include persons “not in employment” who carried out activities to migrate abroad in order to work for pay or profit but who were still waiting for the opportunity to leave.





Employment comprises all persons of working age who during a specified brief period, such as one week or one day, were in the following categories: a) paid employment (whether at work or with a job but not at work); or b) self-employment (whether at work or with an enterprise but not at work).


The working-age population is the population above the legal working age, but for statistical purposes it comprises all persons above a specified minimum age threshold for which an inquiry on economic activity is made. To promote international comparability, the working-age population is often defined as all persons aged 15 and older, but this may vary from country to country based on national laws and practices (some countries also apply an upper age limit).","The unemployment rate is a useful measure of the underutilization of the labor supply. It reflects the inability of an economy to generate employment for those persons who want to work but are not doing so, even though they are available for employment and actively seeking work. It is thus seen as an indicator of the efficiency and effectiveness of an economy to absorb its labor force and of the performance of the labor market.





Given its usefulness in conveying valuable information on a country’s labor market situation and the fact that it is widely recognized as a headline labor market indicator, it was included as one of the indicators to measure progress towards the achievement of the Sustainable Development Goals (SDG), under Goal 8 (Promote sustained, inclusive and sustainable economic growth, full and productive employment and decent work for all).





Youth unemployment is an important policy issue for many economies. Young men and women today face increasing uncertainty in their hopes of undergoing a satisfactory transition in the labour market, and this uncertainty and disillusionment can, in turn, have damaging effects on individuals, communities, economies and society at large. Unemployed or underemployed youth are less able to contribute effectively to national development and have fewer opportunities to exercise their rights as citizens. They have less to spend as consumers, less to invest as savers and often have no "voice" to bring about change in their lives and communities. Widespread youth unemployment and underemployment also prevents companies and countries from innovating and developing competitive advantages based on human capital investment, thus undermining future prospects.","The criteria for people considered to be seeking work, and the treatment of people temporarily laid off or seeking work for the first time, vary across countries. In many cases it is especially difficult to measure employment and unemployment in agriculture. The timing of a survey can maximize the effects of seasonal unemployment in agriculture. And informal sector employment is difficult to quantify where informal activities are not tracked.





There may be also persons not currently in the labour market who want to work but do not actively "seek" work because they view job opportunities as limited, or because they have restricted labour mobility, or face discrimination, or structural, social or cultural barriers. The exclusion of people who want to work but are not seeking work (often called the "hidden unemployed" or "discouraged workers") is a criterion that will affect the unemployment count of both women and men. 





However, women tend to be excluded from the count for various reasons. Women suffer more from discrimination and from structural, social, and cultural barriers that impede them from seeking work. Also, women are often responsible for the care of children and the elderly and for household affairs. They may not be available for work during the short reference period, as they need to make arrangements before starting work. Further, women are considered to be employed when they are working part-time or in temporary jobs, despite the instability of these jobs or their active search for more secure employment.",The series for ILO estimates is also available in the WDI database. Caution should be used when comparing ILO estimates with national estimates.,https://datacatalog.worldbank.org/int/public-licenses#cc-by
SL.UEM.1524.MA.NE.ZS,CC BY-4.0,"Unemployment, youth male (% of male labor force ages 15-24) (national estimate)",Youth unemployment refers to the share of the labor force ages 15-24 without work but available for and seeking employment. Definitions of labor force and unemployment differ by country.,"Labour Force Statistics database (LFS), International Labour Organization (ILO), uri: https://ilostat.ilo.org/data/bulk/, publisher: ILOSTAT, type: external database, date accessed: June 22, 2026",Social Protection & Labor: Unemployment,WB_WDI,% of male labor force ages 15-24,Annual,1960-2025,Weighted average,"Methodology: The unemployment rate is calculated by expressing the number of unemployed persons as a percentage of the total number of persons in the labor force. The labor force (formerly known as the economically active population) is the sum of the number of persons employed and the number of persons unemployed. 



Household labor force surveys are generally the most comprehensive and comparable sources for unemployment statistics. Other possible sources include population censuses and official estimates. Administrative records such as employment office records and social insurance statistics are also sources of unemployment statistics; however, coverage in such sources is limited to “registered unemployed” only.
Statistical concept(s): The unemployed comprise all persons of working age who were: a) without work during the reference period, i.e. were not in paid employment or self-employment; b) currently available for work, i.e. were available for paid employment or self-employment during the reference period; and c) seeking work, i.e. had taken specific steps in a specified recent period to seek paid employment or self-employment. Future starters, that is, persons who did not look for work but have a future labor market stake (made arrangements for a future job start) are also counted as unemployed, as are participants in skills training or retraining schemes within employment promotion programs, who on that basis, were “not in employment”, not “currently available” and did not “seek employment” because they had a job offer to start within a short subsequent period generally not greater than three months. The unemployed also include persons “not in employment” who carried out activities to migrate abroad in order to work for pay or profit but who were still waiting for the opportunity to leave.



Employment comprises all persons of working age who during a specified brief period, such as one week or one day, were in the following categories: a) paid employment (whether at work or with a job but not at work); or b) self-employment (whether at work or with an enterprise but not at work).

The working-age population is the population above the legal working age, but for statistical purposes it comprises all persons above a specified minimum age threshold for which an inquiry on economic activity is made. To promote international comparability, the working-age population is often defined as all persons aged 15 and older, but this may vary from country to country based on national laws and practices (some countries also apply an upper age limit).","The unemployment rate is a useful measure of the underutilization of the labor supply. It reflects the inability of an economy to generate employment for those persons who want to work but are not doing so, even though they are available for employment and actively seeking work. It is thus seen as an indicator of the efficiency and effectiveness of an economy to absorb its labor force and of the performance of the labor market.



Given its usefulness in conveying valuable information on a country’s labor market situation and the fact that it is widely recognized as a headline labor market indicator, it was included as one of the indicators to measure progress towards the achievement of the Sustainable Development Goals (SDG), under Goal 8 (Promote sustained, inclusive and sustainable economic growth, full and productive employment and decent work for all).



Youth unemployment is an important policy issue for many economies. Young men and women today face increasing uncertainty in their hopes of undergoing a satisfactory transition in the labour market, and this uncertainty and disillusionment can, in turn, have damaging effects on individuals, communities, economies and society at large. Unemployed or underemployed youth are less able to contribute effectively to national development and have fewer opportunities to exercise their rights as citizens. They have less to spend as consumers, less to invest as savers and often have no "voice" to bring about change in their lives and communities. Widespread youth unemployment and underemployment also prevents companies and countries from innovating and developing competitive advantages based on human capital investment, thus undermining future prospects.","The criteria for people considered to be seeking work, and the treatment of people temporarily laid off or seeking work for the first time, vary across countries. In many cases it is especially difficult to measure employment and unemployment in agriculture. The timing of a survey can maximize the effects of seasonal unemployment in agriculture. And informal sector employment is difficult to quantify where informal activities are not tracked.

There may be also persons not currently in the labour market who want to work but do not actively "seek" work because they view job opportunities as limited, or because they have restricted labour mobility, or face discrimination, or structural, social or cultural barriers. The exclusion of people who want to work but are not seeking work (often called the "hidden unemployed" or "discouraged workers") is a criterion that will affect the unemployment count of both women and men. 

However, women tend to be excluded from the count for various reasons. Women suffer more from discrimination and from structural, social, and cultural barriers that impede them from seeking work. Also, women are often responsible for the care of children and the elderly and for household affairs. They may not be available for work during the short reference period, as they need to make arrangements before starting work. Further, women are considered to be employed when they are working part-time or in temporary jobs, despite the instability of these jobs or their active search for more secure employment.",The series for ILO estimates is also available in the WDI database. Caution should be used when comparing ILO estimates with national estimates.,https://datacatalog.worldbank.org/int/public-licenses#cc-by
SL.UEM.1524.NE.ZS,CC BY-4.0,"Unemployment, youth total (% of total labor force ages 15-24) (national estimate)",Youth unemployment refers to the share of the labor force ages 15-24 without work but available for and seeking employment. Definitions of labor force and unemployment differ by country.,"Labour Force Statistics database (LFS), International Labour Organization (ILO), uri: https://ilostat.ilo.org/data/bulk/, publisher: ILOSTAT, type: external database, date accessed: June 22, 2026",Social Protection & Labor: Unemployment,WB_WDI,% of total labor force ages 15-24,Annual,1960-2025,Weighted average,"Methodology: The unemployment rate is calculated by expressing the number of unemployed persons as a percentage of the total number of persons in the labor force. The labor force (formerly known as the economically active population) is the sum of the number of persons employed and the number of persons unemployed. 



Household labor force surveys are generally the most comprehensive and comparable sources for unemployment statistics. Other possible sources include population censuses and official estimates. Administrative records such as employment office records and social insurance statistics are also sources of unemployment statistics; however, coverage in such sources is limited to “registered unemployed” only.
Statistical concept(s): The unemployed comprise all persons of working age who were: a) without work during the reference period, i.e. were not in paid employment or self-employment; b) currently available for work, i.e. were available for paid employment or self-employment during the reference period; and c) seeking work, i.e. had taken specific steps in a specified recent period to seek paid employment or self-employment. Future starters, that is, persons who did not look for work but have a future labor market stake (made arrangements for a future job start) are also counted as unemployed, as are participants in skills training or retraining schemes within employment promotion programs, who on that basis, were “not in employment”, not “currently available” and did not “seek employment” because they had a job offer to start within a short subsequent period generally not greater than three months. The unemployed also include persons “not in employment” who carried out activities to migrate abroad in order to work for pay or profit but who were still waiting for the opportunity to leave.



Employment comprises all persons of working age who during a specified brief period, such as one week or one day, were in the following categories: a) paid employment (whether at work or with a job but not at work); or b) self-employment (whether at work or with an enterprise but not at work).

The working-age population is the population above the legal working age, but for statistical purposes it comprises all persons above a specified minimum age threshold for which an inquiry on economic activity is made. To promote international comparability, the working-age population is often defined as all persons aged 15 and older, but this may vary from country to country based on national laws and practices (some countries also apply an upper age limit).","The unemployment rate is a useful measure of the underutilization of the labor supply. It reflects the inability of an economy to generate employment for those persons who want to work but are not doing so, even though they are available for employment and actively seeking work. It is thus seen as an indicator of the efficiency and effectiveness of an economy to absorb its labor force and of the performance of the labor market.



Given its usefulness in conveying valuable information on a country’s labor market situation and the fact that it is widely recognized as a headline labor market indicator, it was included as one of the indicators to measure progress towards the achievement of the Sustainable Development Goals (SDG), under Goal 8 (Promote sustained, inclusive and sustainable economic growth, full and productive employment and decent work for all).



Youth unemployment is an important policy issue for many economies. Young men and women today face increasing uncertainty in their hopes of undergoing a satisfactory transition in the labour market, and this uncertainty and disillusionment can, in turn, have damaging effects on individuals, communities, economies and society at large. Unemployed or underemployed youth are less able to contribute effectively to national development and have fewer opportunities to exercise their rights as citizens. They have less to spend as consumers, less to invest as savers and often have no "voice" to bring about change in their lives and communities. Widespread youth unemployment and underemployment also prevents companies and countries from innovating and developing competitive advantages based on human capital investment, thus undermining future prospects.","The criteria for people considered to be seeking work, and the treatment of people temporarily laid off or seeking work for the first time, vary across countries. In many cases it is especially difficult to measure employment and unemployment in agriculture. The timing of a survey can maximize the effects of seasonal unemployment in agriculture. And informal sector employment is difficult to quantify where informal activities are not tracked.

There may be also persons not currently in the labour market who want to work but do not actively "seek" work because they view job opportunities as limited, or because they have restricted labour mobility, or face discrimination, or structural, social or cultural barriers. The exclusion of people who want to work but are not seeking work (often called the "hidden unemployed" or "discouraged workers") is a criterion that will affect the unemployment count of both women and men. 

However, women tend to be excluded from the count for various reasons. Women suffer more from discrimination and from structural, social, and cultural barriers that impede them from seeking work. Also, women are often responsible for the care of children and the elderly and for household affairs. They may not be available for work during the short reference period, as they need to make arrangements before starting work. Further, women are considered to be employed when they are working part-time or in temporary jobs, despite the instability of these jobs or their active search for more secure employment.",The series for ILO estimates is also available in the WDI database. Caution should be used when comparing ILO estimates with national estimates.,https://datacatalog.worldbank.org/int/public-licenses#cc-by
SE.PRM.CMPT.FE.ZS,CC BY-4.0,"Primary completion rate, female (% of relevant age group)","Primary completion rate, or gross intake ratio to the last grade of primary education, is the number of new entrants (enrollments minus repeaters) in the last grade of primary education, regardless of age, divided by the population at the entrance age for the last grade of primary education. Data limitations preclude adjusting for students who drop out during the final year of primary education.","Data API, UN Educational, Scientific and Cultural Organization (UNESCO), uri: https://databrowser.uis.unesco.org/resources, note: The data are obtained through the UIS API.  Detailed documentation is available at: https://api.uis.unesco.org/api/public/documentation/, publisher: UNESCO Institute for Statistics (UIS), date accessed: 2026-03-19, date published: 2026-02",Education: Outcomes,WB_WDI,% of relevant age group,Annual,1970-2025,Weighted average,"Methodology: Primary completion rate is calculated by dividing the number of new entrants (enrollment minus repeaters) in the last grade of primary education, regardless of age, by the population at the entrance age for the last grade of primary education and multiplying by 100. 





















Data on education are collected by the UNESCO Institute for Statistics from official responses to its annual education survey. All the data are mapped to the International Standard Classification of Education (ISCED) to ensure the comparability of education programs at the international level. The current version was formally adopted by UNESCO Member States in 2011. Population data are drawn from the United Nations Population Division. Using a single source for population data standardizes definitions, estimations, and interpolation methods, ensuring a consistent methodology across countries and minimizing potential enumeration problems in national censuses.





















The reference years reflect the school year for which the data are presented. In some countries the school year spans two calendar years (for example, from September 2010 to June 2011); in these cases the reference year refers to the year in which the school year ended (2011 in the example).
Statistical concept(s): The indicator represents the influence of policies regarding entry and progress through the initial stages of primary or lower secondary education on the completion of the terminal grade at the respective level. The presumption is that students who enroll in the final grade for the first time will successfully finish that grade, thereby completing the designated level of education.","Primary education lays the groundwork for acquiring essential literacy and numeracy skills, setting the stage for a robust learning journey and fostering overall personal and social growth.  SDG target 4.1 aims to ensure that all children complete free, equitable, and quality primary education.  This indicator holds significant relevance for policy-makers dedicated to enhancing children's educational access and engagement. It gauges the capacity of the education system to support a group of students from their expected entry age to the completion of all grades of primary education.","The data do not account for students who drop out during the final year of primary education. Therefore, this rate serves as a proxy and should be considered an upper estimate of the actual primary completion rate.











 

















There are many reasons why the primary completion rate can exceed 100 percent. The numerator may include late entrants and overage children who have repeated one or more grades of primary education as well as children who entered school early, while the denominator is the number of children at the entrance age for the last grade of primary education.",,https://datacatalog.worldbank.org/int/public-licenses#cc-by
SE.PRM.CMPT.MA.ZS,CC BY-4.0,"Primary completion rate, male (% of relevant age group)","Primary completion rate, or gross intake ratio to the last grade of primary education, is the number of new entrants (enrollments minus repeaters) in the last grade of primary education, regardless of age, divided by the population at the entrance age for the last grade of primary education. Data limitations preclude adjusting for students who drop out during the final year of primary education.","Data API, UN Educational, Scientific and Cultural Organization (UNESCO), uri: https://databrowser.uis.unesco.org/resources, note: The data are obtained through the UIS API.  Detailed documentation is available at: https://api.uis.unesco.org/api/public/documentation/, publisher: UNESCO Institute for Statistics (UIS), date accessed: 2026-03-19, date published: 2026-02",Education: Outcomes,WB_WDI,% of relevant age group,Annual,1970-2025,Weighted average,"Methodology: Primary completion rate is calculated by dividing the number of new entrants (enrollment minus repeaters) in the last grade of primary education, regardless of age, by the population at the entrance age for the last grade of primary education and multiplying by 100. 





















Data on education are collected by the UNESCO Institute for Statistics from official responses to its annual education survey. All the data are mapped to the International Standard Classification of Education (ISCED) to ensure the comparability of education programs at the international level. The current version was formally adopted by UNESCO Member States in 2011. Population data are drawn from the United Nations Population Division. Using a single source for population data standardizes definitions, estimations, and interpolation methods, ensuring a consistent methodology across countries and minimizing potential enumeration problems in national censuses.





















The reference years reflect the school year for which the data are presented. In some countries the school year spans two calendar years (for example, from September 2010 to June 2011); in these cases the reference year refers to the year in which the school year ended (2011 in the example).
Statistical concept(s): The indicator represents the influence of policies regarding entry and progress through the initial stages of primary or lower secondary education on the completion of the terminal grade at the respective level. The presumption is that students who enroll in the final grade for the first time will successfully finish that grade, thereby completing the designated level of education.","Primary education lays the groundwork for acquiring essential literacy and numeracy skills, setting the stage for a robust learning journey and fostering overall personal and social growth.  SDG target 4.1 aims to ensure that all children complete free, equitable, and quality primary education.  This indicator holds significant relevance for policy-makers dedicated to enhancing children's educational access and engagement. It gauges the capacity of the education system to support a group of students from their expected entry age to the completion of all grades of primary education.","The data do not account for students who drop out during the final year of primary education. Therefore, this rate serves as a proxy and should be considered an upper estimate of the actual primary completion rate.











 

















There are many reasons why the primary completion rate can exceed 100 percent. The numerator may include late entrants and overage children who have repeated one or more grades of primary education as well as children who entered school early, while the denominator is the number of children at the entrance age for the last grade of primary education.",,https://datacatalog.worldbank.org/int/public-licenses#cc-by
SE.PRM.CMPT.ZS,CC BY-4.0,"Primary completion rate, total (% of relevant age group)","Primary completion rate, or gross intake ratio to the last grade of primary education, is the number of new entrants (enrollments minus repeaters) in the last grade of primary education, regardless of age, divided by the population at the entrance age for the last grade of primary education. Data limitations preclude adjusting for students who drop out during the final year of primary education.","Data API, UN Educational, Scientific and Cultural Organization (UNESCO), uri: https://databrowser.uis.unesco.org/resources, note: The data are obtained through the UIS API.  Detailed documentation is available at: https://api.uis.unesco.org/api/public/documentation/, publisher: UNESCO Institute for Statistics (UIS), type: Bulk file (csv), date accessed: 2026-03-19, date published: 2026-02",Education: Outcomes,WB_WDI,% of relevant age group,Annual,1970-2025,Weighted average,"Methodology: Primary completion rate is calculated by dividing the number of new entrants (enrollment minus repeaters) in the last grade of primary education, regardless of age, by the population at the entrance age for the last grade of primary education and multiplying by 100. 























Data on education are collected by the UNESCO Institute for Statistics from official responses to its annual education survey. All the data are mapped to the International Standard Classification of Education (ISCED) to ensure the comparability of education programs at the international level. The current version was formally adopted by UNESCO Member States in 2011. Population data are drawn from the United Nations Population Division. Using a single source for population data standardizes definitions, estimations, and interpolation methods, ensuring a consistent methodology across countries and minimizing potential enumeration problems in national censuses.























The reference years reflect the school year for which the data are presented. In some countries the school year spans two calendar years (for example, from September 2010 to June 2011); in these cases the reference year refers to the year in which the school year ended (2011 in the example).
Statistical concept(s): The indicator represents the influence of policies regarding entry and progress through the initial stages of primary or lower secondary education on the completion of the terminal grade at the respective level. The presumption is that students who enroll in the final grade for the first time will successfully finish that grade, thereby completing the designated level of education.","Primary education lays the groundwork for acquiring essential literacy and numeracy skills, setting the stage for a robust learning journey and fostering overall personal and social growth.  SDG target 4.1 aims to ensure that all children complete free, equitable, and quality primary education.  This indicator holds significant relevance for policy-makers dedicated to enhancing children's educational access and engagement. It gauges the capacity of the education system to support a group of students from their expected entry age to the completion of all grades of primary education.","The data do not account for students who drop out during the final year of primary education. Therefore, this rate serves as a proxy and should be considered an upper estimate of the actual primary completion rate.











 

















There are many reasons why the primary completion rate can exceed 100 percent. The numerator may include late entrants and overage children who have repeated one or more grades of primary education as well as children who entered school early, while the denominator is the number of children at the entrance age for the last grade of primary education.",,https://datacatalog.worldbank.org/int/public-licenses#cc-by
SE.SEC.UNER.LO.ZS,CC BY-4.0,Adolescents out of school (% of lower secondary school age),Adolescents out of school are the percentage of lower secondary school age adolescents who are not enrolled in school.,"Data API, UN Educational, Scientific and Cultural Organization (UNESCO), uri: https://databrowser.uis.unesco.org/resources, note: The data are obtained through the UIS API.  Detailed documentation is available at: https://api.uis.unesco.org/api/public/documentation/, publisher: UNESCO Institute for Statistics (UIS), type: Bulk file (csv), date accessed: 2026-03-19, date published: 2026-02",Education: Participation,WB_WDI,% of adolescents in lower secondary school age,Annual,1970-2025,Weighted average,"Methodology: The rate of out-of-school adolescents allows to compare across countries with different population sizes. It shows the share of official lower secondary age adolescents who never attended school or dropped out to the population of official lower secondary school age.























Data on education are collected by the UNESCO Institute for Statistics from official responses to its annual education survey. All the data are mapped to the International Standard Classification of Education (ISCED) to ensure the comparability of education programs at the international level. The current version was formally adopted by UNESCO Member States in 2011. Population data are drawn from the United Nations Population Division. Using a single source for population data standardizes definitions, estimations, and interpolation methods, ensuring a consistent methodology across countries and minimizing potential enumeration problems in national censuses. The reference years reflect the school year for which the data are presented. In some countries the school year spans two calendar years (for example, from September 2010 to June 2011); in these cases the reference year refers to the year in which the school year ended (2011 in the example).
Statistical concept(s): This indicator measures the proportion of the population within the official age range for a specific educational level who are not currently enrolled in school. The data aids in identifying these individuals to tailor targeted interventions and formulate effective policies, ensuring that all children have the opportunity to attend school. It encompasses children who have never attended school, those who may enroll at a later age, and those who have started education but did not continue to the expected age of completion for the specified level.","Ensuring access to education is fundamental to social and economic advancement, aligning with the global development agenda. The out-of-school rate serves as a critical metric within the Sustainable Development Goal 4 framework, providing a measure to evaluate progress toward achieving universal education. This rate, alongside the number of out-of-school children and adolescents, highlights the urgency to enhance educational accessibility.","The administrative data used in the calculation of the rate of out-of-school children are based on enrolment at a specific date which can bias the results by either counting enrolled children who never attend school or by omitting those who enroll after the reference date for reporting enrolment data. Furthermore, children who drop out of school after the reference date are not counted as out of school. Discrepancies between enrolment and population data from different sources can also result in over- or underestimates of the rate. Lastly, the international comparability of this indicator can be affected by the use of different concepts of enrolment and out-of-school children across countries.",,https://datacatalog.worldbank.org/int/public-licenses#cc-by
SE.SEC.CUAT.LO.ZS,CC BY-4.0,"Educational attainment, at least completed lower secondary, population 25+, total (%) (cumulative)",The percentage of population ages 25 and over that attained or completed lower secondary education.,"Data API, UN Educational, Scientific and Cultural Organization (UNESCO), uri: https://databrowser.uis.unesco.org/resources, note: The data are obtained through the UIS API.  Detailed documentation is available at: https://api.uis.unesco.org/api/public/documentation/, publisher: UNESCO Institute for Statistics (UIS), type: Bulk file (csv), date accessed: 2026-03-19, date published: 2026-02",Education: Outcomes,WB_WDI,% of total population ages 25+,Annual,1970-2024,,"Methodology: It is calculated by dividing the number of population ages 25 and older who attained or completed lower secondary education by the total population of the same age group and multiplying by 100. The number 0 means zero or small enough that the number would round to zero. 























Data are collected by the UNESCO Institute for Statistics mainly from national population census, household survey, and labour force survey. All the data are mapped to the International Standard Classification of Education (ISCED) to ensure the comparability of education programs at the international level. The current version was formally adopted by UNESCO Member States in 2011.
Statistical concept(s): Educational attainment indicators by education level, serve as a measure of the accumulated stock of knowledge, skills, and competencies that are typically associated with the completion of each level. These indicators not only shed light on the disparities in educational achievement among various demographic groups, thereby offering insights into the present and past efficacy of the education system in ensuring equitable access to education, but they also mirror the structure and performance of the education system itself. Furthermore, such indicators are instrumental in guiding policy decisions aimed at expanding educational opportunities.","A relative high concentration of the adult population in a given level of education reflects the capacity of the educational system in the corresponding level of education. Educational attainment is closely related to the skills and competencies of a country's population, and could be seen as a proxy of both the quantitative and qualitative aspects of the stock of human capital.","Caution is required when using this indicator for cross-country comparison, since the countries do not always classify degrees and qualifications at the same International Standard Classification of Education (ISCED) levels, even if they are received at roughly the same age or after a similar number of years of schooling. Also, certain educational programmes and study courses cannot be easily classified according to ISCED. This indicator only measures educational attainment in terms of level of education attained, i.e. years of schooling, and do not necessarily reveal the quality of the education (learning achievement and other impacts).",,https://datacatalog.worldbank.org/int/public-licenses#cc-by
SE.SEC.CMPT.LO.ZS,CC BY-4.0,"Lower secondary completion rate, total (% of relevant age group)","Lower secondary education completion rate is measured as the gross intake ratio to the last grade of lower secondary education (general and pre-vocational). It is calculated as the number of new entrants in the last grade of lower secondary education, regardless of age, divided by the population at the entrance age for the last grade of lower secondary education.","Data API, UN Educational, Scientific and Cultural Organization (UNESCO), uri: https://databrowser.uis.unesco.org/resources, note: The data are obtained through the UIS API.  Detailed documentation is available at: https://api.uis.unesco.org/api/public/documentation/, publisher: UNESCO Institute for Statistics (UIS), date accessed: 2026-03-19, date published: 2026-02",Education: Outcomes,WB_WDI,% of relevant age group,Annual,1970-2025,Weighted average,"Methodology: Lower secondary completion rate is calculated as the number of new entrants (enrollment minus repeaters) in the last grade of lower secondary education, regardless of age, divided by the population at the entrance age for the last grade of lower secondary education. 





















Data on education are collected by the UNESCO Institute for Statistics from official responses to its annual education survey. All the data are mapped to the International Standard Classification of Education (ISCED) to ensure the comparability of education programs at the international level. The current version was formally adopted by UNESCO Member States in 2011. Population data are drawn from the United Nations Population Division. Using a single source for population data standardizes definitions, estimations, and interpolation methods, ensuring a consistent methodology across countries and minimizing potential enumeration problems in national censuses.





















The reference years reflect the school year for which the data are presented. In some countries the school year spans two calendar years (for example, from September 2010 to June 2011); in these cases the reference year refers to the year in which the school year ended (2011 in the example).
Statistical concept(s): The indicator represents the influence of policies regarding entry and progress through the initial stages of primary or lower secondary education on the completion of the terminal grade at the respective level. The presumption is that students who enroll in the final grade for the first time will successfully finish that grade, thereby completing the designated level of education.","Lower secondary education serves as a critical platform for lifelong learning and human development, providing a foundation for further educational pursuits. In certain systems, it includes vocational education programs that equip individuals with skills pertinent to the workforce. SDG target 4.1 aims to ensure that all children complete free, equitable, and quality primary education.  This indicator is particularly important for policymakers who are committed to improving children's access to and participation in education. It measures the ability of the education system to enroll and retain students from the designated starting age through to the completion of all levels of lower secondary education.","The data do not account for students who drop out during the final year of Lower secondary education. Therefore, this rate serves as a proxy and should be considered an upper estimate of the actual Lower secondary completion rate.







 











There are many reasons why the primary completion rate can exceed 100 percent. The numerator may include late entrants and overage children who have repeated one or more grades of primary education as well as children who entered school early, while the denominator is the number of children at the entrance age for the last grade of primary education.",,https://datacatalog.worldbank.org/int/public-licenses#cc-by
SE.SEC.ENRR,CC BY-4.0,"School enrollment, secondary (% gross)","Gross enrollment ratio is the ratio of total enrollment, regardless of age, to the population of the age group that officially corresponds to the level of education shown. Secondary education completes the provision of basic education that began at the primary level, and aims at laying the foundations for lifelong learning and human development, by offering more subject- or skill-oriented instruction using more specialized teachers.","Data API, UN Educational, Scientific and Cultural Organization (UNESCO), uri: https://databrowser.uis.unesco.org/resources, note: The data are obtained through the UIS API.  Detailed documentation is available at: https://api.uis.unesco.org/api/public/documentation/, publisher: UNESCO Institute for Statistics (UIS), type: Bulk file (csv), date accessed: 2026-03-19, date published: 2026-02",Education: Participation,WB_WDI,% of population in the 5-year age group immediately following primary education,Annual,1970-2025,Weighted average,"Methodology: Gross enrollment ratio for secondary school is calculated by dividing the number of students enrolled in secondary education regardless of age by the population of the age group which officially corresponds to secondary education, and multiplying by 100. 





















Data on education are collected by the UNESCO Institute for Statistics from official responses to its annual education survey. All the data are mapped to the International Standard Classification of Education (ISCED) to ensure the comparability of education programs at the international level. The current version was formally adopted by UNESCO Member States in 2011. Population data are drawn from the United Nations Population Division. Using a single source for population data standardizes definitions, estimations, and interpolation methods, ensuring a consistent methodology across countries and minimizing potential enumeration problems in national censuses.





















The reference years reflect the school year for which the data are presented. In some countries the school year spans two calendar years (for example, from September 2010 to June 2011); in these cases the reference year refers to the year in which the school year ended (2011 in the example).
Statistical concept(s): Gross enrollment ratios indicate the capacity of each level of the education system, but a high ratio may reflect a substantial number of overage children enrolled in each grade because of repetition or late entry rather than a successful education system.","Secondary education acts as a critical intermediary that not only builds upon the foundational knowledge acquired in primary education but also equips students for various pathways, including immediate entry into the workforce, further education in postsecondary non-tertiary institutions, or advancement to higher education. This indicator assesses the aggregate participation rate in secondary education, reflecting the education system's capacity to enroll students within a designated age group.","Enrollment indicators are based on annual school surveys, but do not necessarily reflect actual attendance or dropout rates during the year. Also, the length of education differs across countries and can influence enrollment rates, although the International Standard Classification of Education (ISCED) tries to minimize the difference. For example, a shorter duration for primary education tends to increase the rate; a longer one to decrease it (in part because older children are more at risk of dropping out). Moreover, age at enrollment may be inaccurately estimated or misstated, especially in communities where registration of births is not strictly enforced.",,https://datacatalog.worldbank.org/int/public-licenses#cc-by
SE.SEC.ENRR.FE,CC BY-4.0,"School enrollment, secondary, female (% gross)","Gross enrollment ratio is the ratio of total enrollment, regardless of age, to the population of the age group that officially corresponds to the level of education shown. Secondary education completes the provision of basic education that began at the primary level, and aims at laying the foundations for lifelong learning and human development, by offering more subject- or skill-oriented instruction using more specialized teachers.","Data API, UN Educational, Scientific and Cultural Organization (UNESCO), uri: https://databrowser.uis.unesco.org/resources, note: The data are obtained through the UIS API.  Detailed documentation is available at: https://api.uis.unesco.org/api/public/documentation/, publisher: UNESCO Institute for Statistics (UIS), type: Bulk file (csv), date accessed: 2026-03-19, date published: 2026-02",Education: Participation,WB_WDI,% of female population in the 5-year age group immediately following primary education,Annual,1970-2025,Weighted average,"Methodology: Gross enrollment ratio for secondary school is calculated by dividing the number of students enrolled in secondary education regardless of age by the population of the age group which officially corresponds to secondary education, and multiplying by 100. 





















Data on education are collected by the UNESCO Institute for Statistics from official responses to its annual education survey. All the data are mapped to the International Standard Classification of Education (ISCED) to ensure the comparability of education programs at the international level. The current version was formally adopted by UNESCO Member States in 2011. Population data are drawn from the United Nations Population Division. Using a single source for population data standardizes definitions, estimations, and interpolation methods, ensuring a consistent methodology across countries and minimizing potential enumeration problems in national censuses.





















The reference years reflect the school year for which the data are presented. In some countries the school year spans two calendar years (for example, from September 2010 to June 2011); in these cases the reference year refers to the year in which the school year ended (2011 in the example).
Statistical concept(s): Gross enrollment ratios indicate the capacity of each level of the education system, but a high ratio may reflect a substantial number of overage children enrolled in each grade because of repetition or late entry rather than a successful education system.","Secondary education acts as a critical intermediary that not only builds upon the foundational knowledge acquired in primary education but also equips students for various pathways, including immediate entry into the workforce, further education in postsecondary non-tertiary institutions, or advancement to higher education. This indicator assesses the aggregate participation rate in secondary education, reflecting the education system's capacity to enroll students within a designated age group.","Enrollment indicators are based on annual school surveys, but do not necessarily reflect actual attendance or dropout rates during the year. Also, the length of education differs across countries and can influence enrollment rates, although the International Standard Classification of Education (ISCED) tries to minimize the difference. For example, a shorter duration for primary education tends to increase the rate; a longer one to decrease it (in part because older children are more at risk of dropping out). Moreover, age at enrollment may be inaccurately estimated or misstated, especially in communities where registration of births is not strictly enforced.",,https://datacatalog.worldbank.org/int/public-licenses#cc-by
SE.SEC.ENRR.MA,CC BY-4.0,"School enrollment, secondary, male (% gross)","Gross enrollment ratio is the ratio of total enrollment, regardless of age, to the population of the age group that officially corresponds to the level of education shown. Secondary education completes the provision of basic education that began at the primary level, and aims at laying the foundations for lifelong learning and human development, by offering more subject- or skill-oriented instruction using more specialized teachers.","Data API, UN Educational, Scientific and Cultural Organization (UNESCO), uri: https://databrowser.uis.unesco.org/resources, note: The data are obtained through the UIS API.  Detailed documentation is available at: https://api.uis.unesco.org/api/public/documentation/, publisher: UNESCO Institute for Statistics (UIS), type: Bulk file (csv), date accessed: 2026-03-19, date published: 2026-02",Education: Participation,WB_WDI,% of male population in the 5-year age group immediately following primary education,Annual,1970-2025,Weighted average,"Methodology: Gross enrollment ratio for secondary school is calculated by dividing the number of students enrolled in secondary education regardless of age by the population of the age group which officially corresponds to secondary education, and multiplying by 100. 





















Data on education are collected by the UNESCO Institute for Statistics from official responses to its annual education survey. All the data are mapped to the International Standard Classification of Education (ISCED) to ensure the comparability of education programs at the international level. The current version was formally adopted by UNESCO Member States in 2011. Population data are drawn from the United Nations Population Division. Using a single source for population data standardizes definitions, estimations, and interpolation methods, ensuring a consistent methodology across countries and minimizing potential enumeration problems in national censuses.





















The reference years reflect the school year for which the data are presented. In some countries the school year spans two calendar years (for example, from September 2010 to June 2011); in these cases the reference year refers to the year in which the school year ended (2011 in the example).
Statistical concept(s): Gross enrollment ratios indicate the capacity of each level of the education system, but a high ratio may reflect a substantial number of overage children enrolled in each grade because of repetition or late entry rather than a successful education system.","Secondary education acts as a critical intermediary that not only builds upon the foundational knowledge acquired in primary education but also equips students for various pathways, including immediate entry into the workforce, further education in postsecondary non-tertiary institutions, or advancement to higher education. This indicator assesses the aggregate participation rate in secondary education, reflecting the education system's capacity to enroll students within a designated age group.","Enrollment indicators are based on annual school surveys, but do not necessarily reflect actual attendance or dropout rates during the year. Also, the length of education differs across countries and can influence enrollment rates, although the International Standard Classification of Education (ISCED) tries to minimize the difference. For example, a shorter duration for primary education tends to increase the rate; a longer one to decrease it (in part because older children are more at risk of dropping out). Moreover, age at enrollment may be inaccurately estimated or misstated, especially in communities where registration of births is not strictly enforced.",,https://datacatalog.worldbank.org/int/public-licenses#cc-by
SE.SEC.UNER.LO.FE.ZS,CC BY-4.0,"Adolescents out of school, female (% of female lower secondary school age)",Adolescents out of school are the percentage of lower secondary school age adolescents who are not enrolled in school.,"Data API, UN Educational, Scientific and Cultural Organization (UNESCO), uri: https://databrowser.uis.unesco.org/resources, note: The data are obtained through the UIS API.  Detailed documentation is available at: https://api.uis.unesco.org/api/public/documentation/, publisher: UNESCO Institute for Statistics (UIS), type: Bulk file (csv), date accessed: 2026-03-19, date published: 2026-02",Education: Participation,WB_WDI,% of female adolescents in lower secondary school age,Annual,1970-2025,Weighted average,"Methodology: The rate of out-of-school adolescents allows to compare across countries with different population sizes. It shows the share of official lower secondary age adolescents who never attended school or dropped out to the population of official lower secondary school age.























Data on education are collected by the UNESCO Institute for Statistics from official responses to its annual education survey. All the data are mapped to the International Standard Classification of Education (ISCED) to ensure the comparability of education programs at the international level. The current version was formally adopted by UNESCO Member States in 2011. Population data are drawn from the United Nations Population Division. Using a single source for population data standardizes definitions, estimations, and interpolation methods, ensuring a consistent methodology across countries and minimizing potential enumeration problems in national censuses. The reference years reflect the school year for which the data are presented. In some countries the school year spans two calendar years (for example, from September 2010 to June 2011); in these cases the reference year refers to the year in which the school year ended (2011 in the example).
Statistical concept(s): This indicator measures the proportion of the population within the official age range for a specific educational level who are not currently enrolled in school. The data aids in identifying these individuals to tailor targeted interventions and formulate effective policies, ensuring that all children have the opportunity to attend school. It encompasses children who have never attended school, those who may enroll at a later age, and those who have started education but did not continue to the expected age of completion for the specified level.","Ensuring access to education is fundamental to social and economic advancement, aligning with the global development agenda. The out-of-school rate serves as a critical metric within the Sustainable Development Goal 4 framework, providing a measure to evaluate progress toward achieving universal education. This rate, alongside the number of out-of-school children and adolescents, highlights the urgency to enhance educational accessibility.","The administrative data used in the calculation of the rate of out-of-school children are based on enrolment at a specific date which can bias the results by either counting enrolled children who never attend school or by omitting those who enroll after the reference date for reporting enrolment data. Furthermore, children who drop out of school after the reference date are not counted as out of school. Discrepancies between enrolment and population data from different sources can also result in over- or underestimates of the rate. Lastly, the international comparability of this indicator can be affected by the use of different concepts of enrolment and out-of-school children across countries.",,https://datacatalog.worldbank.org/int/public-licenses#cc-by
SE.SEC.UNER.LO.MA.ZS,CC BY-4.0,"Adolescents out of school, male (% of male lower secondary school age)",Adolescents out of school are the percentage of lower secondary school age adolescents who are not enrolled in school.,"Data API, UN Educational, Scientific and Cultural Organization (UNESCO), uri: https://databrowser.uis.unesco.org/resources, note: The data are obtained through the UIS API.  Detailed documentation is available at: https://api.uis.unesco.org/api/public/documentation/, publisher: UNESCO Institute for Statistics (UIS), type: Bulk file (csv), date accessed: 2026-03-19, date published: 2026-02",Education: Participation,WB_WDI,% of male adolescents in lower secondary school age,Annual,1970-2025,Weighted average,"Methodology: The rate of out-of-school adolescents allows to compare across countries with different population sizes. It shows the share of official lower secondary age adolescents who never attended school or dropped out to the population of official lower secondary school age.























Data on education are collected by the UNESCO Institute for Statistics from official responses to its annual education survey. All the data are mapped to the International Standard Classification of Education (ISCED) to ensure the comparability of education programs at the international level. The current version was formally adopted by UNESCO Member States in 2011. Population data are drawn from the United Nations Population Division. Using a single source for population data standardizes definitions, estimations, and interpolation methods, ensuring a consistent methodology across countries and minimizing potential enumeration problems in national censuses. The reference years reflect the school year for which the data are presented. In some countries the school year spans two calendar years (for example, from September 2010 to June 2011); in these cases the reference year refers to the year in which the school year ended (2011 in the example).
Statistical concept(s): This indicator measures the proportion of the population within the official age range for a specific educational level who are not currently enrolled in school. The data aids in identifying these individuals to tailor targeted interventions and formulate effective policies, ensuring that all children have the opportunity to attend school. It encompasses children who have never attended school, those who may enroll at a later age, and those who have started education but did not continue to the expected age of completion for the specified level.","Ensuring access to education is fundamental to social and economic advancement, aligning with the global development agenda. The out-of-school rate serves as a critical metric within the Sustainable Development Goal 4 framework, providing a measure to evaluate progress toward achieving universal education. This rate, alongside the number of out-of-school children and adolescents, highlights the urgency to enhance educational accessibility.","The administrative data used in the calculation of the rate of out-of-school children are based on enrolment at a specific date which can bias the results by either counting enrolled children who never attend school or by omitting those who enroll after the reference date for reporting enrolment data. Furthermore, children who drop out of school after the reference date are not counted as out of school. Discrepancies between enrolment and population data from different sources can also result in over- or underestimates of the rate. Lastly, the international comparability of this indicator can be affected by the use of different concepts of enrolment and out-of-school children across countries.",,https://datacatalog.worldbank.org/int/public-licenses#cc-by
SE.SEC.TCAQ.LO.ZS,CC BY-4.0,Trained teachers in lower secondary education (% of total teachers),Trained teachers in lower secondary education are the percentage of lower secondary school teachers who have received the minimum organized teacher training (pre-service or in-service) required for teaching in a given country.,"Data API, UN Educational, Scientific and Cultural Organization (UNESCO), uri: https://databrowser.uis.unesco.org/resources, note: The data are obtained through the UIS API.  Detailed documentation is available at: https://api.uis.unesco.org/api/public/documentation/, publisher: UNESCO Institute for Statistics (UIS), type: Bulk file, date accessed: 2026-03-19, date published: 2026-02",Education: Inputs,WB_WDI,% of total teachers in lower secondary education,Annual,1997-2025,Weighted average,"Methodology: Share of trained teachers is calculated by dividing the number of trained teachers of the specified level of education by total number of teachers at the same level of education, and multiplying by 100. 























Data on education are collected by the UNESCO Institute for Statistics from official responses to its annual education survey. All the data are mapped to the International Standard Classification of Education (ISCED) to ensure the comparability of education programs at the international level. The current version was formally adopted by UNESCO Member States in 2011. 























The reference years reflect the school year for which the data are presented. In some countries the school year spans two calendar years (for example, from September 2010 to June 2011); in these cases the reference year refers to the year in which the school year ended (2011 in the example).
Statistical concept(s): This indicator quantifies the proportion of educators within the teaching workforce who have received comprehensive pedagogical training. A high percentage signifies that a substantial majority of students are instructed by teachers equipped with the necessary pedagogical skills and training to teach effectively. The role of teachers is pivotal in upholding the standard of education delivered. Optimal educational outcomes are achieved when all teachers are provided with sufficient, pertinent, and targeted pedagogical training, enabling them to teach at their designated educational level. Moreover, it is crucial that teachers possess the academic qualifications required to competently cover the subject matter they are tasked with teaching.","The proportion of trained educators is indicative of a nation's dedication to the enhancement of its educational workforce, and the expansion of this metric is a specific objective under Sustainable Development Goal target 4.c. Teachers serve as a crucial asset, particularly for first-generation learners within their families, who depend significantly on educators to gain fundamental literacy skills. Nonetheless, a surge in student enrollment can lead to a scarcity of qualified teachers. The allocation of funds for education plays a vital role in ensuring the proper distribution of teachers, as their salaries constitute a significant portion of educational expenditures. This scarcity of trained educators can lead to the employment of less qualified teachers in more disadvantaged regions.","This indicator does not take into account differences in teachers' experiences and status, teaching methods, teaching materials, and classroom conditions - all factors that affect the quality of teaching and learning. Some teachers without formal training may have acquired equivalent pedagogical skills through professional experience. In addition, national standards regarding teacher qualifications and pedagogical skills may vary.",,https://datacatalog.worldbank.org/int/public-licenses#cc-by
SE.SEC.TCAQ.LO.FE.ZS,CC BY-4.0,"Trained teachers in lower secondary education, female (% of female teachers)",Trained teachers in lower secondary education are the percentage of lower secondary school teachers who have received the minimum organized teacher training (pre-service or in-service) required for teaching in a given country.,"Data API, UN Educational, Scientific and Cultural Organization (UNESCO), uri: https://databrowser.uis.unesco.org/resources, note: The data are obtained through the UIS API.  Detailed documentation is available at: https://api.uis.unesco.org/api/public/documentation/, publisher: UNESCO Institute for Statistics (UIS), type: Bulk file, date accessed: 2026-03-19, date published: 2026-02",Education: Inputs,WB_WDI,% of female teachers in lower secondary education,Annual,1997-2025,Weighted average,"Methodology: Share of trained teachers is calculated by dividing the number of trained teachers of the specified level of education by total number of teachers at the same level of education, and multiplying by 100. 























Data on education are collected by the UNESCO Institute for Statistics from official responses to its annual education survey. All the data are mapped to the International Standard Classification of Education (ISCED) to ensure the comparability of education programs at the international level. The current version was formally adopted by UNESCO Member States in 2011. 























The reference years reflect the school year for which the data are presented. In some countries the school year spans two calendar years (for example, from September 2010 to June 2011); in these cases the reference year refers to the year in which the school year ended (2011 in the example).
Statistical concept(s): This indicator quantifies the proportion of educators within the teaching workforce who have received comprehensive pedagogical training. A high percentage signifies that a substantial majority of students are instructed by teachers equipped with the necessary pedagogical skills and training to teach effectively. The role of teachers is pivotal in upholding the standard of education delivered. Optimal educational outcomes are achieved when all teachers are provided with sufficient, pertinent, and targeted pedagogical training, enabling them to teach at their designated educational level. Moreover, it is crucial that teachers possess the academic qualifications required to competently cover the subject matter they are tasked with teaching.","The percentage of trained educators serves as a barometer for a country's commitment to improving its teaching workforce, and increasing this percentage aligns with the aims of Sustainable Development Goal target 4.c. Female educators, in particular, are vital as they provide inspiration and encouragement for young girls to continue their education. These professionals are instrumental in engaging and maintaining girls' attendance in schools, confronting entrenched gender biases in communities, raising parental aspirations for their daughters, and aiding in the reduction of the educational attainment disparity between male and female students.























Nonetheless, a surge in student enrollment can lead to a scarcity of qualified teachers. The allocation of funds for education plays a vital role in ensuring the proper distribution of teachers, as their salaries constitute a significant portion of educational expenditures. This scarcity of trained educators can lead to the employment of less qualified teachers in more disadvantaged regions.","This indicator does not take into account differences in teachers' experiences and status, teaching methods, teaching materials, and classroom conditions - all factors that affect the quality of teaching and learning. Some teachers without formal training may have acquired equivalent pedagogical skills through professional experience. In addition, national standards regarding teacher qualifications and pedagogical skills may vary.",,https://datacatalog.worldbank.org/int/public-licenses#cc-by
SE.SEC.TCAQ.LO.MA.ZS,CC BY-4.0,"Trained teachers in lower secondary education, male (% of male teachers)",Trained teachers in lower secondary education are the percentage of lower secondary school teachers who have received the minimum organized teacher training (pre-service or in-service) required for teaching in a given country.,"Data API, UN Educational, Scientific and Cultural Organization (UNESCO), uri: https://databrowser.uis.unesco.org/resources, note: The data are obtained through the UIS API.  Detailed documentation is available at: https://api.uis.unesco.org/api/public/documentation/, publisher: UNESCO Institute for Statistics (UIS), type: Bulk file, date accessed: 2026-03-19, date published: 2026-02",Education: Inputs,WB_WDI,% of male teachers in lower secondary education,Annual,1997-2025,Weighted average,"Methodology: Share of trained teachers is calculated by dividing the number of trained teachers of the specified level of education by total number of teachers at the same level of education, and multiplying by 100. 























Data on education are collected by the UNESCO Institute for Statistics from official responses to its annual education survey. All the data are mapped to the International Standard Classification of Education (ISCED) to ensure the comparability of education programs at the international level. The current version was formally adopted by UNESCO Member States in 2011. 























The reference years reflect the school year for which the data are presented. In some countries the school year spans two calendar years (for example, from September 2010 to June 2011); in these cases the reference year refers to the year in which the school year ended (2011 in the example).
Statistical concept(s): This indicator quantifies the proportion of educators within the teaching workforce who have received comprehensive pedagogical training. A high percentage signifies that a substantial majority of students are instructed by teachers equipped with the necessary pedagogical skills and training to teach effectively. The role of teachers is pivotal in upholding the standard of education delivered. Optimal educational outcomes are achieved when all teachers are provided with sufficient, pertinent, and targeted pedagogical training, enabling them to teach at their designated educational level. Moreover, it is crucial that teachers possess the academic qualifications required to competently cover the subject matter they are tasked with teaching.","The proportion of trained educators is indicative of a nation's dedication to the enhancement of its educational workforce, and the expansion of this metric is a specific objective under Sustainable Development Goal target 4.c. Teachers serve as a crucial asset, particularly for first-generation learners within their families, who depend significantly on educators to gain fundamental literacy skills. Nonetheless, a surge in student enrollment can lead to a scarcity of qualified teachers. The allocation of funds for education plays a vital role in ensuring the proper distribution of teachers, as their salaries constitute a significant portion of educational expenditures. This scarcity of trained educators can lead to the employment of less qualified teachers in more disadvantaged regions.","This indicator does not take into account differences in teachers' experiences and status, teaching methods, teaching materials, and classroom conditions - all factors that affect the quality of teaching and learning. Some teachers without formal training may have acquired equivalent pedagogical skills through professional experience. In addition, national standards regarding teacher qualifications and pedagogical skills may vary.",,https://datacatalog.worldbank.org/int/public-licenses#cc-by
SE.SEC.TCAQ.ZS,CC BY-4.0,Trained teachers in secondary education (% of total teachers),Trained teachers in secondary education are the percentage of secondary school teachers who have received the minimum organized teacher training (pre-service or in-service) required for teaching in a given country.,"Data API, UN Educational, Scientific and Cultural Organization (UNESCO), uri: https://databrowser.uis.unesco.org/resources, note: The data are obtained through the UIS API.  Detailed documentation is available at: https://api.uis.unesco.org/api/public/documentation/, publisher: UNESCO Institute for Statistics (UIS), type: Bulk file, date accessed: 2026-03-19, date published: 2026-02",Education: Inputs,WB_WDI,% of total teachers in secondary education,Annual,1998-2025,Weighted average,"Methodology: Share of trained teachers is calculated by dividing the number of trained teachers of the specified level of education by total number of teachers at the same level of education, and multiplying by 100. 























Data on education are collected by the UNESCO Institute for Statistics from official responses to its annual education survey. All the data are mapped to the International Standard Classification of Education (ISCED) to ensure the comparability of education programs at the international level. The current version was formally adopted by UNESCO Member States in 2011. 























The reference years reflect the school year for which the data are presented. In some countries the school year spans two calendar years (for example, from September 2010 to June 2011); in these cases the reference year refers to the year in which the school year ended (2011 in the example).
Statistical concept(s): This indicator quantifies the proportion of educators within the teaching workforce who have received comprehensive pedagogical training. A high percentage signifies that a substantial majority of students are instructed by teachers equipped with the necessary pedagogical skills and training to teach effectively. The role of teachers is pivotal in upholding the standard of education delivered. Optimal educational outcomes are achieved when all teachers are provided with sufficient, pertinent, and targeted pedagogical training, enabling them to teach at their designated educational level. Moreover, it is crucial that teachers possess the academic qualifications required to competently cover the subject matter they are tasked with teaching.","The proportion of trained educators is indicative of a nation's dedication to the enhancement of its educational workforce, and the expansion of this metric is a specific objective under Sustainable Development Goal target 4.c. Teachers serve as a crucial asset, particularly for first-generation learners within their families, who depend significantly on educators to gain fundamental literacy skills. Nonetheless, a surge in student enrollment can lead to a scarcity of qualified teachers. The allocation of funds for education plays a vital role in ensuring the proper distribution of teachers, as their salaries constitute a significant portion of educational expenditures. This scarcity of trained educators can lead to the employment of less qualified teachers in more disadvantaged regions.","This indicator does not take into account differences in teachers' experiences and status, teaching methods, teaching materials, and classroom conditions - all factors that affect the quality of teaching and learning. Some teachers without formal training may have acquired equivalent pedagogical skills through professional experience. In addition, national standards regarding teacher qualifications and pedagogical skills may vary.",,https://datacatalog.worldbank.org/int/public-licenses#cc-by
SE.SEC.TCAQ.FE.ZS,CC BY-4.0,"Trained teachers in secondary education, female (% of female teachers)",Trained teachers in secondary education are the percentage of secondary school teachers who have received the minimum organized teacher training (pre-service or in-service) required for teaching in a given country.,"Data API, UN Educational, Scientific and Cultural Organization (UNESCO), uri: https://databrowser.uis.unesco.org/resources, note: The data are obtained through the UIS API.  Detailed documentation is available at: https://api.uis.unesco.org/api/public/documentation/, publisher: UNESCO Institute for Statistics (UIS), type: Bulk file, date accessed: 2026-03-19, date published: 2026-02",Education: Inputs,WB_WDI,% of female teachers in secondary education,Annual,1998-2025,Weighted average,"Methodology: Share of trained teachers is calculated by dividing the number of trained teachers of the specified level of education by total number of teachers at the same level of education, and multiplying by 100. 























Data on education are collected by the UNESCO Institute for Statistics from official responses to its annual education survey. All the data are mapped to the International Standard Classification of Education (ISCED) to ensure the comparability of education programs at the international level. The current version was formally adopted by UNESCO Member States in 2011. 























The reference years reflect the school year for which the data are presented. In some countries the school year spans two calendar years (for example, from September 2010 to June 2011); in these cases the reference year refers to the year in which the school year ended (2011 in the example).
Statistical concept(s): This indicator quantifies the proportion of educators within the teaching workforce who have received comprehensive pedagogical training. A high percentage signifies that a substantial majority of students are instructed by teachers equipped with the necessary pedagogical skills and training to teach effectively. The role of teachers is pivotal in upholding the standard of education delivered. Optimal educational outcomes are achieved when all teachers are provided with sufficient, pertinent, and targeted pedagogical training, enabling them to teach at their designated educational level. Moreover, it is crucial that teachers possess the academic qualifications required to competently cover the subject matter they are tasked with teaching.","The percentage of trained educators serves as a barometer for a country's commitment to improving its teaching workforce, and increasing this percentage aligns with the aims of Sustainable Development Goal target 4.c. Female educators, in particular, are vital as they provide inspiration and encouragement for young girls to continue their education. These professionals are instrumental in engaging and maintaining girls' attendance in schools, confronting entrenched gender biases in communities, raising parental aspirations for their daughters, and aiding in the reduction of the educational attainment disparity between male and female students.























Nonetheless, a surge in student enrollment can lead to a scarcity of qualified teachers. The allocation of funds for education plays a vital role in ensuring the proper distribution of teachers, as their salaries constitute a significant portion of educational expenditures. This scarcity of trained educators can lead to the employment of less qualified teachers in more disadvantaged regions.","This indicator does not take into account differences in teachers' experiences and status, teaching methods, teaching materials, and classroom conditions - all factors that affect the quality of teaching and learning. Some teachers without formal training may have acquired equivalent pedagogical skills through professional experience. In addition, national standards regarding teacher qualifications and pedagogical skills may vary.",,https://datacatalog.worldbank.org/int/public-licenses#cc-by
SE.SEC.TCAQ.MA.ZS,CC BY-4.0,"Trained teachers in secondary education, male (% of male teachers)",Trained teachers in secondary education are the percentage of secondary school teachers who have received the minimum organized teacher training (pre-service or in-service) required for teaching in a given country.,"Data API, UN Educational, Scientific and Cultural Organization (UNESCO), uri: https://databrowser.uis.unesco.org/resources, note: The data are obtained through the UIS API.  Detailed documentation is available at: https://api.uis.unesco.org/api/public/documentation/, publisher: UNESCO Institute for Statistics (UIS), type: Bulk file, date accessed: 2026-03-19, date published: 2026-02",Education: Inputs,WB_WDI,% of male teachers in secondary education,Annual,1998-2025,Weighted average,"Methodology: Share of trained teachers is calculated by dividing the number of trained teachers of the specified level of education by total number of teachers at the same level of education, and multiplying by 100. 























Data on education are collected by the UNESCO Institute for Statistics from official responses to its annual education survey. All the data are mapped to the International Standard Classification of Education (ISCED) to ensure the comparability of education programs at the international level. The current version was formally adopted by UNESCO Member States in 2011. 























The reference years reflect the school year for which the data are presented. In some countries the school year spans two calendar years (for example, from September 2010 to June 2011); in these cases the reference year refers to the year in which the school year ended (2011 in the example).
Statistical concept(s): This indicator quantifies the proportion of educators within the teaching workforce who have received comprehensive pedagogical training. A high percentage signifies that a substantial majority of students are instructed by teachers equipped with the necessary pedagogical skills and training to teach effectively. The role of teachers is pivotal in upholding the standard of education delivered. Optimal educational outcomes are achieved when all teachers are provided with sufficient, pertinent, and targeted pedagogical training, enabling them to teach at their designated educational level. Moreover, it is crucial that teachers possess the academic qualifications required to competently cover the subject matter they are tasked with teaching.","The proportion of trained educators is indicative of a nation's dedication to the enhancement of its educational workforce, and the expansion of this metric is a specific objective under Sustainable Development Goal target 4.c. Teachers serve as a crucial asset, particularly for first-generation learners within their families, who depend significantly on educators to gain fundamental literacy skills. Nonetheless, a surge in student enrollment can lead to a scarcity of qualified teachers. The allocation of funds for education plays a vital role in ensuring the proper distribution of teachers, as their salaries constitute a significant portion of educational expenditures. This scarcity of trained educators can lead to the employment of less qualified teachers in more disadvantaged regions.","This indicator does not take into account differences in teachers' experiences and status, teaching methods, teaching materials, and classroom conditions - all factors that affect the quality of teaching and learning. Some teachers without formal training may have acquired equivalent pedagogical skills through professional experience. In addition, national standards regarding teacher qualifications and pedagogical skills may vary.",,https://datacatalog.worldbank.org/int/public-licenses#cc-by
SE.PRM.TCAQ.MA.ZS,CC BY-4.0,"Trained teachers in primary education, male (% of male teachers)",Trained teachers in primary education are the percentage of primary school teachers who have received the minimum organized teacher training (pre-service or in-service) required for teaching in a given country.,"Data API, UN Educational, Scientific and Cultural Organization (UNESCO), uri: https://databrowser.uis.unesco.org/resources, note: The data are obtained through the UIS API.  Detailed documentation is available at: https://api.uis.unesco.org/api/public/documentation/, publisher: UNESCO Institute for Statistics (UIS), type: Bulk file, date accessed: 2026-03-19, date published: 2026-02",Education: Inputs,WB_WDI,% of male teachers in primary education,Annual,1998-2025,Weighted average,"Methodology: Share of trained teachers is calculated by dividing the number of trained teachers of the specified level of education by total number of teachers at the same level of education, and multiplying by 100. 























Data on education are collected by the UNESCO Institute for Statistics from official responses to its annual education survey. All the data are mapped to the International Standard Classification of Education (ISCED) to ensure the comparability of education programs at the international level. The current version was formally adopted by UNESCO Member States in 2011. 























The reference years reflect the school year for which the data are presented. In some countries the school year spans two calendar years (for example, from September 2010 to June 2011); in these cases the reference year refers to the year in which the school year ended (2011 in the example).
Statistical concept(s): This indicator quantifies the proportion of educators within the teaching workforce who have received comprehensive pedagogical training. A high percentage signifies that a substantial majority of students are instructed by teachers equipped with the necessary pedagogical skills and training to teach effectively. The role of teachers is pivotal in upholding the standard of education delivered. Optimal educational outcomes are achieved when all teachers are provided with sufficient, pertinent, and targeted pedagogical training, enabling them to teach at their designated educational level. Moreover, it is crucial that teachers possess the academic qualifications required to competently cover the subject matter they are tasked with teaching.","The proportion of trained educators is indicative of a nation's dedication to the enhancement of its educational workforce, and the expansion of this metric is a specific objective under Sustainable Development Goal target 4.c. Teachers serve as a crucial asset, particularly for first-generation learners within their families, who depend significantly on educators to gain fundamental literacy skills. Nonetheless, a surge in student enrollment can lead to a scarcity of qualified teachers. The allocation of funds for education plays a vital role in ensuring the proper distribution of teachers, as their salaries constitute a significant portion of educational expenditures. This scarcity of trained educators can lead to the employment of less qualified teachers in more disadvantaged regions.","This indicator does not take into account differences in teachers' experiences and status, teaching methods, teaching materials, and classroom conditions - all factors that affect the quality of teaching and learning. Some teachers without formal training may have acquired equivalent pedagogical skills through professional experience. In addition, national standards regarding teacher qualifications and pedagogical skills may vary.",,https://datacatalog.worldbank.org/int/public-licenses#cc-by
SE.PRM.TCAQ.FE.ZS,CC BY-4.0,"Trained teachers in primary education, female (% of female teachers)",Trained teachers in primary education are the percentage of primary school teachers who have received the minimum organized teacher training (pre-service or in-service) required for teaching in a given country.,"Data API, UN Educational, Scientific and Cultural Organization (UNESCO), uri: https://databrowser.uis.unesco.org/resources, note: The data are obtained through the UIS API.  Detailed documentation is available at: https://api.uis.unesco.org/api/public/documentation/, publisher: UNESCO Institute for Statistics (UIS), type: Bulk file, date accessed: 2026-03-19, date published: 2026-02",Education: Inputs,WB_WDI,% of female teachers in primary education,Annual,1998-2025,Weighted average,"Methodology: Share of trained teachers is calculated by dividing the number of trained teachers of the specified level of education by total number of teachers at the same level of education, and multiplying by 100. 























Data on education are collected by the UNESCO Institute for Statistics from official responses to its annual education survey. All the data are mapped to the International Standard Classification of Education (ISCED) to ensure the comparability of education programs at the international level. The current version was formally adopted by UNESCO Member States in 2011. 























The reference years reflect the school year for which the data are presented. In some countries the school year spans two calendar years (for example, from September 2010 to June 2011); in these cases the reference year refers to the year in which the school year ended (2011 in the example).
Statistical concept(s): This indicator quantifies the proportion of educators within the teaching workforce who have received comprehensive pedagogical training. A high percentage signifies that a substantial majority of students are instructed by teachers equipped with the necessary pedagogical skills and training to teach effectively. The role of teachers is pivotal in upholding the standard of education delivered. Optimal educational outcomes are achieved when all teachers are provided with sufficient, pertinent, and targeted pedagogical training, enabling them to teach at their designated educational level. Moreover, it is crucial that teachers possess the academic qualifications required to competently cover the subject matter they are tasked with teaching.","The percentage of trained educators serves as a barometer for a country's commitment to improving its teaching workforce, and increasing this percentage aligns with the aims of Sustainable Development Goal target 4.c. Female educators, in particular, are vital as they provide inspiration and encouragement for young girls to continue their education. These professionals are instrumental in engaging and maintaining girls' attendance in schools, confronting entrenched gender biases in communities, raising parental aspirations for their daughters, and aiding in the reduction of the educational attainment disparity between male and female students.























Nonetheless, a surge in student enrollment can lead to a scarcity of qualified teachers. The allocation of funds for education plays a vital role in ensuring the proper distribution of teachers, as their salaries constitute a significant portion of educational expenditures. This scarcity of trained educators can lead to the employment of less qualified teachers in more disadvantaged regions.","This indicator does not take into account differences in teachers' experiences and status, teaching methods, teaching materials, and classroom conditions - all factors that affect the quality of teaching and learning. Some teachers without formal training may have acquired equivalent pedagogical skills through professional experience. In addition, national standards regarding teacher qualifications and pedagogical skills may vary.",,https://datacatalog.worldbank.org/int/public-licenses#cc-by
SE.PRM.TCAQ.ZS,CC BY-4.0,Trained teachers in primary education (% of total teachers),Trained teachers in primary education are the percentage of primary school teachers who have received the minimum organized teacher training (pre-service or in-service) required for teaching in a given country.,"Data API, UN Educational, Scientific and Cultural Organization (UNESCO), uri: https://databrowser.uis.unesco.org/resources, note: The data are obtained through the UIS API.  Detailed documentation is available at: https://api.uis.unesco.org/api/public/documentation/, publisher: UNESCO Institute for Statistics (UIS), type: Bulk file, date accessed: 2026-03-19, date published: 2026-02",Education: Inputs,WB_WDI,% of total teachers in primary education,Annual,1997-2025,Weighted average,"Methodology: Share of trained teachers is calculated by dividing the number of trained teachers of the specified level of education by total number of teachers at the same level of education, and multiplying by 100. 























Data on education are collected by the UNESCO Institute for Statistics from official responses to its annual education survey. All the data are mapped to the International Standard Classification of Education (ISCED) to ensure the comparability of education programs at the international level. The current version was formally adopted by UNESCO Member States in 2011. 























The reference years reflect the school year for which the data are presented. In some countries the school year spans two calendar years (for example, from September 2010 to June 2011); in these cases the reference year refers to the year in which the school year ended (2011 in the example).
Statistical concept(s): This indicator quantifies the proportion of educators within the teaching workforce who have received comprehensive pedagogical training. A high percentage signifies that a substantial majority of students are instructed by teachers equipped with the necessary pedagogical skills and training to teach effectively. The role of teachers is pivotal in upholding the standard of education delivered. Optimal educational outcomes are achieved when all teachers are provided with sufficient, pertinent, and targeted pedagogical training, enabling them to teach at their designated educational level. Moreover, it is crucial that teachers possess the academic qualifications required to competently cover the subject matter they are tasked with teaching.","The proportion of trained educators is indicative of a nation's dedication to the enhancement of its educational workforce, and the expansion of this metric is a specific objective under Sustainable Development Goal target 4.c. Teachers serve as a crucial asset, particularly for first-generation learners within their families, who depend significantly on educators to gain fundamental literacy skills. Nonetheless, a surge in student enrollment can lead to a scarcity of qualified teachers. The allocation of funds for education plays a vital role in ensuring the proper distribution of teachers, as their salaries constitute a significant portion of educational expenditures. This scarcity of trained educators can lead to the employment of less qualified teachers in more disadvantaged regions.","This indicator does not take into account differences in teachers' experiences and status, teaching methods, teaching materials, and classroom conditions - all factors that affect the quality of teaching and learning. Some teachers without formal training may have acquired equivalent pedagogical skills through professional experience. In addition, national standards regarding teacher qualifications and pedagogical skills may vary.",,https://datacatalog.worldbank.org/int/public-licenses#cc-by
SE.SEC.TCAQ.UP.ZS,CC BY-4.0,Trained teachers in upper secondary education (% of total teachers),Trained teachers in upper secondary education are the percentage of upper secondary school teachers who have received the minimum organized teacher training (pre-service or in-service) required for teaching in a given country.,"Data API, UN Educational, Scientific and Cultural Organization (UNESCO), uri: https://databrowser.uis.unesco.org/resources, note: The data are obtained through the UIS API.  Detailed documentation is available at: https://api.uis.unesco.org/api/public/documentation/, publisher: UNESCO Institute for Statistics (UIS), type: Bulk file, date accessed: 2026-03-19, date published: 2026-02",Education: Inputs,WB_WDI,% of total teachers in upper secondary education,Annual,1998-2025,Weighted average,"Methodology: Share of trained teachers is calculated by dividing the number of trained teachers of the specified level of education by total number of teachers at the same level of education, and multiplying by 100. 























Data on education are collected by the UNESCO Institute for Statistics from official responses to its annual education survey. All the data are mapped to the International Standard Classification of Education (ISCED) to ensure the comparability of education programs at the international level. The current version was formally adopted by UNESCO Member States in 2011. 























The reference years reflect the school year for which the data are presented. In some countries the school year spans two calendar years (for example, from September 2010 to June 2011); in these cases the reference year refers to the year in which the school year ended (2011 in the example).
Statistical concept(s): This indicator quantifies the proportion of educators within the teaching workforce who have received comprehensive pedagogical training. A high percentage signifies that a substantial majority of students are instructed by teachers equipped with the necessary pedagogical skills and training to teach effectively. The role of teachers is pivotal in upholding the standard of education delivered. Optimal educational outcomes are achieved when all teachers are provided with sufficient, pertinent, and targeted pedagogical training, enabling them to teach at their designated educational level. Moreover, it is crucial that teachers possess the academic qualifications required to competently cover the subject matter they are tasked with teaching.","The proportion of trained educators is indicative of a nation's dedication to the enhancement of its educational workforce, and the expansion of this metric is a specific objective under Sustainable Development Goal target 4.c. Teachers serve as a crucial asset, particularly for first-generation learners within their families, who depend significantly on educators to gain fundamental literacy skills. Nonetheless, a surge in student enrollment can lead to a scarcity of qualified teachers. The allocation of funds for education plays a vital role in ensuring the proper distribution of teachers, as their salaries constitute a significant portion of educational expenditures. This scarcity of trained educators can lead to the employment of less qualified teachers in more disadvantaged regions.","This indicator does not take into account differences in teachers' experiences and status, teaching methods, teaching materials, and classroom conditions - all factors that affect the quality of teaching and learning. Some teachers without formal training may have acquired equivalent pedagogical skills through professional experience. In addition, national standards regarding teacher qualifications and pedagogical skills may vary.",,https://datacatalog.worldbank.org/int/public-licenses#cc-by
SE.SEC.TCAQ.UP.FE.ZS,CC BY-4.0,"Trained teachers in upper secondary education, female (% of female teachers)",Trained teachers in upper secondary education are the percentage of upper secondary school teachers who have received the minimum organized teacher training (pre-service or in-service) required for teaching in a given country.,"Data API, UN Educational, Scientific and Cultural Organization (UNESCO), uri: https://databrowser.uis.unesco.org/resources, note: The data are obtained through the UIS API.  Detailed documentation is available at: https://api.uis.unesco.org/api/public/documentation/, publisher: UNESCO Institute for Statistics (UIS), type: Bulk file, date accessed: 2026-03-19, date published: 2026-02",Education: Inputs,WB_WDI,% of female teachers in upper secondary education,Annual,1998-2025,Weighted average,"Methodology: Share of trained teachers is calculated by dividing the number of trained teachers of the specified level of education by total number of teachers at the same level of education, and multiplying by 100. 























Data on education are collected by the UNESCO Institute for Statistics from official responses to its annual education survey. All the data are mapped to the International Standard Classification of Education (ISCED) to ensure the comparability of education programs at the international level. The current version was formally adopted by UNESCO Member States in 2011. 























The reference years reflect the school year for which the data are presented. In some countries the school year spans two calendar years (for example, from September 2010 to June 2011); in these cases the reference year refers to the year in which the school year ended (2011 in the example).
Statistical concept(s): This indicator quantifies the proportion of educators within the teaching workforce who have received comprehensive pedagogical training. A high percentage signifies that a substantial majority of students are instructed by teachers equipped with the necessary pedagogical skills and training to teach effectively. The role of teachers is pivotal in upholding the standard of education delivered. Optimal educational outcomes are achieved when all teachers are provided with sufficient, pertinent, and targeted pedagogical training, enabling them to teach at their designated educational level. Moreover, it is crucial that teachers possess the academic qualifications required to competently cover the subject matter they are tasked with teaching.","The percentage of trained educators serves as a barometer for a country's commitment to improving its teaching workforce, and increasing this percentage aligns with the aims of Sustainable Development Goal target 4.c. Female educators, in particular, are vital as they provide inspiration and encouragement for young girls to continue their education. These professionals are instrumental in engaging and maintaining girls' attendance in schools, confronting entrenched gender biases in communities, raising parental aspirations for their daughters, and aiding in the reduction of the educational attainment disparity between male and female students.























Nonetheless, a surge in student enrollment can lead to a scarcity of qualified teachers. The allocation of funds for education plays a vital role in ensuring the proper distribution of teachers, as their salaries constitute a significant portion of educational expenditures. This scarcity of trained educators can lead to the employment of less qualified teachers in more disadvantaged regions.","This indicator does not take into account differences in teachers' experiences and status, teaching methods, teaching materials, and classroom conditions - all factors that affect the quality of teaching and learning. Some teachers without formal training may have acquired equivalent pedagogical skills through professional experience. In addition, national standards regarding teacher qualifications and pedagogical skills may vary.",,https://datacatalog.worldbank.org/int/public-licenses#cc-by
SE.SEC.TCAQ.UP.MA.ZS,CC BY-4.0,"Trained teachers in upper secondary education, male (% of male teachers)",Trained teachers in upper secondary education are the percentage of upper secondary school teachers who have received the minimum organized teacher training (pre-service or in-service) required for teaching in a given country.,"Data API, UN Educational, Scientific and Cultural Organization (UNESCO), uri: https://databrowser.uis.unesco.org/resources, note: The data are obtained through the UIS API.  Detailed documentation is available at: https://api.uis.unesco.org/api/public/documentation/, publisher: UNESCO Institute for Statistics (UIS), type: Bulk file, date accessed: 2026-03-19, date published: 2026-02",Education: Inputs,WB_WDI,% of male teachers in upper secondary education,Annual,1998-2025,Weighted average,"Methodology: Share of trained teachers is calculated by dividing the number of trained teachers of the specified level of education by total number of teachers at the same level of education, and multiplying by 100. 























Data on education are collected by the UNESCO Institute for Statistics from official responses to its annual education survey. All the data are mapped to the International Standard Classification of Education (ISCED) to ensure the comparability of education programs at the international level. The current version was formally adopted by UNESCO Member States in 2011. 























The reference years reflect the school year for which the data are presented. In some countries the school year spans two calendar years (for example, from September 2010 to June 2011); in these cases the reference year refers to the year in which the school year ended (2011 in the example).
Statistical concept(s): This indicator quantifies the proportion of educators within the teaching workforce who have received comprehensive pedagogical training. A high percentage signifies that a substantial majority of students are instructed by teachers equipped with the necessary pedagogical skills and training to teach effectively. The role of teachers is pivotal in upholding the standard of education delivered. Optimal educational outcomes are achieved when all teachers are provided with sufficient, pertinent, and targeted pedagogical training, enabling them to teach at their designated educational level. Moreover, it is crucial that teachers possess the academic qualifications required to competently cover the subject matter they are tasked with teaching.","The proportion of trained educators is indicative of a nation's dedication to the enhancement of its educational workforce, and the expansion of this metric is a specific objective under Sustainable Development Goal target 4.c. Teachers serve as a crucial asset, particularly for first-generation learners within their families, who depend significantly on educators to gain fundamental literacy skills. Nonetheless, a surge in student enrollment can lead to a scarcity of qualified teachers. The allocation of funds for education plays a vital role in ensuring the proper distribution of teachers, as their salaries constitute a significant portion of educational expenditures. This scarcity of trained educators can lead to the employment of less qualified teachers in more disadvantaged regions.","This indicator does not take into account differences in teachers' experiences and status, teaching methods, teaching materials, and classroom conditions - all factors that affect the quality of teaching and learning. Some teachers without formal training may have acquired equivalent pedagogical skills through professional experience. In addition, national standards regarding teacher qualifications and pedagogical skills may vary.",,https://datacatalog.worldbank.org/int/public-licenses#cc-by
SE.SEC.ENRL.LO.TC.ZS,CC BY-4.0,"Pupil-teacher ratio, lower secondary",Lower secondary school pupil-teacher ratio is the average number of pupils per teacher in lower secondary school.,"Stat Bulk Data Download Service, UN Educational, Scientific and Cultural Organization (UNESCO), uri: https://uis.unesco.org/bdds, publisher: UNESCO Institute for Statistics (UIS)",Education: Inputs,WB_WDI,,Annual,1981-2019,Weighted average,"Methodology: Pupil-teacher ratio is calculated by dividing the number of students at the specified level of education by the number of teachers at the same level of education. 

Data on education are collected by the UNESCO Institute for Statistics from official responses to its annual education survey. All the data are mapped to the International Standard Classification of Education (ISCED) to ensure the comparability of education programs at the international level. The current version was formally adopted by UNESCO Member States in 2011. 

The reference years reflect the school year for which the data are presented. In some countries the school year spans two calendar years (for example, from September 2010 to June 2011); in these cases the reference year refers to the year in which the school year ended (2011 in the example).
Statistical concept(s):","The pupil-teacher ratio is often used to compare the quality of schooling across countries, but it is often weakly related to student learning and quality of education.","The comparability of pupil-teacher ratios across countries is affected by the definition of teachers and by differences in class size by grade and in the number of hours taught, as well as the different practices countries employ such as part-time teachers, school shifts, and multi-grade classes. Moreover, the underlying enrollment levels are subject to a variety of reporting errors.",,https://datacatalog.worldbank.org/int/public-licenses#cc-by
SE.PRE.ENRL.TC.ZS,CC BY-4.0,"Pupil-teacher ratio, preprimary",Preprimary school pupil-teacher ratio is the average number of pupils per teacher in preprimary school.,"Stat Bulk Data Download Service, UN Educational, Scientific and Cultural Organization (UNESCO), uri: https://uis.unesco.org/bdds, publisher: UNESCO Institute for Statistics (UIS)",Education: Inputs,WB_WDI,,Annual,1970-2019,Weighted average,"Methodology: Pupil-teacher ratio is calculated by dividing the number of students at the specified level of education by the number of teachers at the same level of education. 

Data on education are collected by the UNESCO Institute for Statistics from official responses to its annual education survey. All the data are mapped to the International Standard Classification of Education (ISCED) to ensure the comparability of education programs at the international level. The current version was formally adopted by UNESCO Member States in 2011. 

The reference years reflect the school year for which the data are presented. In some countries the school year spans two calendar years (for example, from September 2010 to June 2011); in these cases the reference year refers to the year in which the school year ended (2011 in the example).","The pupil-teacher ratio is often used to compare the quality of schooling across countries, but it is often weakly related to student learning and quality of education.","The comparability of pupil-teacher ratios across countries is affected by the definition of teachers and by differences in class size by grade and in the number of hours taught, as well as the different practices countries employ such as part-time teachers, school shifts, and multi-grade classes. Moreover, the underlying enrollment levels are subject to a variety of reporting errors.",,https://datacatalog.worldbank.org/int/public-licenses#cc-by
SE.PRM.ENRL.TC.ZS,CC BY-4.0,"Pupil-teacher ratio, primary",Primary school pupil-teacher ratio is the average number of pupils per teacher in primary school.,"Stat Bulk Data Download Service, UN Educational, Scientific and Cultural Organization (UNESCO), uri: https://uis.unesco.org/bdds, publisher: UNESCO Institute for Statistics (UIS)",Education: Inputs,WB_WDI,,Annual,1970-2019,Weighted average,"Methodology: Pupil-teacher ratio is calculated by dividing the number of students at the specified level of education by the number of teachers at the same level of education. 

Data on education are collected by the UNESCO Institute for Statistics from official responses to its annual education survey. All the data are mapped to the International Standard Classification of Education (ISCED) to ensure the comparability of education programs at the international level. The current version was formally adopted by UNESCO Member States in 2011. 

The reference years reflect the school year for which the data are presented. In some countries the school year spans two calendar years (for example, from September 2010 to June 2011); in these cases the reference year refers to the year in which the school year ended (2011 in the example).
Statistical concept(s):","The pupil-teacher ratio is often used to compare the quality of schooling across countries, but it is often weakly related to student learning and quality of education.","The comparability of pupil-teacher ratios across countries is affected by the definition of teachers and by differences in class size by grade and in the number of hours taught, as well as the different practices countries employ such as part-time teachers, school shifts, and multi-grade classes. Moreover, the underlying enrollment levels are subject to a variety of reporting errors.",,https://datacatalog.worldbank.org/int/public-licenses#cc-by
SE.SEC.ENRL.TC.ZS,CC BY-4.0,"Pupil-teacher ratio, secondary",Secondary school pupil-teacher ratio is the average number of pupils per teacher in secondary school.,"Stat Bulk Data Download Service, UN Educational, Scientific and Cultural Organization (UNESCO), uri: https://uis.unesco.org/bdds, publisher: UNESCO Institute for Statistics (UIS)",Education: Inputs,WB_WDI,,Annual,1970-2019,Weighted average,"Methodology: Pupil-teacher ratio is calculated by dividing the number of students at the specified level of education by the number of teachers at the same level of education.

Data on education are collected by the UNESCO Institute for Statistics from official responses to its annual education survey. All the data are mapped to the International Standard Classification of Education (ISCED) to ensure the comparability of education programs at the international level. The current version was formally adopted by UNESCO Member States in 2011.

The reference years reflect the school year for which the data are presented. In some countries the school year spans two calendar years (for example, from September 2010 to June 2011); in these cases the reference year refers to the year in which the school year ended (2011 in the example).
Statistical concept(s):","The pupil-teacher ratio is often used to compare the quality of schooling across countries, but it is often weakly related to student learning and quality of education.","The comparability of pupil-teacher ratios across countries is affected by the definition of teachers and by differences in class size by grade and in the number of hours taught, as well as the different practices countries employ such as part-time teachers, school shifts, and multi-grade classes. Moreover, the underlying enrollment levels are subject to a variety of reporting errors.",,https://datacatalog.worldbank.org/int/public-licenses#cc-by
SE.TER.ENRL.TC.ZS,CC BY-4.0,"Pupil-teacher ratio, tertiary",Tertiary school pupil-teacher ratio is the average number of pupils per teacher in tertiary school.,"Stat Bulk Data Download Service, UN Educational, Scientific and Cultural Organization (UNESCO), uri: https://uis.unesco.org/bdds, publisher: UNESCO Institute for Statistics (UIS)",Education: Inputs,WB_WDI,,Annual,1970-2019,Weighted average,"Methodology: Pupil-teacher ratio is calculated by dividing the number of students at the specified level of education by the number of teachers at the same level of education. 

Data on education are collected by the UNESCO Institute for Statistics from official responses to its annual education survey. All the data are mapped to the International Standard Classification of Education (ISCED) to ensure the comparability of education programs at the international level. The current version was formally adopted by UNESCO Member States in 2011. 

The reference years reflect the school year for which the data are presented. In some countries the school year spans two calendar years (for example, from September 2010 to June 2011); in these cases the reference year refers to the year in which the school year ended (2011 in the example).
Statistical concept(s):","The pupil-teacher ratio is often used to compare the quality of schooling across countries, but it is often weakly related to student learning and quality of education.","The comparability of pupil-teacher ratios across countries is affected by the definition of teachers and by differences in class size by grade and in the number of hours taught, as well as the different practices countries employ such as part-time teachers, school shifts, and multi-grade classes. Moreover, the underlying enrollment levels are subject to a variety of reporting errors.",,https://datacatalog.worldbank.org/int/public-licenses#cc-by
SE.SEC.ENRL.UP.TC.ZS,CC BY-4.0,"Pupil-teacher ratio, upper secondary",Upper secondary school pupil-teacher ratio is the average number of pupils per teacher in upper secondary school.,"Stat Bulk Data Download Service, UN Educational, Scientific and Cultural Organization (UNESCO), uri: https://uis.unesco.org/bdds, publisher: UNESCO Institute for Statistics (UIS)",Education: Inputs,WB_WDI,,Annual,1981-2019,Weighted average,"Methodology: Pupil-teacher ratio is calculated by dividing the number of students at the specified level of education by the number of teachers at the same level of education. 

Data on education are collected by the UNESCO Institute for Statistics from official responses to its annual education survey. All the data are mapped to the International Standard Classification of Education (ISCED) to ensure the comparability of education programs at the international level. The current version was formally adopted by UNESCO Member States in 2011. 

The reference years reflect the school year for which the data are presented. In some countries the school year spans two calendar years (for example, from September 2010 to June 2011); in these cases the reference year refers to the year in which the school year ended (2011 in the example).
Statistical concept(s):","The pupil-teacher ratio is often used to compare the quality of schooling across countries, but it is often weakly related to student learning and quality of education.","The comparability of pupil-teacher ratios across countries is affected by the definition of teachers and by differences in class size by grade and in the number of hours taught, as well as the different practices countries employ such as part-time teachers, school shifts, and multi-grade classes. Moreover, the underlying enrollment levels are subject to a variety of reporting errors.",,https://datacatalog.worldbank.org/int/public-licenses#cc-by
SE.XPD.TOTL.GD.ZS,CC BY-4.0,"Government expenditure on education, total (% of GDP)","General government expenditure on education (current, capital, and transfers) is expressed as a percentage of GDP. It includes expenditure funded by transfers from international sources to government. General government usually refers to local, regional and central governments.","Data API, UN Educational, Scientific and Cultural Organization (UNESCO), uri: https://databrowser.uis.unesco.org/resources, note: The data are obtained through the UIS API.  Detailed documentation is available at: https://api.uis.unesco.org/api/public/documentation/, publisher: UNESCO Institute for Statistics (UIS), date accessed: 2026-03-19, date published: 2026-02",Education: Inputs,WB_WDI,% of GDP,Annual,1970-2025,Median,"Methodology: Government expenditure on education, total (% of GDP) is calculated by dividing total government expenditure for all levels of education by the GDP, and multiplying by 100. Aggregate data are based on World Bank estimates.





















Information pertaining to educational expenditures is sourced from national governments, which provide the data in response to the annual survey conducted by the UNESCO Institute for Statistics (UIS) or through the joint UNESCO-OECD-Eurostat (UOE) data collection initiative. The responses to the questionnaire regarding educational spending are typically derived from the annual financial statements issued by either the Ministry of Finance or the Ministry of Education, or from the national accounts maintained by the National Statistical Office. Additionally, data concerning GDP and overall government expenditure are accessible via the IMF’s World Economic Outlook database, which is updated annually.
Statistical concept(s): Generally, elevated levels of the indicator suggest that a government places a high priority on educational policy. Values ranging from 4% to 6% are indicative of a country achieving the benchmark set forth by the Education 2030 Framework for Action (https://unesdoc.unesco.org/ark:/48223/pf0000245656).









































Educational expenditure encompasses spending on fundamental educational goods and services, including teaching personnel, school infrastructure, textbooks, and instructional materials, as well as on ancillary educational goods and services such as support services, general administration, and other related activities.









































Funding for education may originate from public sources, encompassing all government ministries and agencies that finance or support educational programs within the country, as well as from international and private sources, such as household contributions.","Investment in education acts as a driving force for economic growth, enhances productivity, and promotes the betterment of individual and collective welfare. This indicator evaluates the extent to which a government prioritizes education in relation to its overall economic prosperity.",Data may refer to spending by the ministry of education only (excluding spending on educational activities by other ministries).,,https://datacatalog.worldbank.org/int/public-licenses#cc-by
SE.XPD.TOTL.GB.ZS,CC BY-4.0,"Government expenditure on education, total (% of government expenditure)","General government expenditure on education (current, capital, and transfers) is expressed as a percentage of total general government expenditure on all sectors (including health, education, social services, etc.). It includes expenditure funded by transfers from international sources to government. General government usually refers to local, regional and central governments.","Data API, UN Educational, Scientific and Cultural Organization (UNESCO), uri: https://databrowser.uis.unesco.org/resources, note: The data are obtained through the UIS API.  Detailed documentation is available at: https://api.uis.unesco.org/api/public/documentation/, publisher: UNESCO Institute for Statistics (UIS), date accessed: 2026-03-19, date published: 2026-02",Education: Inputs,WB_WDI,% of government expenditure,Annual,1980-2025,Median,"Methodology: Expenditure on education, total (% of government expenditure) is calculated by dividing total government expenditure on education by the total government expenditure on all sectors and multiplying by 100. Aggregate data are based on World Bank estimates.























Information regarding educational expenditures is obtained from national governments through their responses to the annual survey on formal education conducted by the UNESCO Institute for Statistics (UIS). The data provided for this questionnaire often originates from the annual financial reports of the Ministry of Finance or the Ministry of Education, or from the national accounts compiled by the National Statistical Office. Additionally, comprehensive data on general government expenditure across all sectors are sourced from the International Monetary Fund's (IMF) World Economic Outlook database, which undergoes an annual update.
Statistical concept(s): A greater allocation of government funds towards education reflects a significant emphasis on educational priorities in comparison to other public sector investments. It is important to consider, however, that the capacity of governments to spend varies, resulting in differing budget sizes. Additionally, demographic factors such as the age distribution within a country can influence the proportion of spending on education versus other areas like health or social security.","Investment in education serves as a driving force for economic growth, enhancement of productivity, and the promotion of individual and collective prosperity. This indicator is instrumental in evaluating the extent to which a government prioritizes education, whether over time or in relation to other nations. Furthermore, it reflects the government's dedication to the investment in human capital development.","Data on government expenditure on education may refer to spending by the ministry of education only (excluding spending on educational activities by other ministries). In addition, definitions and methods of data on total general government expenditure may differ across countries.",,https://datacatalog.worldbank.org/int/public-licenses#cc-by
GC.NLD.TOTL.GD.ZS,CC BY-4.0,Net lending (+) / net borrowing (-) (% of GDP),"Net lending (+) / net borrowing (–) equals government revenue minus expense, minus net investment in nonfinancial assets. It is also equal to the net result of transactions in financial assets and liabilities. Net lending/net borrowing is a summary measure indicating the extent to which government is either putting financial resources at the disposal of other sectors in the economy or abroad, or utilizing the financial resources generated by other sectors in the economy or from abroad. This indicator is expressed as a percentage of Gross Domestic Product (GDP) which is the total income earned through the production of goods and services in an economic territory during an accounting period.","Government Finance Statistics Yearbook and data files, International Monetary Fund (IMF)",Public Sector: Government finance: Deficit & financing,WB_WDI,%,Annual,1972-2024,Weighted average,"Methodology: Government Finance statistics are compiled in accordance with international standards: Government Finance Statistics Manual, 2014 or 2001 editions. Specific information on how countries compile their Government Finance statistics can be found on the IMF website: https://dsbb.imf.org/
Statistical concept(s): Government Financial Statistics are compiled within a conceptual and reporting framework suitable for analyzing and evaluating fiscal policy, especially the performance of the general government sector and the broader public sector of any economy.","This indicator is related to Government finance statistics. Government finance statistics provide a detailed snapshot of a government's fiscal operations and health. They encompass data on revenue, expenditures, deficits, and debt levels, which are essential for crafting fiscal policy, budget planning, and economic forecasting. These statistics help policymakers manage public finances effectively, make informed decisions on taxation and spending, and set priorities for resource allocation. For investors, analysts, and the international community, government finance statistics serve as key indicators of a country's economic stability and creditworthiness. They also play a crucial role in ensuring transparency and accountability, as they allow citizens and oversight bodies to track how public funds are managed and spent, fostering democratic engagement and governance. More specifically, this indicator is the balance of the government statistics. Balance items represent the difference between the total revenue and total expenditure of a government. If this balance is positive, it indicates net lending, meaning the government has a surplus and can potentially lend or invest the excess funds. Conversely, if the balance is negative, it indicates net borrowing, meaning the government has a deficit and may need to borrow funds to cover the shortfall. This figure is important because it provides a clear indicator of a government's fiscal health and its ability to finance its operations without resorting to additional borrowing. It is also a key indicator used by policymakers to make informed decisions about fiscal policy, taxation, and public spending. Furthermore, it is an essential metric for international organizations, investors, and credit rating agencies to assess a country's economic stability and creditworthiness.","For most countries central government finance data have been consolidated into one account, but for others only budgetary central government accounts are available. Countries reporting budgetary data are noted in the country metadata. Because budgetary accounts may not include all central government units (such as social security funds), they usually provide an incomplete picture. In federal states the central government accounts provide an incomplete view of total public finance.









Data on government revenue and expense are collected by the IMF through questionnaires to member countries and by the Organisation for Economic Co-operation and Development (OECD). Despite IMF efforts to standardize data collection, statistics are often incomplete, untimely, and not comparable across countries.",,https://datacatalog.worldbank.org/int/public-licenses#cc-by
GC.NLD.TOTL.CN,CC BY-4.0,Net lending (+) / net borrowing (-) (current LCU),"Net lending (+) / net borrowing (–) equals government revenue minus expense, minus net investment in nonfinancial assets. It is also equal to the net result of transactions in financial assets and liabilities. Net lending/net borrowing is a summary measure indicating the extent to which government is either putting financial resources at the disposal of other sectors in the economy or abroad, or utilizing the financial resources generated by other sectors in the economy or from abroad. This indicator is expressed in current prices, meaning no adjustment has been made to account for price changes over time. This series is expressed in local currency units.","Government Finance Statistics Yearbook and data files, International Monetary Fund (IMF)",Public Sector: Government finance: Deficit & financing,WB_WDI,current LCU,Annual,1972-2024,,"Methodology: Government Finance statistics are compiled in accordance with international standards: Government Finance Statistics Manual, 2014 or 2001 editions. Specific information on how countries compile their Government Finance statistics can be found on the IMF website: https://dsbb.imf.org/
Statistical concept(s): Government Financial Statistics are compiled within a conceptual and reporting framework suitable for analyzing and evaluating fiscal policy, especially the performance of the general government sector and the broader public sector of any economy.","This indicator is related to Government finance statistics. Government finance statistics provide a detailed snapshot of a government's fiscal operations and health. They encompass data on revenue, expenditures, deficits, and debt levels, which are essential for crafting fiscal policy, budget planning, and economic forecasting. These statistics help policymakers manage public finances effectively, make informed decisions on taxation and spending, and set priorities for resource allocation. For investors, analysts, and the international community, government finance statistics serve as key indicators of a country's economic stability and creditworthiness. They also play a crucial role in ensuring transparency and accountability, as they allow citizens and oversight bodies to track how public funds are managed and spent, fostering democratic engagement and governance. More specifically, this indicator is the balance of the government statistics. Balance items represent the difference between the total revenue and total expenditure of a government. If this balance is positive, it indicates net lending, meaning the government has a surplus and can potentially lend or invest the excess funds. Conversely, if the balance is negative, it indicates net borrowing, meaning the government has a deficit and may need to borrow funds to cover the shortfall. This figure is important because it provides a clear indicator of a government's fiscal health and its ability to finance its operations without resorting to additional borrowing. It is also a key indicator used by policymakers to make informed decisions about fiscal policy, taxation, and public spending. Furthermore, it is an essential metric for international organizations, investors, and credit rating agencies to assess a country's economic stability and creditworthiness.","For most countries central government finance data have been consolidated into one account, but for others only budgetary central government accounts are available. Countries reporting budgetary data are noted in the country metadata. Because budgetary accounts may not include all central government units (such as social security funds), they usually provide an incomplete picture. In federal states the central government accounts provide an incomplete view of total public finance.









Data on government revenue and expense are collected by the IMF through questionnaires to member countries and by the Organisation for Economic Co-operation and Development (OECD). Despite IMF efforts to standardize data collection, statistics are often incomplete, untimely, and not comparable across countries.",,https://datacatalog.worldbank.org/int/public-licenses#cc-by
SL.UEM.1524.ZS,CC BY-4.0,"Unemployment, youth total (% of total labor force ages 15-24) (modeled ILO estimate)",Youth unemployment refers to the share of the labor force ages 15-24 without work but available for and seeking employment.,"ILO Modelled Estimates database (ILOEST), International Labour Organization (ILO), uri: https://ilostat.ilo.org/data/bulk/, publisher: ILOSTAT, type: external database, date accessed: January 17, 2026",Social Protection & Labor: Unemployment,WB_WDI,% of total labor force ages 15-24,Annual,1991-2025,Weighted average,"Methodology: The unemployment rate is calculated by expressing the number of unemployed persons as a percentage of the total number of persons in the labor force. The labor force (formerly known as the economically active population) is the sum of the number of persons employed and the number of persons unemployed. 



The series is part of the "ILO modeled estimates database," including nationally reported observations and imputed data for countries with missing data, primarily to capture regional and global trends with consistent country coverage. Country-reported microdata is based mainly on nationally representative labor force surveys, with other sources (e.g., household surveys and population censuses) considering differences in the data source, the scope of coverage, methodology, and other country-specific factors. Country analysis requires caution where limited nationally reported data are available. A series of models are also applied to impute missing observations and make projections. However, imputed observations are not based on national data, are subject to high uncertainty, and should not be used for country comparisons or rankings. For more information: https://ilostat.ilo.org/resources/concepts-and-definitions/ilo-modelled-estimates/
Statistical concept(s): The unemployed comprise all persons of working age who were: a) without work during the reference period, i.e. were not in paid employment or self-employment; b) currently available for work, i.e. were available for paid employment or self-employment during the reference period; and c) seeking work, i.e. had taken specific steps in a specified recent period to seek paid employment or self-employment. Future starters, that is, persons who did not look for work but have a future labor market stake (made arrangements for a future job start) are also counted as unemployed, as are participants in skills training or retraining schemes within employment promotion programs, who on that basis, were “not in employment”, not “currently available” and did not “seek employment” because they had a job offer to start within a short subsequent period generally not greater than three months. The unemployed also include persons “not in employment” who carried out activities to migrate abroad in order to work for pay or profit but who were still waiting for the opportunity to leave.



Employment comprises all persons of working age who during a specified brief period, such as one week or one day, were in the following categories: a) paid employment (whether at work or with a job but not at work); or b) self-employment (whether at work or with an enterprise but not at work).

The working-age population is the population above the legal working age, but for statistical purposes it comprises all persons above a specified minimum age threshold for which an inquiry on economic activity is made. To promote international comparability, the working-age population is often defined as all persons aged 15 and older, but this may vary from country to country based on national laws and practices (some countries also apply an upper age limit).","The unemployment rate is a useful measure of the underutilization of the labor supply. It reflects the inability of an economy to generate employment for those persons who want to work but are not doing so, even though they are available for employment and actively seeking work. It is thus seen as an indicator of the efficiency and effectiveness of an economy to absorb its labor force and of the performance of the labor market.



Given its usefulness in conveying valuable information on a country’s labor market situation and the fact that it is widely recognized as a headline labor market indicator, it was included as one of the indicators to measure progress towards the achievement of the Sustainable Development Goals (SDG), under Goal 8 (Promote sustained, inclusive and sustainable economic growth, full and productive employment and decent work for all).



Youth unemployment is an important policy issue for many economies. Young men and women today face increasing uncertainty in their hopes of undergoing a satisfactory transition in the labour market, and this uncertainty and disillusionment can, in turn, have damaging effects on individuals, communities, economies and society at large. Unemployed or underemployed youth are less able to contribute effectively to national development and have fewer opportunities to exercise their rights as citizens. They have less to spend as consumers, less to invest as savers and often have no "voice" to bring about change in their lives and communities. Widespread youth unemployment and underemployment also prevents companies and countries from innovating and developing competitive advantages based on human capital investment, thus undermining future prospects.","The criteria for people considered to be seeking work, and the treatment of people temporarily laid off or seeking work for the first time, vary across countries. In many cases it is especially difficult to measure employment and unemployment in agriculture. The timing of a survey can maximize the effects of seasonal unemployment in agriculture. And informal sector employment is difficult to quantify where informal activities are not tracked.

There may be also persons not currently in the labour market who want to work but do not actively "seek" work because they view job opportunities as limited, or because they have restricted labour mobility, or face discrimination, or structural, social or cultural barriers. The exclusion of people who want to work but are not seeking work (often called the "hidden unemployed" or "discouraged workers") is a criterion that will affect the unemployment count of both women and men. 

However, women tend to be excluded from the count for various reasons. Women suffer more from discrimination and from structural, social, and cultural barriers that impede them from seeking work. Also, women are often responsible for the care of children and the elderly and for household affairs. They may not be available for work during the short reference period, as they need to make arrangements before starting work. Further, women are considered to be employed when they are working part-time or in temporary jobs, despite the instability of these jobs or their active search for more secure employment.",National estimates are also available in the WDI database. Caution should be used when comparing ILO estimates with national estimates.,https://datacatalog.worldbank.org/int/public-licenses#cc-by
SL.TLF.ACTI.1524.ZS,CC BY-4.0,"Labor force participation rate for ages 15-24, total (%) (modeled ILO estimate)",Labor force participation rate for ages 15-24 is the proportion of the population ages 15-24 that is economically active: all people who supply labor for the production of goods and services during a specified period.,"ILO Modelled Estimates database (ILOEST), International Labour Organization (ILO), uri: https://ilostat.ilo.org/data/bulk/, publisher: ILOSTAT, type: external database, date accessed: January 17, 2026",Social Protection & Labor: Labor force structure,WB_WDI,% of total population ages 15-24,Annual,1990-2025,Weighted average,"Methodology: The labor force participation rate is calculated by expressing the number of persons in the labor force as a percentage of the population of a given age group. The labor force is the sum of the number of persons employed and the number of unemployed. 

Labor force surveys are typically the preferred source of information for determining the labor force participation rate. Such surveys can be designed to cover virtually the entire noninstitutional population of a given country, all branches of economic activity, all sectors of the economy and all categories of workers, including the self-employed, contributing (unpaid) family workers, casual workers and multiple jobholders. In addition, such surveys generally provide an opportunity for the simultaneous measurement of the employed, the unemployed and persons outside the labor force in a coherent framework. 

Population censuses are another major source of data on the labor force and its components. The labor force participation rates obtained from population censuses, however, tend to be lower, as the vastness of the census operation inhibits the recruitment of trained interviewers and does not typically allow for detailed probing on the labor market activities of the respondents.

The series is part of the "ILO modeled estimates database," including nationally reported observations and imputed data for countries with missing data, primarily to capture regional and global trends with consistent country coverage. Country-reported microdata is based mainly on nationally representative labor force surveys, with other sources (e.g., household surveys and population censuses) considering differences in the data source, the scope of coverage, methodology, and other country-specific factors. Country analysis requires caution where limited nationally reported data are available. A series of models are also applied to impute missing observations and make projections. However, imputed observations are not based on national data, are subject to high uncertainty, and should not be used for country comparisons or rankings. For more information: https://ilostat.ilo.org/resources/concepts-and-definitions/ilo-modelled-estimates/
Statistical concept(s): The labor force is the supply of labor available for producing goods and services in an economy. It includes people who are currently employed and people who are unemployed but seeking work as well as first-time job-seekers. Not everyone who works is included, however. Unpaid workers, family workers, and students are often omitted, and some countries do not count members of the armed forces. Labor force size tends to vary during the year as seasonal workers enter and leave.","The labor force participation rate indicator plays a central role in the study of the factors that determine the size and composition of a country’s human resources and in making projections of the future supply of labor. The information is also used to formulate employment policies, to determine training needs and to calculate the expected working lives of the male and female populations and the rates of accession to, and retirement from, economic activity – crucial information for the financial planning of social security systems.","Data on the labor force are compiled by the ILO from labor force surveys, censuses, and establishment censuses and surveys. For some countries a combination of these sources is used. Labor force surveys are the most comprehensive source for internationally comparable labor force data. They can cover all non-institutionalized civilians, all branches and sectors of the economy, and all categories of workers, including people holding multiple jobs. By contrast, labor force data from population censuses are often based on a limited number of questions on the economic characteristics of individuals, with little scope to probe. The resulting data often differ from labor force survey data and vary considerably by country, depending on the census scope and coverage. Establishment censuses and surveys provide data only on the employed population, not unemployed workers, workers in small establishments, or workers in the informal sector.

The reference period of a census or survey is another important source of differences: in some countries data refer to people's status on the day of the census or survey or during a specific period before the inquiry date, while in others data are recorded without reference to any period. In countries, where the household is the basic unit of production and all members contribute to output, but some at low intensity or irregularly, the estimated labor force may be much smaller than the numbers actually working.

Differing definitions of employment age also affect comparability. For most countries the working age is 15 and older, but in some countries children younger than 15 work full- or part-time and are included in the estimates. Similarly, some countries have an upper age limit. As a result, calculations may systematically over- or underestimate actual rates.",National estimates are also available in the WDI database. Caution should be used when comparing ILO estimates with national estimates.,https://datacatalog.worldbank.org/int/public-licenses#cc-by
SE.SEC.PROG.ZS,CC BY-4.0,Progression to secondary school (%),Progression to secondary school refers to the number of new entrants to the first grade of secondary school in a given year as a percentage of the number of students enrolled in the final grade of primary school in the previous year (minus the number of repeaters from the last grade of primary education in the given year).,"Stat Bulk Data Download Service, UN Educational, Scientific and Cultural Organization (UNESCO), uri: https://uis.unesco.org/bdds, publisher: UNESCO Institute for Statistics (UIS)",Education: Efficiency,WB_WDI,,Annual,1970-2018,Weighted average,"Methodology: Effective transition rate is calculated by dividing the number of new entrants in the first grade of secondary education in a given year (t) by the number of students who enrolled in the final grade of primary education in the previous school year (t-1) minus the number of repeaters from the last grade of primary education in the given year (t), and multiplying by 100. 
Data on education are collected by the UNESCO Institute for Statistics from official responses to its annual education survey. All the data are mapped to the International Standard Classification of Education (ISCED) to ensure the comparability of education programs at the international level. The current version was formally adopted by UNESCO Member States in 2011. 

The reference years reflect the school year for which the data are presented. In some countries the school year spans two calendar years (for example, from September 2010 to June 2011); in these cases the reference year refers to the year in which the school year ended (2011 in the example).
Statistical concept(s):","The effective transition rate from primary to secondary education conveys the degree of access or transition between the two levels. As completing primary education is a prerequisite for participating in lower secondary education, growing numbers of primary completers will inevitably create pressure for more available places at the secondary level. A low effective transition rate can signal such problems as an inadequate examination and promotion system or insufficient secondary education capacity.",The quality of data on the transition rate is affected when new entrants and repeaters are not correctly distinguished. Students who interrupt their studies after completing primary education could also affect data quality.,,https://datacatalog.worldbank.org/int/public-licenses#cc-by
SE.SEC.NENR,CC BY-4.0,"School enrollment, secondary (% net)","Net enrollment rate is the ratio of children of official school age who are enrolled in school to the population of the corresponding official school age. Secondary education completes the provision of basic education that began at the primary level, and aims at laying the foundations for lifelong learning and human development, by offering more subject- or skill-oriented instruction using more specialized teachers.","Stat Bulk Data Download Service, UN Educational, Scientific and Cultural Organization (UNESCO), uri: https://uis.unesco.org/bdds, publisher: UNESCO Institute for Statistics (UIS)",Education: Participation,WB_WDI,,Annual,1970-2019,Weighted average,"Methodology: Net enrollment rate for secondary school is calculated by dividing the number of students of official school age enrolled in secondary education by the population of the age group which officially corresponds to secondary education, and multiplying by 100. 

Data on education are collected by the UNESCO Institute for Statistics from official responses to its annual education survey. All the data are mapped to the International Standard Classification of Education (ISCED) to ensure the comparability of education programs at the international level. The current version was formally adopted by UNESCO Member States in 2011. Population data are drawn from the United Nations Population Division. Using a single source for population data standardizes definitions, estimations, and interpolation methods, ensuring a consistent methodology across countries and minimizing potential enumeration problems in national censuses.

The reference years reflect the school year for which the data are presented. In some countries the school year spans two calendar years (for example, from September 2010 to June 2011); in these cases the reference year refers to the year in which the school year ended (2011 in the example).
Statistical concept(s):","Gross enrollment ratios indicate the capacity of each level of the education system, but a high ratio may reflect a substantial number of overage children enrolled in each grade because of repetition or late entry rather than a successful education system. The net enrollment rate excludes overage and underage students and more accurately captures the system's coverage and internal efficiency. Differences between the gross enrollment ratio and the net enrollment rate show the incidence of overage and underage enrollments.","Enrollment indicators are based on annual school surveys, but do not necessarily reflect actual attendance or dropout rates during the year. Also, the length of education differs across countries and can influence enrollment rates, although the International Standard Classification of Education (ISCED) tries to minimize the difference. For example, a shorter duration for primary education tends to increase the rate; a longer one to decrease it (in part because older children are more at risk of dropping out). Moreover, age at enrollment may be inaccurately estimated or misstated, especially in communities where registration of births is not strictly enforced.",,https://datacatalog.worldbank.org/int/public-licenses#cc-by
SE.SEC.NENR.FE,CC BY-4.0,"School enrollment, secondary, female (% net)","Net enrollment rate is the ratio of children of official school age who are enrolled in school to the population of the corresponding official school age. Secondary education completes the provision of basic education that began at the primary level, and aims at laying the foundations for lifelong learning and human development, by offering more subject- or skill-oriented instruction using more specialized teachers.","Stat Bulk Data Download Service, UN Educational, Scientific and Cultural Organization (UNESCO), uri: https://uis.unesco.org/bdds, publisher: UNESCO Institute for Statistics (UIS)",Education: Participation,WB_WDI,,Annual,1970-2019,Weighted average,"Methodology: Net enrollment rate for secondary school is calculated by dividing the number of students of official school age enrolled in secondary education by the population of the age group which officially corresponds to secondary education, and multiplying by 100. 

Data on education are collected by the UNESCO Institute for Statistics from official responses to its annual education survey. All the data are mapped to the International Standard Classification of Education (ISCED) to ensure the comparability of education programs at the international level. The current version was formally adopted by UNESCO Member States in 2011. Population data are drawn from the United Nations Population Division. Using a single source for population data standardizes definitions, estimations, and interpolation methods, ensuring a consistent methodology across countries and minimizing potential enumeration problems in national censuses.

The reference years reflect the school year for which the data are presented. In some countries the school year spans two calendar years (for example, from September 2010 to June 2011); in these cases the reference year refers to the year in which the school year ended (2011 in the example).
Statistical concept(s):","Gross enrollment ratios indicate the capacity of each level of the education system, but a high ratio may reflect a substantial number of overage children enrolled in each grade because of repetition or late entry rather than a successful education system. The net enrollment rate excludes overage and underage students and more accurately captures the system's coverage and internal efficiency. Differences between the gross enrollment ratio and the net enrollment rate show the incidence of overage and underage enrollments.","Enrollment indicators are based on annual school surveys, but do not necessarily reflect actual attendance or dropout rates during the year. Also, the length of education differs across countries and can influence enrollment rates, although the International Standard Classification of Education (ISCED) tries to minimize the difference. For example, a shorter duration for primary education tends to increase the rate; a longer one to decrease it (in part because older children are more at risk of dropping out). Moreover, age at enrollment may be inaccurately estimated or misstated, especially in communities where registration of births is not strictly enforced.",,https://datacatalog.worldbank.org/int/public-licenses#cc-by
SE.SEC.NENR.MA,CC BY-4.0,"School enrollment, secondary, male (% net)","Net enrollment rate is the ratio of children of official school age who are enrolled in school to the population of the corresponding official school age. Secondary education completes the provision of basic education that began at the primary level, and aims at laying the foundations for lifelong learning and human development, by offering more subject- or skill-oriented instruction using more specialized teachers.","Stat Bulk Data Download Service, UN Educational, Scientific and Cultural Organization (UNESCO), uri: https://uis.unesco.org/bdds, publisher: UNESCO Institute for Statistics (UIS)",Education: Participation,WB_WDI,,Annual,1970-2019,Weighted average,"Methodology: Net enrollment rate for secondary school is calculated by dividing the number of students of official school age enrolled in secondary education by the population of the age group which officially corresponds to secondary education, and multiplying by 100. 

Data on education are collected by the UNESCO Institute for Statistics from official responses to its annual education survey. All the data are mapped to the International Standard Classification of Education (ISCED) to ensure the comparability of education programs at the international level. The current version was formally adopted by UNESCO Member States in 2011. Population data are drawn from the United Nations Population Division. Using a single source for population data standardizes definitions, estimations, and interpolation methods, ensuring a consistent methodology across countries and minimizing potential enumeration problems in national censuses.

The reference years reflect the school year for which the data are presented. In some countries the school year spans two calendar years (for example, from September 2010 to June 2011); in these cases the reference year refers to the year in which the school year ended (2011 in the example).
Statistical concept(s):","Gross enrollment ratios indicate the capacity of each level of the education system, but a high ratio may reflect a substantial number of overage children enrolled in each grade because of repetition or late entry rather than a successful education system. The net enrollment rate excludes overage and underage students and more accurately captures the system's coverage and internal efficiency. Differences between the gross enrollment ratio and the net enrollment rate show the incidence of overage and underage enrollments.","Enrollment indicators are based on annual school surveys, but do not necessarily reflect actual attendance or dropout rates during the year. Also, the length of education differs across countries and can influence enrollment rates, although the International Standard Classification of Education (ISCED) tries to minimize the difference. For example, a shorter duration for primary education tends to increase the rate; a longer one to decrease it (in part because older children are more at risk of dropping out). Moreover, age at enrollment may be inaccurately estimated or misstated, especially in communities where registration of births is not strictly enforced.",,https://datacatalog.worldbank.org/int/public-licenses#cc-by
SE.TER.ENRR,CC BY-4.0,"School enrollment, tertiary (% gross)","Gross enrollment ratio is the ratio of total enrollment, regardless of age, to the population of the age group that officially corresponds to the level of education shown. Tertiary education, whether or not to an advanced research qualification, normally requires, as a minimum condition of admission, the successful completion of education at the secondary level.","Data API, UN Educational, Scientific and Cultural Organization (UNESCO), uri: https://databrowser.uis.unesco.org/resources, note: The data are obtained through the UIS API.  Detailed documentation is available at: https://api.uis.unesco.org/api/public/documentation/, publisher: UNESCO Institute for Statistics (UIS), type: Bulk file (csv), date accessed: 2026-03-19, date published: 2026-02",Education: Participation,WB_WDI,% of population in the 5-year age group immediately following upper secondary education,Annual,1970-2025,Weighted average,"Methodology: Gross enrollment ratio for tertiary school is calculated by dividing the number of students enrolled in tertiary education regardless of age by the population of the age group which officially corresponds to tertiary education, and multiplying by 100. 





















Data on education are collected by the UNESCO Institute for Statistics from official responses to its annual education survey. All the data are mapped to the International Standard Classification of Education (ISCED) to ensure the comparability of education programs at the international level. The current version was formally adopted by UNESCO Member States in 2011. Population data are drawn from the United Nations Population Division. Using a single source for population data standardizes definitions, estimations, and interpolation methods, ensuring a consistent methodology across countries and minimizing potential enumeration problems in national censuses.





















The reference years reflect the school year for which the data are presented. In some countries the school year spans two calendar years (for example, from September 2010 to June 2011); in these cases the reference year refers to the year in which the school year ended (2011 in the example).
Statistical concept(s): Gross enrollment ratios indicate the capacity of each level of the education system, but a high ratio may reflect a substantial number of overage children enrolled in each grade because of repetition or late entry rather than a successful education system.","Sustainable Development Goal (SDG) target 4.3 is committed to providing equitable access to affordable and high-quality technical, vocational, and tertiary education, including university, for both women and men. This particular indicator reflects the overall capacity of the educational infrastructure to support enrolment within a specified age demographic at the tertiary level.","Enrollment indicators are based on annual school surveys, but do not necessarily reflect actual attendance or dropout rates during the year. Also, the length of education differs across countries and can influence enrollment rates, although the International Standard Classification of Education (ISCED) tries to minimize the difference. For example, a shorter duration for primary education tends to increase the rate; a longer one to decrease it (in part because older children are more at risk of dropping out). Moreover, age at enrollment may be inaccurately estimated or misstated, especially in communities where registration of births is not strictly enforced.",,https://datacatalog.worldbank.org/int/public-licenses#cc-by
SE.TER.ENRR.FE,CC BY-4.0,"School enrollment, tertiary, female (% gross)","Gross enrollment ratio is the ratio of total enrollment, regardless of age, to the population of the age group that officially corresponds to the level of education shown. Tertiary education, whether or not to an advanced research qualification, normally requires, as a minimum condition of admission, the successful completion of education at the secondary level.","Data API, UN Educational, Scientific and Cultural Organization (UNESCO), uri: https://databrowser.uis.unesco.org/resources, note: The data are obtained through the UIS API.  Detailed documentation is available at: https://api.uis.unesco.org/api/public/documentation/, publisher: UNESCO Institute for Statistics (UIS), type: Bulk file (csv), date accessed: 2026-03-19, date published: 2026-02",Education: Participation,WB_WDI,% of female population in the 5-year age group immediately following upper secondary education,Annual,1970-2025,Weighted average,"Methodology: Gross enrollment ratio for tertiary school is calculated by dividing the number of students enrolled in tertiary education regardless of age by the population of the age group which officially corresponds to tertiary education, and multiplying by 100. 





















Data on education are collected by the UNESCO Institute for Statistics from official responses to its annual education survey. All the data are mapped to the International Standard Classification of Education (ISCED) to ensure the comparability of education programs at the international level. The current version was formally adopted by UNESCO Member States in 2011. Population data are drawn from the United Nations Population Division. Using a single source for population data standardizes definitions, estimations, and interpolation methods, ensuring a consistent methodology across countries and minimizing potential enumeration problems in national censuses.





















The reference years reflect the school year for which the data are presented. In some countries the school year spans two calendar years (for example, from September 2010 to June 2011); in these cases the reference year refers to the year in which the school year ended (2011 in the example).
Statistical concept(s): Gross enrollment ratios indicate the capacity of each level of the education system, but a high ratio may reflect a substantial number of overage children enrolled in each grade because of repetition or late entry rather than a successful education system.","Sustainable Development Goal (SDG) target 4.3 is committed to providing equitable access to affordable and high-quality technical, vocational, and tertiary education, including university, for both women and men. This particular indicator reflects the overall capacity of the educational infrastructure to support enrolment within a specified age demographic at the tertiary level.","Enrollment indicators are based on annual school surveys, but do not necessarily reflect actual attendance or dropout rates during the year. Also, the length of education differs across countries and can influence enrollment rates, although the International Standard Classification of Education (ISCED) tries to minimize the difference. For example, a shorter duration for primary education tends to increase the rate; a longer one to decrease it (in part because older children are more at risk of dropping out). Moreover, age at enrollment may be inaccurately estimated or misstated, especially in communities where registration of births is not strictly enforced.",,https://datacatalog.worldbank.org/int/public-licenses#cc-by
SE.TER.ENRR.MA,CC BY-4.0,"School enrollment, tertiary, male (% gross)","Gross enrollment ratio is the ratio of total enrollment, regardless of age, to the population of the age group that officially corresponds to the level of education shown. Tertiary education, whether or not to an advanced research qualification, normally requires, as a minimum condition of admission, the successful completion of education at the secondary level.","Data API, UN Educational, Scientific and Cultural Organization (UNESCO), uri: https://databrowser.uis.unesco.org/resources, note: The data are obtained through the UIS API.  Detailed documentation is available at: https://api.uis.unesco.org/api/public/documentation/, publisher: UNESCO Institute for Statistics (UIS), type: Bulk file (csv), date accessed: 2026-03-19, date published: 2026-02",Education: Participation,WB_WDI,% of male population in the 5-year age group immediately following upper secondary education,Annual,1970-2025,Weighted average,"Methodology: Gross enrollment ratio for tertiary school is calculated by dividing the number of students enrolled in tertiary education regardless of age by the population of the age group which officially corresponds to tertiary education, and multiplying by 100. 





















Data on education are collected by the UNESCO Institute for Statistics from official responses to its annual education survey. All the data are mapped to the International Standard Classification of Education (ISCED) to ensure the comparability of education programs at the international level. The current version was formally adopted by UNESCO Member States in 2011. Population data are drawn from the United Nations Population Division. Using a single source for population data standardizes definitions, estimations, and interpolation methods, ensuring a consistent methodology across countries and minimizing potential enumeration problems in national censuses.





















The reference years reflect the school year for which the data are presented. In some countries the school year spans two calendar years (for example, from September 2010 to June 2011); in these cases the reference year refers to the year in which the school year ended (2011 in the example).
Statistical concept(s): Gross enrollment ratios indicate the capacity of each level of the education system, but a high ratio may reflect a substantial number of overage children enrolled in each grade because of repetition or late entry rather than a successful education system.","Sustainable Development Goal (SDG) target 4.3 is committed to providing equitable access to affordable and high-quality technical, vocational, and tertiary education, including university, for both women and men. This particular indicator reflects the overall capacity of the educational infrastructure to support enrolment within a specified age demographic at the tertiary level.","Enrollment indicators are based on annual school surveys, but do not necessarily reflect actual attendance or dropout rates during the year. Also, the length of education differs across countries and can influence enrollment rates, although the International Standard Classification of Education (ISCED) tries to minimize the difference. For example, a shorter duration for primary education tends to increase the rate; a longer one to decrease it (in part because older children are more at risk of dropping out). Moreover, age at enrollment may be inaccurately estimated or misstated, especially in communities where registration of births is not strictly enforced.",,https://datacatalog.worldbank.org/int/public-licenses#cc-by
SE.XPD.SECO.PC.ZS,CC BY-4.0,"Government expenditure per student, secondary (% of GDP per capita)","Government expenditure per student is the average general government expenditure (current, capital, and transfers) per student in the given level of education, expressed as a percentage of GDP per capita.","Stat Bulk Data Download Service, UN Educational, Scientific and Cultural Organization (UNESCO), uri: https://uis.unesco.org/bdds, publisher: UNESCO Institute for Statistics (UIS)",Education: Inputs,WB_WDI,,Annual,1995-2018,Median,"Methodology: General government expenditure per student in secondary education is calculated by dividing total government expenditure on secondary education by the number of students at secondary level, expressed as a percentage of GDP per capita. Aggregate data are World Bank estimates.

Data on education are collected by the UNESCO Institute for Statistics from official responses to its annual education survey. All the data are mapped to the International Standard Classification of Education (ISCED) to ensure the comparability of education programs at the international level. The current version was formally adopted by UNESCO Member States in 2011. Data on GDP per capita come from the World Bank. 

The reference years reflect the school year for which the data are presented. In some countries the school year spans two calendar years (for example, from September 2010 to June 2011); in these cases the reference year refers to the year in which the school year ended (2011 in the example).
Statistical concept(s):",,,,https://datacatalog.worldbank.org/int/public-licenses#cc-by
SI.POV.GINI,CC BY-4.0,Gini index,"Gini index measures the extent to which the distribution of income (or, in some cases, consumption expenditure) among individuals or households within an economy deviates from a perfectly equal distribution. A Lorenz curve plots the cumulative percentages of total income received against the cumulative number of recipients, starting with the poorest individual or household. The Gini index measures the area between the Lorenz curve and a hypothetical line of absolute equality, expressed as a percentage of the maximum area under the line. Thus a Gini index of 0 represents perfect equality, while an index of 100 implies perfect inequality.","World Bank, Poverty and Inequality Platform. Data are based on primary household survey data obtained from government statistical agencies and World Bank country departments. Data for high-income economies are mostly from the Luxembourg Income Study database. For more information and methodology, please see http://pip.worldbank.org., World Bank (WB), uri: http://pip.worldbank.org, note: Data are based on primary household survey data obtained from government statistical agencies and World Bank country departments. Data for high-income economies are mostly from the Luxembourg Income Study database.",Poverty: Income distribution,WB_WDI,%,Annual,1963-2025,NA,"Methodology: The Gini index measures the area between the Lorenz curve and a hypothetical line of absolute equality, expressed as a percentage of the maximum area under the line. A Lorenz curve plots the cumulative percentages of total income received against the cumulative number of recipients, starting with the poorest individual. Thus a Gini index of 0 represents perfect equality, while an index of 100 implies perfect inequality.







The Gini index provides a convenient summary measure of the degree of inequality. Data on the distribution of income or consumption come from nationally representative household surveys. Where the original data from the household survey were available, they have been used to calculate the income or consumption shares by quintile. Otherwise, shares have been estimated from the best available grouped data.







The distribution data have been adjusted for household size, providing a more consistent measure of per capita income or consumption. 







The year reflects the year in which the underlying household survey data were collected or, when the data collection period bridged two calendar years, the year data collection started.
Statistical concept(s): The Gini index is the average of all pairwise absolute differences between individual consumption or income, normalized by twice the mean. More intuitively, the Gini index is the average share of mean consumption or income that needs to be transferred between two randomly selected individuals to achieve equality. A Gini index of 1 represents perfect inequality, in which total consumption or income goes to one individual. A Gini index of 0 indicates represents perfect equality, in which all individuals have the same level of consumption or income.","The World Bank Group's vision of promoting shared prosperity includes a measure that tracks the number of economies with high inequality, defined as those with a Gini index greater than 0.4","Gini coefficients are not unique. It is possible for two different Lorenz curves to give rise to the same Gini coefficient. Furthermore it is possible for the Gini coefficient of a developing country to rise (due to increasing inequality of income) while the number of people in absolute poverty decreases. This is because the Gini coefficient measures relative, not absolute, wealth.







Another limitation of the Gini coefficient is that it is not additive across groups, i.e. the total Gini of a society is not equal to the sum of the Gini's for its sub-groups. Thus, country-level Gini coefficients cannot be aggregated into regional or global Gini's, although a Gini coefficient can be computed for the aggregate.







Because the underlying household surveys differ in methods and types of welfare measures collected, data are not strictly comparable across countries or even across years within a country. Two sources of non-comparability should be noted for distributions of income in particular. First, the surveys can differ in many respects, including whether they use income or consumption expenditure as the living standard indicator. The distribution of income is typically more unequal than the distribution of consumption. In addition, the definitions of income used differ more often among surveys. Consumption is usually a much better welfare indicator, particularly in developing countries. Second, households differ in size (number of members) and in the extent of income sharing among members. And individuals differ in age and consumption needs. Differences among countries in these respects may bias comparisons of distribution. 







World Bank staff have made an effort to ensure that the data are as comparable as possible. Wherever possible, consumption has been used rather than income. Income distribution and Gini indexes for high-income economies are calculated directly from the Luxembourg Income Study database, using an estimation method consistent with that applied for developing countries.",The World Bank’s internationally comparable poverty monitoring database now draws on income or detailed consumption data from more than 2000 household surveys across 169 countries. See the Poverty and Inequality Platform (PIP) for details (www.pip.worldbank.org).,https://datacatalog.worldbank.org/int/public-licenses#cc-by
SI.POV.DDAY,CC BY-4.0,Poverty headcount ratio at $3.00 a day (2021 PPP) (% of population),"Poverty headcount ratio at $3.00 a day is the percentage of the population living on less than $3.00 a day at 2021 purchasing power adjusted prices. As a result of revisions in PPP exchange rates, poverty rates for individual countries cannot be compared with poverty rates reported in earlier editions.","World Bank, Poverty and Inequality Platform. Data are based on primary household survey data obtained from government statistical agencies and World Bank country departments. Data for high-income economies are mostly from the Luxembourg Income Study database. For more information and methodology, please see http://pip.worldbank.org., World Bank (WB), uri: http://pip.worldbank.org, note: Data are based on primary household survey data obtained from government statistical agencies and World Bank country departments. Data for high-income economies are mostly from the Luxembourg Income Study database.",Poverty: Poverty rates,WB_WDI,%,Annual,1963-2025,Population-weighted average,"Methodology: International comparisons of poverty estimates entail both conceptual and practical problems. Countries have different definitions of poverty, and consistent comparisons across countries can be difficult. Local poverty lines tend to have higher purchasing power in rich countries, where more generous standards are used, than in poor countries.







Since World Development Report 1990, the World Bank has aimed to apply a common standard in measuring extreme poverty, anchored to what poverty means in the world's poorest countries. The welfare of people living in different countries can be measured on a common scale by adjusting for differences in the purchasing power of currencies. The commonly used $1 a day standard, measured in 1985 international prices and adjusted to local currency using purchasing power parities (PPPs), was chosen for World Development Report 1990 because it was typical of the poverty lines in low-income countries at the time. As differences in the cost of living across the world evolve, the international poverty line has to be periodically updated using new PPP price data to reflect these changes. The last change was in September 2022, when we adopted $3.00 as the international poverty line using the 2021 PPP. Poverty measures based on international poverty lines attempt to hold the real value of the poverty line constant across countries, as is done when making comparisons over time. The $4.20 poverty line is derived from typical national poverty lines in countries classified as Lower Middle Income. The $8.30 poverty line is derived from typical national poverty lines in countries classified as Upper Middle Income.







Early editions of World Development Indicators used PPPs from the Penn World Tables to convert values in local currency to equivalent purchasing power measured in U.S dollars. Later editions used 1993, 2005, and 2021 consumption PPP estimates produced by the World Bank. The current extreme poverty line is set at $3.00 a day in 2021 PPP terms, which represents the mean of the poverty lines found in 15 of the poorest countries ranked by per capita consumption. The new poverty line maintains the same standard for extreme poverty - the poverty line typical of the poorest countries in the world - but updates it using the latest information on the cost of living in developing countries. As a result of revisions in PPP exchange rates, poverty rates for individual countries cannot be compared with poverty rates reported in earlier editions.







The statistics reported here are based on consumption data or, when unavailable, on income surveys.
Statistical concept(s): Poverty headcount ratio at $3.00 a day refers to the percentage of a population whose consumption or income per day falls short of the international poverty line of $3.00 a day (adjusted for purchasing power parity differences across countries), the poverty line typical of low-income countries.","The World Bank Group is committed to reducing extreme poverty to 3 percent or less, globally, by 2030. The World Bank defines extreme poverty as living on less than $3.00 a day (adjusted for purchasing power differences across countries). The value of $3.00 is the typical poverty line of low-income countries, which is the minimum amount of money people in low-income countries need to cover their daily basic needs, including food, clothing, and shelter. The share of population living on less than $3.00 a day is the first indicator the World Bank tracks in its Bank’s expanded vision indicators to create a world free of poverty in a livable planet. It is also the indicator the UN tracks for SDG 1.1. Monitoring poverty is important on the global development agenda as well as on the national development agenda of many countries.","Despite progress in the last decade, the challenges of measuring poverty remain. The timeliness, frequency, quality, and comparability of household surveys need to increase substantially, particularly in the poorest countries. The availability and quality of poverty monitoring data remains low in small states, countries with fragile situations, and low-income countries and even some middle-income countries. The low frequency and lack of comparability of the data available in some countries create uncertainty over the magnitude of poverty reduction. 







Besides the frequency and timeliness of survey data, other data quality issues arise in measuring household living standards. The surveys ask detailed questions on sources of income and how it was spent, which must be carefully recorded by trained personnel. Income is generally more difficult to measure accurately, and consumption comes closer to the notion of living standards. And income can vary over time even if living standards do not. But consumption data are not always available: the latest estimates reported here use consumption data for about two-thirds of countries.







However, even similar surveys may not be strictly comparable because of differences in timing or in the quality and training of enumerators. Comparisons of countries at different levels of development also pose a potential problem because of differences in the relative importance of the consumption of nonmarket goods. The local market value of all consumption in kind (including own production, particularly important in underdeveloped rural economies) should be included in total consumption expenditure but may not be. Most survey data now include valuations for consumption or income from own production, but valuation methods vary.",The World Bank’s internationally comparable poverty monitoring database now draws on income or detailed consumption data from more than 2000 household surveys across 169 countries. See the Poverty and Inequality Platform (PIP) for details (www.pip.worldbank.org).,https://datacatalog.worldbank.org/int/public-licenses#cc-by
NY.GDP.PCAP.PP.KD,CC BY-4.0,"GDP per capita, PPP (constant 2021 international $)","This indicator provides values for gross domestic product (GDP) per person expressed in constant international dollars, converted by purchasing power parities (PPPs). PPPs account for the different price levels across countries and thus PPP-based comparisons of economic output are more appropriate for comparing the output of economies and the average material well-being of their inhabitants than exchange-rate based comparisons. 

Gross domestic product is the total income earned through the production of goods and services in an economic territory during an accounting period. It can be measured in three different ways: using either the expenditure approach, the income approach, or the production approach. The core indicator has been divided by the general population to achieve a per capita estimate. This indicator is expressed in constant prices, meaning the series has been adjusted to account for price changes over time. The reference year for this adjustment is 2021. The PPP conversion factor is a currency conversion factor and a spatial price deflator. PPPs convert different currencies to a common currency and, in the process of conversion, equalize their purchasing power by eliminating the differences in price levels between countries, thereby allowing volume or output comparisons of GDP and its expenditure components.","International Comparison Program (ICP), World Bank (WB), uri: https://www.worldbank.org/en/programs/icp/data, note: This information is for ICP’s PPPs utilized in WDI, publisher: International Comparison Program (ICP), date accessed: May 30, 2024, date published: May 30, 2024;
The Eurostat PPP Programme, Eurostat (ESTAT), uri: https://ec.europa.eu/eurostat/databrowser/explore/all/all_themes, publisher: Eurostat;
The OECD PPP Programme, Organisation for Economic Co-operation and Development (OECD), uri: https://data-explorer.oecd.org/, publisher: OECD;
Staff estimates, World Bank (WB);
National Accounts data files, Organisation for Economic Co-operation and Development (OECD);
World Economic Outlook database, International Monetary Fund (IMF)",Economic Policy & Debt: Purchasing power parity,WB_WDI,Constant 2021 international $,Annual,1990-2025,Weighted average,"Methodology: The International Comparison Program (ICP) estimates PPPs for the world’s countries. The ICP is conducted as a global partnership of countries, multilateral agencies, and academia. The recent 2021 ICP comparison covered 176 countries, including 49 Eurostat-OECD countries. For countries that have not participated in ICP comparisons, the PPP are imputed based on a regression model. ICP estimated PPPs cover years from 2011 to 2021. WDI extrapolates 2011 PPPs for years earlier years, and 2021 PPPs for later years. For the member countries of Eurostat-OECD PPP Programme, PPP conversion factors are periodically updated based on the organizations’ databases. 

National accounts are compiled in accordance with international standards: System of National Accounts, 2008 or 1993 versions. Specific information on how countries compile their national accounts can be found on the IMF website: https://dsbb.imf.org/  Linked series have been smoothed to remove breaks resulting from changes in base years, data sources or compilation methods. The linking is performed using historical nominal growth rates from archived WDI databases.

Statistical concept(s): PPPs are primarily used to convert the national accounts data of economies, such as GDP and its expenditure components, into a common currency.  In the process of conversion, they control for differences in the price levels of economies, and thus equalize purchasing power. PPP-based comparisons of economic output differ from market exchange rate-based comparisons as the latter do not distinguish between the relative price levels of different items in economies. Overall price levels are normally higher in higher-income economies than they are in lower-income economies (Balassa-Samuelson effect), mostly because of the large differences in price levels for non-traded products. If no account is taken of the larger price level differences for non-traded products when converting GDP to a common currency, the size of higher-income economies with high price levels will be overstated and the size of lower-income economies with low price levels will be understated. No distinction is made between traded products and non-traded products when market exchange rates are used to convert GDP to a common currency: the rate is the same for all products. PPP-converted GDP does not have this bias because PPPs account for the different price levels of traded products and non-traded products. Thus, PPPs are more appropriate for comparing the output of economies and the average material well-being of their inhabitants and are also less impacted by the potential volatility of market exchange rates. PPPs are calculated by the International Comparison Program (ICP) based on the prices of goods and services within an economy and national accounts expenditures. 

The  conceptual elements of the SNA (System of National Accounts) measure what takes place in the economy, between which agents, and for what purpose. At the heart of the SNA is the production of goods and services. These may be used for consumption in the period to which the accounts relate or may be accumulated for use in a later period. In simple terms, the amount of value added generated by production represents GDP. The income corresponding to GDP is distributed to the various agents or groups of agents as income and it is the process of distributing and redistributing income that allows one agent to consume the goods and services produced by another agent or to acquire goods and services for later consumption. The way in which the SNA captures this pattern of economic flows is to identify the activities concerned by recognizing the institutional units in the economy and by specifying the structure of accounts capturing the transactions relevant to one stage or another of the process by which goods and services are produced and ultimately consumed.","PPPs are used to convert national accounts data from different countries, such as GDP and its expenditure components, into a common currency, while also eliminating the effect of price level differences between countries. PPPs are also used to derive price level indexes (PLIs), the ratio of a country’s PPP to its market exchange rate, to directly compare price levels across countries.
The PPP-based expenditures to which they give rise are primarily used to make spatial comparisons of volume and per capita consumption or levels of GDP and its expenditure components across countries.  PPP-based indicators are used for national, regional, and global policy making and analysis across the socioeconomic spectrum from poverty and inequality, to health and education, to energy and climate, through to economic growth, labor, productivity, trade, competitiveness, and infrastructure. A number of Sustainable Development Goals use PPP-based indicators to measure development progress.

This indicator is related to the national accounts, which are critical for understanding and managing a country's economy. They provide a framework for the analysis of economic performance. National accounts are the basis for estimating the Gross Domestic Product (GDP) and Gross National Income (GNI), which are the most widely used indicator of economic performance. They are essential for government policymakers, providing the data needed to design and assess fiscal and monetary policies; and are also used by businesses and investors to assess the economic climate and make investment decisions. NAS enable comparison between economies, which is crucial for international trade, investment decisions, and economic competitiveness. More specifically, this indicator is related to national accounts aggregates. Gross Domestic Product (GDP), Gross National Income (GNI), and other aggregates provide a snapshot of the size and health of an economy by measuring the total economic activity within a country. They can thus be used by policymakers to design and implement economic policies, as they reflect the overall economic performance and can indicate the need for intervention in certain areas. Aggregates also allow for comparisons between different economies, which can be useful for trade negotiations, investment decisions, and economic benchmarking. By examining aggregates over time, economists and analysts can identify trends, cycles, and potential areas of concern within an economy, and investors can use national accounts aggregates to assess the potential risks and returns of investing in a particular country. Overall, national accounts aggregates are fundamental tools for economic analysis, policy formulation, and decision-making at both the national and international levels.",,,https://datacatalog.worldbank.org/int/public-licenses#cc-by
SP.URB.TOTL.IN.ZS,CC BY-4.0,Urban population (% of total population),Urban population refers to people living in urban areas as defined by national statistical offices. The data are collected and smoothed by United Nations Population Division.,"World Urbanization Prospects, United Nations (UN), uri: https://population.un.org/wup/, note: United Nations Population Division's World Urbanization Prospects, National definitions, publisher: UN Population Division",Environment: Density & urbanization,WB_WDI,Percentage,Annual,1960-2025,Weighted average,Methodology: Percentages urban are the numbers of persons residing in an area defined as ''urban'' per 100 total population.
Statistical concept(s): Urban population refers to people living in urban areas as defined by national statistical offices. Particular caution should be used in interpreting the figures for percentage urban for different countries. Countries differ in the way they classify population as "urban" or "rural." The population of a city or metropolitan area depends on the boundaries chosen.,"Explosive growth of cities globally signifies the demographic transition from rural to urban, and is associated with shifts from an agriculture-based economy to mass industry, technology, and service.











In principle, cities offer a more favorable setting for the resolution of social and environmental problems than rural areas. Cities generate jobs and income, and deliver education, health care and other services. Cities also present opportunities for social mobilization and women's empowerment.","Aggregation of urban and rural population may not add up to total population because of different country coverage.

Most countries use an urban classification related to the size or characteristics of settlements. Some define urban areas based on the presence of certain infrastructure and services. And other countries designate urban areas based on administrative arrangements. Because of national differences in the characteristics that distinguish urban from rural areas, the distinction between urban and rural population is not amenable to a single definition that would be applicable to all countries.

Estimates of the world's urban population would change significantly if China, India, and a few other populous nations were to change their definition of urban centers.

Because the estimates of city and metropolitan area are based on national definitions of what constitutes a city or metropolitan area, cross-country comparisons should be made with caution.",,https://datacatalog.worldbank.org/int/public-licenses#cc-by
SL.EMP.VULN.ZS,CC BY-4.0,"Vulnerable employment, total (% of total employment) (modeled ILO estimate)",Vulnerable employment is contributing family workers and own-account workers as a percentage of total employment.,"ILO Modelled Estimates database (ILOEST), International Labour Organization (ILO), uri: https://ilostat.ilo.org/data/bulk/, publisher: ILOSTAT, type: estimates based on external database;
Staff estimates, World Bank (WB)",Social Protection & Labor: Economic activity,WB_WDI,% of total employment,Annual,1991-2025,Weighted average,"Methodology: The proportion of vulnerable employment to the total employed is calculated as follows: (Contributing family workers + own-account workers)/Total employment x 100. 

The series is part of the "ILO modeled estimates database," including nationally reported observations and imputed data for countries with missing data, primarily to capture regional and global trends with consistent country coverage. Country-reported microdata is based mainly on nationally representative labor force surveys, with other sources (e.g., household surveys and population censuses) considering differences in the data source, the scope of coverage, methodology, and other country-specific factors. Country analysis requires caution where limited nationally reported data are available. A series of models are also applied to impute missing observations and make projections. However, imputed observations are not based on national data, are subject to high uncertainty, and should not be used for country comparisons or rankings. For more information: https://ilostat.ilo.org/resources/concepts-and-definitions/ilo-modelled-estimates/
Statistical concept(s): The status in employment distinguishes between two categories of the total employed: (a) wage and salaried workers (also known as employees); and (b) self-employed workers, with the subcategories: (i) self-employed workers with employees (employers), (ii) self-employed workers without employees (own-account workers), and (iii) members of producers' cooperatives and contributing family workers (also known as unpaid family workers). Vulnerable employment refers to the sum of (ii) own-account workers and (iii) contributing family workers.","Breaking down employment information by status in employment provides a statistical basis for describing workers' behaviour and conditions of work, and for defining an individual's socio-economic group. A high proportion of wage and salaried workers in a country can signify advanced economic development. If the proportion of own-account workers (self-employed without hired employees) is sizeable, it may be an indication of a large agriculture sector and low growth in the formal economy. A high proportion of contributing family workers — generally unpaid, although compensation might come indirectly in the form of family income — may indicate weak development, little job growth, and often a large rural economy.



Each status group faces different economic risks, and contributing family workers and own-account workers are the most vulnerable - and therefore the most likely to fall into poverty. They are the least likely to have formal work arrangements, are the least likely to have social protection and safety nets to guard against economic shocks, and often are incapable of generating sufficient savings to offset these shocks. The vulnerable employment rate, which is the share of vulnerable employment in total employment, was an indicator of the (now finished) Millennium Development Goals, under the employment, target on decent work.","Data are drawn from labor force surveys and household surveys, supplemented by official estimates and censuses for a small group of countries. Due to differences in definitions and coverage across countries, there are limitations for comparing data across countries and over time even within a country. Estimates of women in employment are not comparable internationally, reflecting that demographic, social, legal, and cultural trends and norms determine whether women's activities are regarded as economic.",,https://datacatalog.worldbank.org/int/public-licenses#cc-by
SP.ADO.TFRT,CC BY-4.0,"Adolescent fertility rate (births per 1,000 women ages 15-19)","Adolescent fertility rate is the number of births per 1,000 women ages 15-19.","World Population Prospects, United Nations (UN), publisher: UN Population Division",Health: Reproductive health,WB_WDI,Per 1000 women,Annual,1960-2024,Weighted average,"Methodology: Adolescent fertility rates are based on data on registered live births from vital registration systems or, in the absence of such systems, from censuses or sample surveys. The estimated rates are generally considered reliable measures of fertility in the recent past. Where no empirical information on age-specific fertility rates is available, a model is used to estimate the share of births to adolescents. For countries without vital registration systems fertility rates are generally based on censuses or surveys.
Statistical concept(s): Reproductive health is a state of physical and mental well-being in relation to the reproductive system and its functions and processes. Means of achieving reproductive health include education and services during pregnancy and childbirth, safe and effective contraception, and prevention and treatment of sexually transmitted diseases. Complications of pregnancy and childbirth are the leading cause of death and disability among women of reproductive age in developing countries.",Adolescent childbearing is associated with a wide range of risks for young mothers. Women who become pregnant and give birth very early in their lives as well as their newborns are subject to elevated health risks.,,This is the Sustainable Development Goal indicator 3.7.2 [https://unstats.un.org/sdgs/metadata/].,https://datacatalog.worldbank.org/int/public-licenses#cc-by
