Country Name,Country Code,Series Name,Series Code,2016 [YR2016],2017 [YR2017],2018 [YR2018],2019 [YR2019],2020 [YR2020],2021 [YR2021],2022 [YR2022],2023 [YR2023],2024 [YR2024],2025 [YR2025]
United States,USA,"Share of youth not in education, employment or training, female (% of female youth population)",SL.UEM.NEET.FE.ZS,12.812,11.761,11.543,10.934,14.194,12.621,11.723,11.391,11.994,11.84
United States,USA,"Share of youth not in education, employment or training, male (% of male youth population)",SL.UEM.NEET.MA.ZS,11.233,10.195,10.309,9.89,13.593,11.791,10.768,10.995,11.206,11.345
United States,USA,"Share of youth not in education, employment or training, total (% of youth population)",SL.UEM.NEET.ZS,12.017,10.972,10.922,10.409,13.892,12.204,11.244,11.191,11.597,11.59
United States,USA,Children out of school (% of primary school age),SE.PRM.UNER.ZS,0.35997000336647,0.424380004405975,0.574209988117218,0.916570007801056,2.00507998466492,4.09511995315552,3.98220992088318,..,..,..
United States,USA,"Children out of school, female (% of female primary school age)",SE.PRM.UNER.FE.ZS,0.43095999956131,..,0.635680019855499,0.848990023136139,2.04341006278992,4.16418981552124,3.78526997566223,..,..,..
United States,USA,"Children out of school, male (% of male primary school age)",SE.PRM.UNER.MA.ZS,0.291880011558533,..,0.515320003032684,0.98131000995636,1.96835994720459,4.02901983261108,4.1700701713562,..,..,..
United States,USA,"Children out of school, primary",SE.PRM.UNER,88850,104711,141533,224977,489065,996160,965853,..,..,..
United States,USA,"Children out of school, primary, female",SE.PRM.UNER.FE,52078,..,76669,101961,243827,495363,448218,..,..,..
United States,USA,"Children out of school, primary, male",SE.PRM.UNER.MA,36772,..,64864,123016,245238,500796,517634,..,..,..
United States,USA,"Unemployment, youth female (% of female labor force ages 15-24) (national estimate)",SL.UEM.1524.FE.NE.ZS,9.34,8.088,7.671,7.342,14.836,8.9,7.466,7.095,8.126,9.002
United States,USA,"Unemployment, youth male (% of male labor force ages 15-24) (national estimate)",SL.UEM.1524.MA.NE.ZS,11.445,10.321,9.519,9.405,15.001,10.524,8.763,8.758,9.704,10.917
United States,USA,"Unemployment, youth total (% of total labor force ages 15-24) (national estimate)",SL.UEM.1524.NE.ZS,10.427,9.237,8.613,8.392,14.92,9.73,8.129,7.938,8.929,9.981
United States,USA,"Primary completion rate, female (% of relevant age group)",SE.PRM.CMPT.FE.ZS,..,97.1660308837891,95.4763412475586,103.343627929688,101.677947998047,100.28727722168,94.0673522949219,..,..,..
United States,USA,"Primary completion rate, male (% of relevant age group)",SE.PRM.CMPT.MA.ZS,..,100.429466247559,104.510192871094,97.7526397705078,100.200538635254,101.863677978516,97.3387908935547,..,..,..
United States,USA,"Primary completion rate, total (% of relevant age group)",SE.PRM.CMPT.ZS,..,98.8321990966797,100.092697143555,100.489051818848,100.923667907715,101.091278076172,95.743522644043,..,..,..
United States,USA,Adolescents out of school (% of lower secondary school age),SE.SEC.UNER.LO.ZS,..,..,..,..,0.172670006752014,1.15775001049042,0.813030004501343,..,..,..
United States,USA,"Educational attainment, at least completed lower secondary, population 25+, total (%) (cumulative)",SE.SEC.CUAT.LO.ZS,95.5852432250977,94.9176025390625,96.0293731689453,97.6129471753246,96.4607696533203,95.2501678466797,96.4930725097656,96.503532409668,96.6203231811523,..
United States,USA,"Lower secondary completion rate, total (% of relevant age group)",SE.SEC.CMPT.LO.ZS,..,104.852256774902,103.384170532227,103.408462524414,103.84593963623,103.428169250488,101.35814666748,..,..,..
United States,USA,"School enrollment, secondary (% gross)",SE.SEC.ENRR,98.7699279785156,98.9523391723633,99.2755813598633,100.063430786133,100.509819030762,101.192489624023,97.4734878540039,..,..,..
United States,USA,"School enrollment, secondary, female (% gross)",SE.SEC.ENRR.FE,98.4747085571289,98.695556640625,98.7960586547852,99.189453125,99.4142990112305,101.344367980957,98.6511611938477,..,..,..
United States,USA,"School enrollment, secondary, male (% gross)",SE.SEC.ENRR.MA,99.0528335571289,99.1985168457031,99.7356567382812,100.902122497559,101.560943603516,101.046821594238,96.351806640625,..,..,..
United States,USA,"Adolescents out of school, female (% of female lower secondary school age)",SE.SEC.UNER.LO.FE.ZS,..,..,..,..,..,..,0.375470012426376,..,..,..
United States,USA,"Adolescents out of school, male (% of male lower secondary school age)",SE.SEC.UNER.LO.MA.ZS,..,..,..,..,..,..,1.22965002059937,..,..,..
United States,USA,Trained teachers in lower secondary education (% of total teachers),SE.SEC.TCAQ.LO.ZS,100,100,100,100,100,100,100,100,..,..
United States,USA,"Trained teachers in lower secondary education, female (% of female teachers)",SE.SEC.TCAQ.LO.FE.ZS,100,100,100,100,100,100,100,100,..,..
United States,USA,"Trained teachers in lower secondary education, male (% of male teachers)",SE.SEC.TCAQ.LO.MA.ZS,100,100,100,100,100,100,100,100,..,..
United States,USA,Trained teachers in secondary education (% of total teachers),SE.SEC.TCAQ.ZS,100,100,100,100,100,100,100,100,..,..
United States,USA,"Trained teachers in secondary education, female (% of female teachers)",SE.SEC.TCAQ.FE.ZS,100,100,100,100,100,100,100,100,..,..
United States,USA,"Trained teachers in secondary education, male (% of male teachers)",SE.SEC.TCAQ.MA.ZS,100,100,100,100,100,100,100,100,..,..
United States,USA,"Trained teachers in primary education, male (% of male teachers)",SE.PRM.TCAQ.MA.ZS,100,100,100,100,100,100,100,100,..,..
United States,USA,"Trained teachers in primary education, female (% of female teachers)",SE.PRM.TCAQ.FE.ZS,100,100,100,100,100,100,100,100,..,..
United States,USA,Trained teachers in primary education (% of total teachers),SE.PRM.TCAQ.ZS,100,100,100,100,100,100,100,100,..,..
United States,USA,Trained teachers in upper secondary education (% of total teachers),SE.SEC.TCAQ.UP.ZS,100,100,100,100,100,100,100,100,..,..
United States,USA,"Trained teachers in upper secondary education, female (% of female teachers)",SE.SEC.TCAQ.UP.FE.ZS,100,100,100,100,100,100,100,100,..,..
United States,USA,"Trained teachers in upper secondary education, male (% of male teachers)",SE.SEC.TCAQ.UP.MA.ZS,100,100,100,100,100,100,100,100,..,..
United States,USA,"Pupil-teacher ratio, lower secondary",SE.SEC.ENRL.LO.TC.ZS,..,14.54548,..,..,..,..,..,..,..,..
United States,USA,"Pupil-teacher ratio, preprimary",SE.PRE.ENRL.TC.ZS,..,14.27951,..,..,..,..,..,..,..,..
United States,USA,"Pupil-teacher ratio, primary",SE.PRM.ENRL.TC.ZS,..,14.19857,..,..,..,..,..,..,..,..
United States,USA,"Pupil-teacher ratio, secondary",SE.SEC.ENRL.TC.ZS,..,14.62452,..,..,..,..,..,..,..,..
United States,USA,"Pupil-teacher ratio, tertiary",SE.TER.ENRL.TC.ZS,..,12.02368,..,..,..,..,..,..,..,..
United States,USA,"Pupil-teacher ratio, upper secondary",SE.SEC.ENRL.UP.TC.ZS,..,14.70795,..,..,..,..,..,..,..,..
United States,USA,"Government expenditure on education, total (% of GDP)",SE.XPD.TOTL.GD.ZS,4.78327989578247,5.09296989440918,4.89502000808716,4.95746994018555,5.39530992507935,5.42038011550903,..,..,..,..
United States,USA,"Government expenditure on education, total (% of government expenditure)",SE.XPD.TOTL.GB.ZS,13.1706104278565,13.8754997253418,13.1474103927612,13.2726898193359,12.1569995880127,11.2926597595215,..,..,..,..
,,,,,,,,,,,,,
,,,,,,,,,,,,,
,,,,,,,,,,,,,
Data from database: World Development Indicators,,,,,,,,,,,,,
Last Updated: 07/13/2026,,,,,,,,,,,,,
Code,License Type,Indicator Name,Long definition,Source,Topic,Dataset,Unit of measure,Periodicity,Reference period,Aggregation method,Statistical concept and methodology,Development relevance,Limitations and exceptions,Other notes,License URL
SL.UEM.NEET.FE.ZS,CC BY-4.0,"Share of youth not in education, employment or training, female (% of female youth population)","The share of youth not in education, employment or training (also known as “the NEET rate”) conveys the number of young persons not in education, employment or training as a percentage of the total youth population. Youth not in education are those who were neither enrolled in school nor in a formal training program (e.g. vocational training). For the purposes of this indicator, youth is defined as all persons between the ages of 15 and 24 (inclusive).","Labour Force Statistics database (LFS), International Labour Organization (ILO), uri: https://ilostat.ilo.org/data/bulk/, publisher: ILOSTAT, type: external database, date accessed: June 22, 2026",Social Protection & Labor: Unemployment,WB_WDI,% of female youth population,Annual,1970-2025,Weighted average,"Methodology: The youth NEET rate is calculated as follows: NEET rate = (Youth – Youth in employment – Youth not in employment but in education or training) / Youth x 100.  



It is important to note here that youth both in employment and education or training simultaneously should not be double counted when subtracted from the total number of youth. The formula can also be expressed as: NEET rate =  [(Unemployed youth + Youth outside the labor force) – (Unemployed youth in education or training + Youth outside the labor force in education or training)]  / Youth x 100. 







The calculation of this indicator requires having reliable information on both the labor market status and the participation in education or training of youth. The quality of such information is heavily dependent on the questionnaire design, the sample size and design and the accuracy of respondents' answers. To avoid misinterpreting this indicator, it is important to bear in mind that it is composed of two different sub-groups (unemployed youth not in education or training and youth outside the labor force not in education or training). The prevalence and composition of each sub-group would have policy implications, and thus should also be considered when analyzing the NEET rate.







The preferred official national data source for this indicator is a household-based labor force survey. In the absence of a labor force survey, a population census and/or other type of household survey with an appropriate employment module may be used to obtain the required data.
Statistical concept(s): For the purposes of these indicators, persons will be considered in education if they are in formal or non-formal education, but excluding informal learning.







Employment comprises all persons of working age who during a specified brief period, such as one week or one day, were in the following categories: a) paid employment (whether at work or with a job but not at work); or b) self-employment (whether at work or with an enterprise but not at work). 







Persons are considered to be in training if they are in a nonacademic learning activity through which they acquire specific skills intended for vocational or technical jobs. Vocational training prepares trainees for jobs that are based on manual or practical activities, and for skilled operative jobs, both blue and white collar related to a specific trade, occupation or vocation. Technical training on the other hand imparts learning that can be applied in intermediate-level jobs, in particular those of technicians and middle managers. The coverage of vocational and technical training includes only programmes that are solely school-based vocational and technical training. Employer-based training is, by definition, excluded from the scope of this indicator.","Unemployment and total employment are the broadest indicators of economic activity as reflected by the labor market. The International Labour Organization(ILO) defines the unemployed as members of the economically active population who are without work but available for and seeking work, including people who have lost their jobs or who have voluntarily left work. Some unemployment is unavoidable. At any time some workers are temporarily unemployed - between jobs as employers look for the right workers and workers search for better jobs. Such unemployment, often called frictional unemployment, results from the normal operation of labor markets.







Youth unemployment is an important policy issue for many economies. Young men and women today face increasing uncertainty in their hopes of undergoing a satisfactory transition in the labour market, and this uncertainty and disillusionment can, in turn, have damaging effects on individuals, communities, economies and society at large. Unemployed or underemployed youth are less able to contribute effectively to national development and have fewer opportunities to exercise their rights as citizens. They have less to spend as consumers, less to invest as savers and often have no "voice" to bring about change in their lives and communities. Widespread youth unemployment and underemployment also prevents companies and countries from innovating and developing competitive advantages based on human capital investment, thus undermining future prospects.







The NEET group is particularly at risk of both labour market and social exclusion, because this group is neither improving their future employability through investment in skills nor gaining experience through employment, . In addition, the NEET group is already in a disadvantaged position due to lower levels of education and lower household incomes. In view of the fact that the NEET group includes unemployed youth as well as economically inactive youth, the NEET rate provides important complementary information to labour force participation rates and unemployment rates. For example, if youth participation rates decrease during an economic downturn due to discouragement, this may be reflected in an upward movement in the NEET rate. More generally, a high NEET rate and a low youth unemployment may indicate significant discouragement of young people. A high NEET rate for young women suggests their engagement in household chores, and/or the presence of strong institutional barriers limiting female participation in labour markets.","When differing from international standards, the operational criteria used to define employment and the participation in education or training will naturally affect the comparability of the resulting statistics, as will the coverage of the source of statistics (geographical coverage, population coverage, age coverage, etc.). NEET rates are calculated preferably for youth defined as persons aged 15 to 24, but when studying these rates it is important to keep in mind that not all persons complete their education by the age of 24.",,https://datacatalog.worldbank.org/int/public-licenses#cc-by
SL.UEM.NEET.MA.ZS,CC BY-4.0,"Share of youth not in education, employment or training, male (% of male youth population)","The share of youth not in education, employment or training (also known as “the NEET rate”) conveys the number of young persons not in education, employment or training as a percentage of the total youth population. Youth not in education are those who were neither enrolled in school nor in a formal training program (e.g. vocational training). For the purposes of this indicator, youth is defined as all persons between the ages of 15 and 24 (inclusive).","Labour Force Statistics database (LFS), International Labour Organization (ILO), uri: https://ilostat.ilo.org/data/bulk/, publisher: ILOSTAT, type: external database, date accessed: June 22, 2026",Social Protection & Labor: Unemployment,WB_WDI,% of male youth population,Annual,1970-2025,Weighted average,"Methodology: The youth NEET rate is calculated as follows: NEET rate = (Youth – Youth in employment – Youth not in employment but in education or training) / Youth x 100.  


It is important to note here that youth both in employment and education or training simultaneously should not be double counted when subtracted from the total number of youth. The formula can also be expressed as: NEET rate =  [(Unemployed youth + Youth outside the labor force) – (Unemployed youth in education or training + Youth outside the labor force in education or training)]  / Youth x 100. 





The calculation of this indicator requires having reliable information on both the labor market status and the participation in education or training of youth. The quality of such information is heavily dependent on the questionnaire design, the sample size and design and the accuracy of respondents' answers. To avoid misinterpreting this indicator, it is important to bear in mind that it is composed of two different sub-groups (unemployed youth not in education or training and youth outside the labor force not in education or training). The prevalence and composition of each sub-group would have policy implications, and thus should also be considered when analyzing the NEET rate.





The preferred official national data source for this indicator is a household-based labor force survey. In the absence of a labor force survey, a population census and/or other type of household survey with an appropriate employment module may be used to obtain the required data.
Statistical concept(s): For the purposes of these indicators, persons will be considered in education if they are in formal or non-formal education, but excluding informal learning.





Employment comprises all persons of working age who during a specified brief period, such as one week or one day, were in the following categories: a) paid employment (whether at work or with a job but not at work); or b) self-employment (whether at work or with an enterprise but not at work). 





Persons are considered to be in training if they are in a nonacademic learning activity through which they acquire specific skills intended for vocational or technical jobs. Vocational training prepares trainees for jobs that are based on manual or practical activities, and for skilled operative jobs, both blue and white collar related to a specific trade, occupation or vocation. Technical training on the other hand imparts learning that can be applied in intermediate-level jobs, in particular those of technicians and middle managers. The coverage of vocational and technical training includes only programmes that are solely school-based vocational and technical training. Employer-based training is, by definition, excluded from the scope of this indicator.","Unemployment and total employment are the broadest indicators of economic activity as reflected by the labor market. The International Labour Organization(ILO) defines the unemployed as members of the economically active population who are without work but available for and seeking work, including people who have lost their jobs or who have voluntarily left work. Some unemployment is unavoidable. At any time some workers are temporarily unemployed - between jobs as employers look for the right workers and workers search for better jobs. Such unemployment, often called frictional unemployment, results from the normal operation of labor markets.





Youth unemployment is an important policy issue for many economies. Young men and women today face increasing uncertainty in their hopes of undergoing a satisfactory transition in the labour market, and this uncertainty and disillusionment can, in turn, have damaging effects on individuals, communities, economies and society at large. Unemployed or underemployed youth are less able to contribute effectively to national development and have fewer opportunities to exercise their rights as citizens. They have less to spend as consumers, less to invest as savers and often have no "voice" to bring about change in their lives and communities. Widespread youth unemployment and underemployment also prevents companies and countries from innovating and developing competitive advantages based on human capital investment, thus undermining future prospects.





The NEET group is particularly at risk of both labour market and social exclusion, because this group is neither improving their future employability through investment in skills nor gaining experience through employment, . In addition, the NEET group is already in a disadvantaged position due to lower levels of education and lower household incomes. In view of the fact that the NEET group includes unemployed youth as well as economically inactive youth, the NEET rate provides important complementray information to labour force participation rates and unemploymenent rates. For example, if youth participation rates decrease during an economic downturn due to discouragement, this may be reflected in an upward movement in the NEET rate. More generally, a high NEET rate and a low youth unemployment may indicate significant discouragement of young people. A high NEET rate for young women suggests their engagement in household chores, and/or the presence of strong institutional barriers limiting female participation in labour markets.","When differing from international standards, the operational criteria used to define employment and the participation in education or training will naturally affect the comparability of the resulting statistics, as will the coverage of the source of statistics (geographical coverage, population coverage, age coverage, etc.). NEET rates are calculated preferably for youth defined as persons aged 15 to 24, but when studying these rates it is important to keep in mind that not all persons complete their education by the age of 24.",,https://datacatalog.worldbank.org/int/public-licenses#cc-by
SL.UEM.NEET.ZS,CC BY-4.0,"Share of youth not in education, employment or training, total (% of youth population)","The share of youth not in education, employment or training (also known as “the NEET rate”) conveys the number of young persons not in education, employment or training as a percentage of the total youth population. Youth not in education are those who were neither enrolled in school nor in a formal training program (e.g. vocational training). For the purposes of this indicator, youth is defined as all persons between the ages of 15 and 24 (inclusive).","Labour Force Statistics database (LFS), International Labour Organization (ILO), uri: https://ilostat.ilo.org/data/bulk/, publisher: ILOSTAT, type: external database, date accessed: June 22, 2026",Social Protection & Labor: Unemployment,WB_WDI,% of youth population,Annual,1970-2025,Weighted average,"Methodology: The youth NEET rate is calculated as follows: NEET rate = (Youth – Youth in employment – Youth not in employment but in education or training) / Youth x 100.  


It is important to note here that youth both in employment and education or training simultaneously should not be double counted when subtracted from the total number of youth. The formula can also be expressed as: NEET rate =  [(Unemployed youth + Youth outside the labor force) – (Unemployed youth in education or training + Youth outside the labor force in education or training)]  / Youth x 100. 





The calculation of this indicator requires having reliable information on both the labor market status and the participation in education or training of youth. The quality of such information is heavily dependent on the questionnaire design, the sample size and design and the accuracy of respondents' answers. To avoid misinterpreting this indicator, it is important to bear in mind that it is composed of two different sub-groups (unemployed youth not in education or training and youth outside the labor force not in education or training). The prevalence and composition of each sub-group would have policy implications, and thus should also be considered when analyzing the NEET rate.





The preferred official national data source for this indicator is a household-based labor force survey. In the absence of a labor force survey, a population census and/or other type of household survey with an appropriate employment module may be used to obtain the required data.
Statistical concept(s): For the purposes of these indicators, persons will be considered in education if they are in formal or non-formal education, but excluding informal learning.





Employment comprises all persons of working age who during a specified brief period, such as one week or one day, were in the following categories: a) paid employment (whether at work or with a job but not at work); or b) self-employment (whether at work or with an enterprise but not at work). 





Persons are considered to be in training if they are in a nonacademic learning activity through which they acquire specific skills intended for vocational or technical jobs. Vocational training prepares trainees for jobs that are based on manual or practical activities, and for skilled operative jobs, both blue and white collar related to a specific trade, occupation or vocation. Technical training on the other hand imparts learning that can be applied in intermediate-level jobs, in particular those of technicians and middle managers. The coverage of vocational and technical training includes only programmes that are solely school-based vocational and technical training. Employer-based training is, by definition, excluded from the scope of this indicator.","Unemployment and total employment are the broadest indicators of economic activity as reflected by the labor market. The International Labour Organization(ILO) defines the unemployed as members of the economically active population who are without work but available for and seeking work, including people who have lost their jobs or who have voluntarily left work. Some unemployment is unavoidable. At any time some workers are temporarily unemployed - between jobs as employers look for the right workers and workers search for better jobs. Such unemployment, often called frictional unemployment, results from the normal operation of labor markets.





Youth unemployment is an important policy issue for many economies. Young men and women today face increasing uncertainty in their hopes of undergoing a satisfactory transition in the labour market, and this uncertainty and disillusionment can, in turn, have damaging effects on individuals, communities, economies and society at large. Unemployed or underemployed youth are less able to contribute effectively to national development and have fewer opportunities to exercise their rights as citizens. They have less to spend as consumers, less to invest as savers and often have no "voice" to bring about change in their lives and communities. Widespread youth unemployment and underemployment also prevents companies and countries from innovating and developing competitive advantages based on human capital investment, thus undermining future prospects.





The NEET group is particularly at risk of both labour market and social exclusion, because this group is neither improving their future employability through investment in skills nor gaining experience through employment, . In addition, the NEET group is already in a disadvantaged position due to lower levels of education and lower household incomes. In view of the fact that the NEET group includes unemployed youth as well as economically inactive youth, the NEET rate provides important complementary information to labour force participation rates and unemployment rates. For example, if youth participation rates decrease during an economic downturn due to discouragement, this may be reflected in an upward movement in the NEET rate. More generally, a high NEET rate and a low youth unemployment may indicate significant discouragement of young people. A high NEET rate for young women suggests their engagement in household chores, and/or the presence of strong institutional barriers limiting female participation in labour markets.","When differing from international standards, the operational criteria used to define employment and the participation in education or training will naturally affect the comparability of the resulting statistics, as will the coverage of the source of statistics (geographical coverage, population coverage, age coverage, etc.). NEET rates are calculated preferably for youth defined as persons aged 15 to 24, but when studying these rates it is important to keep in mind that not all persons complete their education by the age of 24.",,https://datacatalog.worldbank.org/int/public-licenses#cc-by
SE.PRM.UNER.ZS,CC BY-4.0,Children out of school (% of primary school age),Children out of school are the percentage of primary-school-age children who are not enrolled in primary or secondary school. Children in the official primary age group that are in preprimary education should be considered out of school.,"Data API, UN Educational, Scientific and Cultural Organization (UNESCO), uri: https://databrowser.uis.unesco.org/resources, note: The data are obtained through the UIS API.  Detailed documentation is available at: https://api.uis.unesco.org/api/public/documentation/, publisher: UNESCO Institute for Statistics (UIS), type: Bulk file (csv), date accessed: 2026-03-19, date published: 2026-02",Education: Participation,WB_WDI,% of children in primary school age,Annual,1970-2025,Weighted average,"Methodology: The rate of out-of-school children allows to compare across countries with different population sizes. It shows the share of official primary-school-age children who never attended school or dropped out to the population of official primary school age.























Data on education are collected by the UNESCO Institute for Statistics from official responses to its annual education survey. All the data are mapped to the International Standard Classification of Education (ISCED) to ensure the comparability of education programs at the international level. The current version was formally adopted by UNESCO Member States in 2011. Population data are drawn from the United Nations Population Division. Using a single source for population data standardizes definitions, estimations, and interpolation methods, ensuring a consistent methodology across countries and minimizing potential enumeration problems in national censuses. The reference years reflect the school year for which the data are presented. In some countries the school year spans two calendar years (for example, from September 2010 to June 2011); in these cases the reference year refers to the year in which the school year ended (2011 in the example).
Statistical concept(s): This indicator measures the proportion of the population within the official age range for a specific educational level who are not currently enrolled in school. The data aids in identifying these individuals to tailor targeted interventions and formulate effective policies, ensuring that all children have the opportunity to attend school. It encompasses children who have never attended school, those who may enroll at a later age, and those who have started education but did not continue to the expected age of completion for the specified level.","Ensuring access to education is fundamental to social and economic advancement, aligning with the global development agenda. The out-of-school rate serves as a critical metric within the Sustainable Development Goal 4 framework, providing a measure to evaluate progress toward achieving universal education. This rate, alongside the number of out-of-school children and adolescents, highlights the urgency to enhance educational accessibility.","The administrative data used in the calculation of the rate of out-of-school children are based on enrolment at a specific date which can bias the results by either counting enrolled children who never attend school or by omitting those who enroll after the reference date for reporting enrolment data. Furthermore, children who drop out of school after the reference date are not counted as out of school. Discrepancies between enrolment and population data from different sources can also result in over- or underestimates of the rate. Lastly, the international comparability of this indicator can be affected by the use of different concepts of enrolment and out-of-school children across countries.",,https://datacatalog.worldbank.org/int/public-licenses#cc-by
SE.PRM.UNER.FE.ZS,CC BY-4.0,"Children out of school, female (% of female primary school age)",Children out of school are the percentage of primary-school-age children who are not enrolled in primary or secondary school. Children in the official primary age group that are in preprimary education should be considered out of school.,"Data API, UN Educational, Scientific and Cultural Organization (UNESCO), uri: https://databrowser.uis.unesco.org/resources, note: The data are obtained through the UIS API.  Detailed documentation is available at: https://api.uis.unesco.org/api/public/documentation/, publisher: UNESCO Institute for Statistics (UIS), type: Bulk file (csv), date accessed: 2026-03-19, date published: 2026-02",Education: Participation,WB_WDI,% of female children in primary school age,Annual,1970-2025,Weighted average,"Methodology: The rate of out-of-school children allows to compare across countries with different population sizes. It shows the share of official primary-school-age children who never attended school or dropped out to the population of official primary school age.





















Data on education are collected by the UNESCO Institute for Statistics from official responses to its annual education survey. All the data are mapped to the International Standard Classification of Education (ISCED) to ensure the comparability of education programs at the international level. The current version was formally adopted by UNESCO Member States in 2011. Population data are drawn from the United Nations Population Division. Using a single source for population data standardizes definitions, estimations, and interpolation methods, ensuring a consistent methodology across countries and minimizing potential enumeration problems in national censuses. The reference years reflect the school year for which the data are presented. In some countries the school year spans two calendar years (for example, from September 2010 to June 2011); in these cases the reference year refers to the year in which the school year ended (2011 in the example).
Statistical concept(s): This indicator measures the proportion of the population within the official age range for a specific educational level who are not currently enrolled in school. The data aids in identifying these individuals to tailor targeted interventions and formulate effective policies, ensuring that all children have the opportunity to attend school. It encompasses children who have never attended school, those who may enroll at a later age, and those who have started education but did not continue to the expected age of completion for the specified level.","Ensuring access to education is fundamental to social and economic advancement, aligning with the global development agenda. The out-of-school rate serves as a critical metric within the Sustainable Development Goal 4 framework, providing a measure to evaluate progress toward achieving universal education. This rate, alongside the number of out-of-school children and adolescents, highlights the urgency to enhance educational accessibility.","The administrative data used in the calculation of the rate of out-of-school children are based on enrolment at a specific date which can bias the results by either counting enrolled children who never attend school or by omitting those who enroll after the reference date for reporting enrolment data. Furthermore, children who drop out of school after the reference date are not counted as out of school. Discrepancies between enrolment and population data from different sources can also result in over- or underestimates of the rate. Lastly, the international comparability of this indicator can be affected by the use of different concepts of enrolment and out-of-school children across countries.",,https://datacatalog.worldbank.org/int/public-licenses#cc-by
SE.PRM.UNER.MA.ZS,CC BY-4.0,"Children out of school, male (% of male primary school age)",Children out of school are the percentage of primary-school-age children who are not enrolled in primary or secondary school. Children in the official primary age group that are in preprimary education should be considered out of school.,"Data API, UN Educational, Scientific and Cultural Organization (UNESCO), uri: https://databrowser.uis.unesco.org/resources, note: The data are obtained through the UIS API.  Detailed documentation is available at: https://api.uis.unesco.org/api/public/documentation/, publisher: UNESCO Institute for Statistics (UIS), type: Bulk file (csv), date accessed: 2026-03-19, date published: 2026-02",Education: Participation,WB_WDI,% of male children in primary school age,Annual,1970-2025,Weighted average,"Methodology: The rate of out-of-school children allows to compare across countries with different population sizes. It shows the share of official primary-school-age children who never attended school or dropped out to the population of official primary school age.























Data on education are collected by the UNESCO Institute for Statistics from official responses to its annual education survey. All the data are mapped to the International Standard Classification of Education (ISCED) to ensure the comparability of education programs at the international level. The current version was formally adopted by UNESCO Member States in 2011. Population data are drawn from the United Nations Population Division. Using a single source for population data standardizes definitions, estimations, and interpolation methods, ensuring a consistent methodology across countries and minimizing potential enumeration problems in national censuses. The reference years reflect the school year for which the data are presented. In some countries the school year spans two calendar years (for example, from September 2010 to June 2011); in these cases the reference year refers to the year in which the school year ended (2011 in the example).
Statistical concept(s): This indicator measures the proportion of the population within the official age range for a specific educational level who are not currently enrolled in school. The data aids in identifying these individuals to tailor targeted interventions and formulate effective policies, ensuring that all children have the opportunity to attend school. It encompasses children who have never attended school, those who may enroll at a later age, and those who have started education but did not continue to the expected age of completion for the specified level.","Ensuring access to education is fundamental to social and economic advancement, aligning with the global development agenda. The out-of-school rate serves as a critical metric within the Sustainable Development Goal 4 framework, providing a measure to evaluate progress toward achieving universal education. This rate, alongside the number of out-of-school children and adolescents, highlights the urgency to enhance educational accessibility.","The administrative data used in the calculation of the rate of out-of-school children are based on enrolment at a specific date which can bias the results by either counting enrolled children who never attend school or by omitting those who enroll after the reference date for reporting enrolment data. Furthermore, children who drop out of school after the reference date are not counted as out of school. Discrepancies between enrolment and population data from different sources can also result in over- or underestimates of the rate. Lastly, the international comparability of this indicator can be affected by the use of different concepts of enrolment and out-of-school children across countries.",,https://datacatalog.worldbank.org/int/public-licenses#cc-by
SE.PRM.UNER,CC BY-4.0,"Children out of school, primary",Children out of school are the number of primary-school-age children not enrolled in primary or secondary school.,"Data API, UN Educational, Scientific and Cultural Organization (UNESCO), uri: https://databrowser.uis.unesco.org/resources, note: The data are obtained through the UIS API.  Detailed documentation is available at: https://api.uis.unesco.org/api/public/documentation/, publisher: UNESCO Institute for Statistics (UIS), type: Bulk file (csv), date accessed: 2026-03-19, date published: 2026-02",Education: Participation,WB_WDI,Number,Annual,1970-2025,Sum,"Methodology: The number of out-of-school children is calculated by subtracting the number of primary school-age children enrolled in primary or secondary school from the total population of the official primary school-age children. 





















Data on education are collected by the UNESCO Institute for Statistics from official responses to its annual education survey. All the data are mapped to the International Standard Classification of Education (ISCED) to ensure the comparability of education programs at the international level. The current version was formally adopted by UNESCO Member States in 2011. Population data are drawn from the United Nations Population Division. Using a single source for population data standardizes definitions, estimations, and interpolation methods, ensuring a consistent methodology across countries and minimizing potential enumeration problems in national censuses.





















The reference years reflect the school year for which the data are presented. In some countries the school year spans two calendar years (for example, from September 2010 to June 2011); in these cases the reference year refers to the year in which the school year ended (2011 in the example).
Statistical concept(s): This indicator measures the population of children within the official age range for a specific educational level who are not currently enrolled in school. The data aids in identifying these individuals to tailor targeted interventions and formulate effective policies, ensuring that all children have the opportunity to attend school. It encompasses children who have never attended school, those who may enroll at a later age, and those who have started education but did not continue to the expected age of completion for the specified level.","Ensuring access to education is fundamental to social and economic advancement, aligning with the global development agenda. The out-of-school rate serves as a critical metric within the Sustainable Development Goal 4 framework, providing a measure to evaluate progress toward achieving universal education. This rate, alongside the number of out-of-school children and adolescents, highlights the urgency to enhance educational accessibility.","Due to different data sources for enrollment and population data, the number may not capture the actual number of children not attending in primary school.",,https://datacatalog.worldbank.org/int/public-licenses#cc-by
SE.PRM.UNER.FE,CC BY-4.0,"Children out of school, primary, female",Children out of school are the number of primary-school-age children not enrolled in primary or secondary school.,"Data API, UN Educational, Scientific and Cultural Organization (UNESCO), uri: https://databrowser.uis.unesco.org/resources, note: The data are obtained through the UIS API.  Detailed documentation is available at: https://api.uis.unesco.org/api/public/documentation/, publisher: UNESCO Institute for Statistics (UIS), type: Bulk file (csv), date accessed: 2026-03-19, date published: 2026-02",Education: Participation,WB_WDI,Number,Annual,1970-2025,Sum,"Methodology: The number of out-of-school children is calculated by subtracting the number of primary school-age children enrolled in primary or secondary school from the total population of the official primary school-age children. 























Data on education are collected by the UNESCO Institute for Statistics from official responses to its annual education survey. All the data are mapped to the International Standard Classification of Education (ISCED) to ensure the comparability of education programs at the international level. The current version was formally adopted by UNESCO Member States in 2011. Population data are drawn from the United Nations Population Division. Using a single source for population data standardizes definitions, estimations, and interpolation methods, ensuring a consistent methodology across countries and minimizing potential enumeration problems in national censuses.























The reference years reflect the school year for which the data are presented. In some countries the school year spans two calendar years (for example, from September 2010 to June 2011); in these cases the reference year refers to the year in which the school year ended (2011 in the example).
Statistical concept(s): This indicator measures the population of children within the official age range for a specific educational level who are not currently enrolled in school. The data aids in identifying these individuals to tailor targeted interventions and formulate effective policies, ensuring that all children have the opportunity to attend school. It encompasses children who have never attended school, those who may enroll at a later age, and those who have started education but did not continue to the expected age of completion for the specified level.","Ensuring access to education is fundamental to social and economic advancement, aligning with the global development agenda. The out-of-school rate serves as a critical metric within the Sustainable Development Goal 4 framework, providing a measure to evaluate progress toward achieving universal education. This rate, alongside the number of out-of-school children and adolescents, highlights the urgency to enhance educational accessibility.","Due to different data sources for enrollment and population data, the number may not capture the actual number of children not attending in primary school.",,https://datacatalog.worldbank.org/int/public-licenses#cc-by
SE.PRM.UNER.MA,CC BY-4.0,"Children out of school, primary, male",Children out of school are the number of primary-school-age children not enrolled in primary or secondary school.,"Data API, UN Educational, Scientific and Cultural Organization (UNESCO), uri: https://databrowser.uis.unesco.org/resources, note: The data are obtained through the UIS API.  Detailed documentation is available at: https://api.uis.unesco.org/api/public/documentation/, publisher: UNESCO Institute for Statistics (UIS), type: Bulk file (csv), date accessed: 2026-03-19, date published: 2026-02",Education: Participation,WB_WDI,Number,Annual,1970-2025,Sum,"Methodology: The number of out-of-school children is calculated by subtracting the number of primary school-age children enrolled in primary or secondary school from the total population of the official primary school-age children. 























Data on education are collected by the UNESCO Institute for Statistics from official responses to its annual education survey. All the data are mapped to the International Standard Classification of Education (ISCED) to ensure the comparability of education programs at the international level. The current version was formally adopted by UNESCO Member States in 2011. Population data are drawn from the United Nations Population Division. Using a single source for population data standardizes definitions, estimations, and interpolation methods, ensuring a consistent methodology across countries and minimizing potential enumeration problems in national censuses.























The reference years reflect the school year for which the data are presented. In some countries the school year spans two calendar years (for example, from September 2010 to June 2011); in these cases the reference year refers to the year in which the school year ended (2011 in the example).
Statistical concept(s): This indicator measures the population of children within the official age range for a specific educational level who are not currently enrolled in school. The data aids in identifying these individuals to tailor targeted interventions and formulate effective policies, ensuring that all children have the opportunity to attend school. It encompasses children who have never attended school, those who may enroll at a later age, and those who have started education but did not continue to the expected age of completion for the specified level.","Ensuring access to education is fundamental to social and economic advancement, aligning with the global development agenda. The out-of-school rate serves as a critical metric within the Sustainable Development Goal 4 framework, providing a measure to evaluate progress toward achieving universal education. This rate, alongside the number of out-of-school children and adolescents, highlights the urgency to enhance educational accessibility.","Due to different data sources for enrollment and population data, the number may not capture the actual number of children not attending in primary school.",,https://datacatalog.worldbank.org/int/public-licenses#cc-by
SL.UEM.1524.FE.NE.ZS,CC BY-4.0,"Unemployment, youth female (% of female labor force ages 15-24) (national estimate)",Youth unemployment refers to the share of the labor force ages 15-24 without work but available for and seeking employment. Definitions of labor force and unemployment differ by country.,"Labour Force Statistics database (LFS), International Labour Organization (ILO), uri: https://ilostat.ilo.org/data/bulk/, publisher: ILOSTAT, type: external database, date accessed: June 22, 2026",Social Protection & Labor: Unemployment,WB_WDI,% of female labor force ages 15-24,Annual,1960-2025,Weighted average,"Methodology: The unemployment rate is calculated by expressing the number of unemployed persons as a percentage of the total number of persons in the labor force. The labor force (formerly known as the economically active population) is the sum of the number of persons employed and the number of persons unemployed. 





Household labor force surveys are generally the most comprehensive and comparable sources for unemployment statistics. Other possible sources include population censuses and official estimates. Administrative records such as employment office records and social insurance statistics are also sources of unemployment statistics; however, coverage in such sources is limited to “registered unemployed” only.
Statistical concept(s): The unemployed comprise all persons of working age who were: a) without work during the reference period, i.e. were not in paid employment or self-employment; b) currently available for work, i.e. were available for paid employment or self-employment during the reference period; and c) seeking work, i.e. had taken specific steps in a specified recent period to seek paid employment or self-employment. Future starters, that is, persons who did not look for work but have a future labor market stake (made arrangements for a future job start) are also counted as unemployed, as are participants in skills training or retraining schemes within employment promotion programs, who on that basis, were “not in employment”, not “currently available” and did not “seek employment” because they had a job offer to start within a short subsequent period generally not greater than three months. The unemployed also include persons “not in employment” who carried out activities to migrate abroad in order to work for pay or profit but who were still waiting for the opportunity to leave.





Employment comprises all persons of working age who during a specified brief period, such as one week or one day, were in the following categories: a) paid employment (whether at work or with a job but not at work); or b) self-employment (whether at work or with an enterprise but not at work).


The working-age population is the population above the legal working age, but for statistical purposes it comprises all persons above a specified minimum age threshold for which an inquiry on economic activity is made. To promote international comparability, the working-age population is often defined as all persons aged 15 and older, but this may vary from country to country based on national laws and practices (some countries also apply an upper age limit).","The unemployment rate is a useful measure of the underutilization of the labor supply. It reflects the inability of an economy to generate employment for those persons who want to work but are not doing so, even though they are available for employment and actively seeking work. It is thus seen as an indicator of the efficiency and effectiveness of an economy to absorb its labor force and of the performance of the labor market.





Given its usefulness in conveying valuable information on a country’s labor market situation and the fact that it is widely recognized as a headline labor market indicator, it was included as one of the indicators to measure progress towards the achievement of the Sustainable Development Goals (SDG), under Goal 8 (Promote sustained, inclusive and sustainable economic growth, full and productive employment and decent work for all).





Youth unemployment is an important policy issue for many economies. Young men and women today face increasing uncertainty in their hopes of undergoing a satisfactory transition in the labour market, and this uncertainty and disillusionment can, in turn, have damaging effects on individuals, communities, economies and society at large. Unemployed or underemployed youth are less able to contribute effectively to national development and have fewer opportunities to exercise their rights as citizens. They have less to spend as consumers, less to invest as savers and often have no "voice" to bring about change in their lives and communities. Widespread youth unemployment and underemployment also prevents companies and countries from innovating and developing competitive advantages based on human capital investment, thus undermining future prospects.","The criteria for people considered to be seeking work, and the treatment of people temporarily laid off or seeking work for the first time, vary across countries. In many cases it is especially difficult to measure employment and unemployment in agriculture. The timing of a survey can maximize the effects of seasonal unemployment in agriculture. And informal sector employment is difficult to quantify where informal activities are not tracked.





There may be also persons not currently in the labour market who want to work but do not actively "seek" work because they view job opportunities as limited, or because they have restricted labour mobility, or face discrimination, or structural, social or cultural barriers. The exclusion of people who want to work but are not seeking work (often called the "hidden unemployed" or "discouraged workers") is a criterion that will affect the unemployment count of both women and men. 





However, women tend to be excluded from the count for various reasons. Women suffer more from discrimination and from structural, social, and cultural barriers that impede them from seeking work. Also, women are often responsible for the care of children and the elderly and for household affairs. They may not be available for work during the short reference period, as they need to make arrangements before starting work. Further, women are considered to be employed when they are working part-time or in temporary jobs, despite the instability of these jobs or their active search for more secure employment.",The series for ILO estimates is also available in the WDI database. Caution should be used when comparing ILO estimates with national estimates.,https://datacatalog.worldbank.org/int/public-licenses#cc-by
SL.UEM.1524.MA.NE.ZS,CC BY-4.0,"Unemployment, youth male (% of male labor force ages 15-24) (national estimate)",Youth unemployment refers to the share of the labor force ages 15-24 without work but available for and seeking employment. Definitions of labor force and unemployment differ by country.,"Labour Force Statistics database (LFS), International Labour Organization (ILO), uri: https://ilostat.ilo.org/data/bulk/, publisher: ILOSTAT, type: external database, date accessed: June 22, 2026",Social Protection & Labor: Unemployment,WB_WDI,% of male labor force ages 15-24,Annual,1960-2025,Weighted average,"Methodology: The unemployment rate is calculated by expressing the number of unemployed persons as a percentage of the total number of persons in the labor force. The labor force (formerly known as the economically active population) is the sum of the number of persons employed and the number of persons unemployed. 



Household labor force surveys are generally the most comprehensive and comparable sources for unemployment statistics. Other possible sources include population censuses and official estimates. Administrative records such as employment office records and social insurance statistics are also sources of unemployment statistics; however, coverage in such sources is limited to “registered unemployed” only.
Statistical concept(s): The unemployed comprise all persons of working age who were: a) without work during the reference period, i.e. were not in paid employment or self-employment; b) currently available for work, i.e. were available for paid employment or self-employment during the reference period; and c) seeking work, i.e. had taken specific steps in a specified recent period to seek paid employment or self-employment. Future starters, that is, persons who did not look for work but have a future labor market stake (made arrangements for a future job start) are also counted as unemployed, as are participants in skills training or retraining schemes within employment promotion programs, who on that basis, were “not in employment”, not “currently available” and did not “seek employment” because they had a job offer to start within a short subsequent period generally not greater than three months. The unemployed also include persons “not in employment” who carried out activities to migrate abroad in order to work for pay or profit but who were still waiting for the opportunity to leave.



Employment comprises all persons of working age who during a specified brief period, such as one week or one day, were in the following categories: a) paid employment (whether at work or with a job but not at work); or b) self-employment (whether at work or with an enterprise but not at work).

The working-age population is the population above the legal working age, but for statistical purposes it comprises all persons above a specified minimum age threshold for which an inquiry on economic activity is made. To promote international comparability, the working-age population is often defined as all persons aged 15 and older, but this may vary from country to country based on national laws and practices (some countries also apply an upper age limit).","The unemployment rate is a useful measure of the underutilization of the labor supply. It reflects the inability of an economy to generate employment for those persons who want to work but are not doing so, even though they are available for employment and actively seeking work. It is thus seen as an indicator of the efficiency and effectiveness of an economy to absorb its labor force and of the performance of the labor market.



Given its usefulness in conveying valuable information on a country’s labor market situation and the fact that it is widely recognized as a headline labor market indicator, it was included as one of the indicators to measure progress towards the achievement of the Sustainable Development Goals (SDG), under Goal 8 (Promote sustained, inclusive and sustainable economic growth, full and productive employment and decent work for all).



Youth unemployment is an important policy issue for many economies. Young men and women today face increasing uncertainty in their hopes of undergoing a satisfactory transition in the labour market, and this uncertainty and disillusionment can, in turn, have damaging effects on individuals, communities, economies and society at large. Unemployed or underemployed youth are less able to contribute effectively to national development and have fewer opportunities to exercise their rights as citizens. They have less to spend as consumers, less to invest as savers and often have no "voice" to bring about change in their lives and communities. Widespread youth unemployment and underemployment also prevents companies and countries from innovating and developing competitive advantages based on human capital investment, thus undermining future prospects.","The criteria for people considered to be seeking work, and the treatment of people temporarily laid off or seeking work for the first time, vary across countries. In many cases it is especially difficult to measure employment and unemployment in agriculture. The timing of a survey can maximize the effects of seasonal unemployment in agriculture. And informal sector employment is difficult to quantify where informal activities are not tracked.

There may be also persons not currently in the labour market who want to work but do not actively "seek" work because they view job opportunities as limited, or because they have restricted labour mobility, or face discrimination, or structural, social or cultural barriers. The exclusion of people who want to work but are not seeking work (often called the "hidden unemployed" or "discouraged workers") is a criterion that will affect the unemployment count of both women and men. 

However, women tend to be excluded from the count for various reasons. Women suffer more from discrimination and from structural, social, and cultural barriers that impede them from seeking work. Also, women are often responsible for the care of children and the elderly and for household affairs. They may not be available for work during the short reference period, as they need to make arrangements before starting work. Further, women are considered to be employed when they are working part-time or in temporary jobs, despite the instability of these jobs or their active search for more secure employment.",The series for ILO estimates is also available in the WDI database. Caution should be used when comparing ILO estimates with national estimates.,https://datacatalog.worldbank.org/int/public-licenses#cc-by
SL.UEM.1524.NE.ZS,CC BY-4.0,"Unemployment, youth total (% of total labor force ages 15-24) (national estimate)",Youth unemployment refers to the share of the labor force ages 15-24 without work but available for and seeking employment. Definitions of labor force and unemployment differ by country.,"Labour Force Statistics database (LFS), International Labour Organization (ILO), uri: https://ilostat.ilo.org/data/bulk/, publisher: ILOSTAT, type: external database, date accessed: June 22, 2026",Social Protection & Labor: Unemployment,WB_WDI,% of total labor force ages 15-24,Annual,1960-2025,Weighted average,"Methodology: The unemployment rate is calculated by expressing the number of unemployed persons as a percentage of the total number of persons in the labor force. The labor force (formerly known as the economically active population) is the sum of the number of persons employed and the number of persons unemployed. 



Household labor force surveys are generally the most comprehensive and comparable sources for unemployment statistics. Other possible sources include population censuses and official estimates. Administrative records such as employment office records and social insurance statistics are also sources of unemployment statistics; however, coverage in such sources is limited to “registered unemployed” only.
Statistical concept(s): The unemployed comprise all persons of working age who were: a) without work during the reference period, i.e. were not in paid employment or self-employment; b) currently available for work, i.e. were available for paid employment or self-employment during the reference period; and c) seeking work, i.e. had taken specific steps in a specified recent period to seek paid employment or self-employment. Future starters, that is, persons who did not look for work but have a future labor market stake (made arrangements for a future job start) are also counted as unemployed, as are participants in skills training or retraining schemes within employment promotion programs, who on that basis, were “not in employment”, not “currently available” and did not “seek employment” because they had a job offer to start within a short subsequent period generally not greater than three months. The unemployed also include persons “not in employment” who carried out activities to migrate abroad in order to work for pay or profit but who were still waiting for the opportunity to leave.



Employment comprises all persons of working age who during a specified brief period, such as one week or one day, were in the following categories: a) paid employment (whether at work or with a job but not at work); or b) self-employment (whether at work or with an enterprise but not at work).

The working-age population is the population above the legal working age, but for statistical purposes it comprises all persons above a specified minimum age threshold for which an inquiry on economic activity is made. To promote international comparability, the working-age population is often defined as all persons aged 15 and older, but this may vary from country to country based on national laws and practices (some countries also apply an upper age limit).","The unemployment rate is a useful measure of the underutilization of the labor supply. It reflects the inability of an economy to generate employment for those persons who want to work but are not doing so, even though they are available for employment and actively seeking work. It is thus seen as an indicator of the efficiency and effectiveness of an economy to absorb its labor force and of the performance of the labor market.



Given its usefulness in conveying valuable information on a country’s labor market situation and the fact that it is widely recognized as a headline labor market indicator, it was included as one of the indicators to measure progress towards the achievement of the Sustainable Development Goals (SDG), under Goal 8 (Promote sustained, inclusive and sustainable economic growth, full and productive employment and decent work for all).



Youth unemployment is an important policy issue for many economies. Young men and women today face increasing uncertainty in their hopes of undergoing a satisfactory transition in the labour market, and this uncertainty and disillusionment can, in turn, have damaging effects on individuals, communities, economies and society at large. Unemployed or underemployed youth are less able to contribute effectively to national development and have fewer opportunities to exercise their rights as citizens. They have less to spend as consumers, less to invest as savers and often have no "voice" to bring about change in their lives and communities. Widespread youth unemployment and underemployment also prevents companies and countries from innovating and developing competitive advantages based on human capital investment, thus undermining future prospects.","The criteria for people considered to be seeking work, and the treatment of people temporarily laid off or seeking work for the first time, vary across countries. In many cases it is especially difficult to measure employment and unemployment in agriculture. The timing of a survey can maximize the effects of seasonal unemployment in agriculture. And informal sector employment is difficult to quantify where informal activities are not tracked.

There may be also persons not currently in the labour market who want to work but do not actively "seek" work because they view job opportunities as limited, or because they have restricted labour mobility, or face discrimination, or structural, social or cultural barriers. The exclusion of people who want to work but are not seeking work (often called the "hidden unemployed" or "discouraged workers") is a criterion that will affect the unemployment count of both women and men. 

However, women tend to be excluded from the count for various reasons. Women suffer more from discrimination and from structural, social, and cultural barriers that impede them from seeking work. Also, women are often responsible for the care of children and the elderly and for household affairs. They may not be available for work during the short reference period, as they need to make arrangements before starting work. Further, women are considered to be employed when they are working part-time or in temporary jobs, despite the instability of these jobs or their active search for more secure employment.",The series for ILO estimates is also available in the WDI database. Caution should be used when comparing ILO estimates with national estimates.,https://datacatalog.worldbank.org/int/public-licenses#cc-by
SE.PRM.CMPT.FE.ZS,CC BY-4.0,"Primary completion rate, female (% of relevant age group)","Primary completion rate, or gross intake ratio to the last grade of primary education, is the number of new entrants (enrollments minus repeaters) in the last grade of primary education, regardless of age, divided by the population at the entrance age for the last grade of primary education. Data limitations preclude adjusting for students who drop out during the final year of primary education.","Data API, UN Educational, Scientific and Cultural Organization (UNESCO), uri: https://databrowser.uis.unesco.org/resources, note: The data are obtained through the UIS API.  Detailed documentation is available at: https://api.uis.unesco.org/api/public/documentation/, publisher: UNESCO Institute for Statistics (UIS), date accessed: 2026-03-19, date published: 2026-02",Education: Outcomes,WB_WDI,% of relevant age group,Annual,1970-2025,Weighted average,"Methodology: Primary completion rate is calculated by dividing the number of new entrants (enrollment minus repeaters) in the last grade of primary education, regardless of age, by the population at the entrance age for the last grade of primary education and multiplying by 100. 





















Data on education are collected by the UNESCO Institute for Statistics from official responses to its annual education survey. All the data are mapped to the International Standard Classification of Education (ISCED) to ensure the comparability of education programs at the international level. The current version was formally adopted by UNESCO Member States in 2011. Population data are drawn from the United Nations Population Division. Using a single source for population data standardizes definitions, estimations, and interpolation methods, ensuring a consistent methodology across countries and minimizing potential enumeration problems in national censuses.





















The reference years reflect the school year for which the data are presented. In some countries the school year spans two calendar years (for example, from September 2010 to June 2011); in these cases the reference year refers to the year in which the school year ended (2011 in the example).
Statistical concept(s): The indicator represents the influence of policies regarding entry and progress through the initial stages of primary or lower secondary education on the completion of the terminal grade at the respective level. The presumption is that students who enroll in the final grade for the first time will successfully finish that grade, thereby completing the designated level of education.","Primary education lays the groundwork for acquiring essential literacy and numeracy skills, setting the stage for a robust learning journey and fostering overall personal and social growth.  SDG target 4.1 aims to ensure that all children complete free, equitable, and quality primary education.  This indicator holds significant relevance for policy-makers dedicated to enhancing children's educational access and engagement. It gauges the capacity of the education system to support a group of students from their expected entry age to the completion of all grades of primary education.","The data do not account for students who drop out during the final year of primary education. Therefore, this rate serves as a proxy and should be considered an upper estimate of the actual primary completion rate.











 

















There are many reasons why the primary completion rate can exceed 100 percent. The numerator may include late entrants and overage children who have repeated one or more grades of primary education as well as children who entered school early, while the denominator is the number of children at the entrance age for the last grade of primary education.",,https://datacatalog.worldbank.org/int/public-licenses#cc-by
SE.PRM.CMPT.MA.ZS,CC BY-4.0,"Primary completion rate, male (% of relevant age group)","Primary completion rate, or gross intake ratio to the last grade of primary education, is the number of new entrants (enrollments minus repeaters) in the last grade of primary education, regardless of age, divided by the population at the entrance age for the last grade of primary education. Data limitations preclude adjusting for students who drop out during the final year of primary education.","Data API, UN Educational, Scientific and Cultural Organization (UNESCO), uri: https://databrowser.uis.unesco.org/resources, note: The data are obtained through the UIS API.  Detailed documentation is available at: https://api.uis.unesco.org/api/public/documentation/, publisher: UNESCO Institute for Statistics (UIS), date accessed: 2026-03-19, date published: 2026-02",Education: Outcomes,WB_WDI,% of relevant age group,Annual,1970-2025,Weighted average,"Methodology: Primary completion rate is calculated by dividing the number of new entrants (enrollment minus repeaters) in the last grade of primary education, regardless of age, by the population at the entrance age for the last grade of primary education and multiplying by 100. 





















Data on education are collected by the UNESCO Institute for Statistics from official responses to its annual education survey. All the data are mapped to the International Standard Classification of Education (ISCED) to ensure the comparability of education programs at the international level. The current version was formally adopted by UNESCO Member States in 2011. Population data are drawn from the United Nations Population Division. Using a single source for population data standardizes definitions, estimations, and interpolation methods, ensuring a consistent methodology across countries and minimizing potential enumeration problems in national censuses.





















The reference years reflect the school year for which the data are presented. In some countries the school year spans two calendar years (for example, from September 2010 to June 2011); in these cases the reference year refers to the year in which the school year ended (2011 in the example).
Statistical concept(s): The indicator represents the influence of policies regarding entry and progress through the initial stages of primary or lower secondary education on the completion of the terminal grade at the respective level. The presumption is that students who enroll in the final grade for the first time will successfully finish that grade, thereby completing the designated level of education.","Primary education lays the groundwork for acquiring essential literacy and numeracy skills, setting the stage for a robust learning journey and fostering overall personal and social growth.  SDG target 4.1 aims to ensure that all children complete free, equitable, and quality primary education.  This indicator holds significant relevance for policy-makers dedicated to enhancing children's educational access and engagement. It gauges the capacity of the education system to support a group of students from their expected entry age to the completion of all grades of primary education.","The data do not account for students who drop out during the final year of primary education. Therefore, this rate serves as a proxy and should be considered an upper estimate of the actual primary completion rate.











 

















There are many reasons why the primary completion rate can exceed 100 percent. The numerator may include late entrants and overage children who have repeated one or more grades of primary education as well as children who entered school early, while the denominator is the number of children at the entrance age for the last grade of primary education.",,https://datacatalog.worldbank.org/int/public-licenses#cc-by
SE.PRM.CMPT.ZS,CC BY-4.0,"Primary completion rate, total (% of relevant age group)","Primary completion rate, or gross intake ratio to the last grade of primary education, is the number of new entrants (enrollments minus repeaters) in the last grade of primary education, regardless of age, divided by the population at the entrance age for the last grade of primary education. Data limitations preclude adjusting for students who drop out during the final year of primary education.","Data API, UN Educational, Scientific and Cultural Organization (UNESCO), uri: https://databrowser.uis.unesco.org/resources, note: The data are obtained through the UIS API.  Detailed documentation is available at: https://api.uis.unesco.org/api/public/documentation/, publisher: UNESCO Institute for Statistics (UIS), type: Bulk file (csv), date accessed: 2026-03-19, date published: 2026-02",Education: Outcomes,WB_WDI,% of relevant age group,Annual,1970-2025,Weighted average,"Methodology: Primary completion rate is calculated by dividing the number of new entrants (enrollment minus repeaters) in the last grade of primary education, regardless of age, by the population at the entrance age for the last grade of primary education and multiplying by 100. 























Data on education are collected by the UNESCO Institute for Statistics from official responses to its annual education survey. All the data are mapped to the International Standard Classification of Education (ISCED) to ensure the comparability of education programs at the international level. The current version was formally adopted by UNESCO Member States in 2011. Population data are drawn from the United Nations Population Division. Using a single source for population data standardizes definitions, estimations, and interpolation methods, ensuring a consistent methodology across countries and minimizing potential enumeration problems in national censuses.























The reference years reflect the school year for which the data are presented. In some countries the school year spans two calendar years (for example, from September 2010 to June 2011); in these cases the reference year refers to the year in which the school year ended (2011 in the example).
Statistical concept(s): The indicator represents the influence of policies regarding entry and progress through the initial stages of primary or lower secondary education on the completion of the terminal grade at the respective level. The presumption is that students who enroll in the final grade for the first time will successfully finish that grade, thereby completing the designated level of education.","Primary education lays the groundwork for acquiring essential literacy and numeracy skills, setting the stage for a robust learning journey and fostering overall personal and social growth.  SDG target 4.1 aims to ensure that all children complete free, equitable, and quality primary education.  This indicator holds significant relevance for policy-makers dedicated to enhancing children's educational access and engagement. It gauges the capacity of the education system to support a group of students from their expected entry age to the completion of all grades of primary education.","The data do not account for students who drop out during the final year of primary education. Therefore, this rate serves as a proxy and should be considered an upper estimate of the actual primary completion rate.











 

















There are many reasons why the primary completion rate can exceed 100 percent. The numerator may include late entrants and overage children who have repeated one or more grades of primary education as well as children who entered school early, while the denominator is the number of children at the entrance age for the last grade of primary education.",,https://datacatalog.worldbank.org/int/public-licenses#cc-by
SE.SEC.UNER.LO.ZS,CC BY-4.0,Adolescents out of school (% of lower secondary school age),Adolescents out of school are the percentage of lower secondary school age adolescents who are not enrolled in school.,"Data API, UN Educational, Scientific and Cultural Organization (UNESCO), uri: https://databrowser.uis.unesco.org/resources, note: The data are obtained through the UIS API.  Detailed documentation is available at: https://api.uis.unesco.org/api/public/documentation/, publisher: UNESCO Institute for Statistics (UIS), type: Bulk file (csv), date accessed: 2026-03-19, date published: 2026-02",Education: Participation,WB_WDI,% of adolescents in lower secondary school age,Annual,1970-2025,Weighted average,"Methodology: The rate of out-of-school adolescents allows to compare across countries with different population sizes. It shows the share of official lower secondary age adolescents who never attended school or dropped out to the population of official lower secondary school age.























Data on education are collected by the UNESCO Institute for Statistics from official responses to its annual education survey. All the data are mapped to the International Standard Classification of Education (ISCED) to ensure the comparability of education programs at the international level. The current version was formally adopted by UNESCO Member States in 2011. Population data are drawn from the United Nations Population Division. Using a single source for population data standardizes definitions, estimations, and interpolation methods, ensuring a consistent methodology across countries and minimizing potential enumeration problems in national censuses. The reference years reflect the school year for which the data are presented. In some countries the school year spans two calendar years (for example, from September 2010 to June 2011); in these cases the reference year refers to the year in which the school year ended (2011 in the example).
Statistical concept(s): This indicator measures the proportion of the population within the official age range for a specific educational level who are not currently enrolled in school. The data aids in identifying these individuals to tailor targeted interventions and formulate effective policies, ensuring that all children have the opportunity to attend school. It encompasses children who have never attended school, those who may enroll at a later age, and those who have started education but did not continue to the expected age of completion for the specified level.","Ensuring access to education is fundamental to social and economic advancement, aligning with the global development agenda. The out-of-school rate serves as a critical metric within the Sustainable Development Goal 4 framework, providing a measure to evaluate progress toward achieving universal education. This rate, alongside the number of out-of-school children and adolescents, highlights the urgency to enhance educational accessibility.","The administrative data used in the calculation of the rate of out-of-school children are based on enrolment at a specific date which can bias the results by either counting enrolled children who never attend school or by omitting those who enroll after the reference date for reporting enrolment data. Furthermore, children who drop out of school after the reference date are not counted as out of school. Discrepancies between enrolment and population data from different sources can also result in over- or underestimates of the rate. Lastly, the international comparability of this indicator can be affected by the use of different concepts of enrolment and out-of-school children across countries.",,https://datacatalog.worldbank.org/int/public-licenses#cc-by
SE.SEC.CUAT.LO.ZS,CC BY-4.0,"Educational attainment, at least completed lower secondary, population 25+, total (%) (cumulative)",The percentage of population ages 25 and over that attained or completed lower secondary education.,"Data API, UN Educational, Scientific and Cultural Organization (UNESCO), uri: https://databrowser.uis.unesco.org/resources, note: The data are obtained through the UIS API.  Detailed documentation is available at: https://api.uis.unesco.org/api/public/documentation/, publisher: UNESCO Institute for Statistics (UIS), type: Bulk file (csv), date accessed: 2026-03-19, date published: 2026-02",Education: Outcomes,WB_WDI,% of total population ages 25+,Annual,1970-2024,,"Methodology: It is calculated by dividing the number of population ages 25 and older who attained or completed lower secondary education by the total population of the same age group and multiplying by 100. The number 0 means zero or small enough that the number would round to zero. 























Data are collected by the UNESCO Institute for Statistics mainly from national population census, household survey, and labour force survey. All the data are mapped to the International Standard Classification of Education (ISCED) to ensure the comparability of education programs at the international level. The current version was formally adopted by UNESCO Member States in 2011.
Statistical concept(s): Educational attainment indicators by education level, serve as a measure of the accumulated stock of knowledge, skills, and competencies that are typically associated with the completion of each level. These indicators not only shed light on the disparities in educational achievement among various demographic groups, thereby offering insights into the present and past efficacy of the education system in ensuring equitable access to education, but they also mirror the structure and performance of the education system itself. Furthermore, such indicators are instrumental in guiding policy decisions aimed at expanding educational opportunities.","A relative high concentration of the adult population in a given level of education reflects the capacity of the educational system in the corresponding level of education. Educational attainment is closely related to the skills and competencies of a country's population, and could be seen as a proxy of both the quantitative and qualitative aspects of the stock of human capital.","Caution is required when using this indicator for cross-country comparison, since the countries do not always classify degrees and qualifications at the same International Standard Classification of Education (ISCED) levels, even if they are received at roughly the same age or after a similar number of years of schooling. Also, certain educational programmes and study courses cannot be easily classified according to ISCED. This indicator only measures educational attainment in terms of level of education attained, i.e. years of schooling, and do not necessarily reveal the quality of the education (learning achievement and other impacts).",,https://datacatalog.worldbank.org/int/public-licenses#cc-by
SE.SEC.CMPT.LO.ZS,CC BY-4.0,"Lower secondary completion rate, total (% of relevant age group)","Lower secondary education completion rate is measured as the gross intake ratio to the last grade of lower secondary education (general and pre-vocational). It is calculated as the number of new entrants in the last grade of lower secondary education, regardless of age, divided by the population at the entrance age for the last grade of lower secondary education.","Data API, UN Educational, Scientific and Cultural Organization (UNESCO), uri: https://databrowser.uis.unesco.org/resources, note: The data are obtained through the UIS API.  Detailed documentation is available at: https://api.uis.unesco.org/api/public/documentation/, publisher: UNESCO Institute for Statistics (UIS), date accessed: 2026-03-19, date published: 2026-02",Education: Outcomes,WB_WDI,% of relevant age group,Annual,1970-2025,Weighted average,"Methodology: Lower secondary completion rate is calculated as the number of new entrants (enrollment minus repeaters) in the last grade of lower secondary education, regardless of age, divided by the population at the entrance age for the last grade of lower secondary education. 





















Data on education are collected by the UNESCO Institute for Statistics from official responses to its annual education survey. All the data are mapped to the International Standard Classification of Education (ISCED) to ensure the comparability of education programs at the international level. The current version was formally adopted by UNESCO Member States in 2011. Population data are drawn from the United Nations Population Division. Using a single source for population data standardizes definitions, estimations, and interpolation methods, ensuring a consistent methodology across countries and minimizing potential enumeration problems in national censuses.





















The reference years reflect the school year for which the data are presented. In some countries the school year spans two calendar years (for example, from September 2010 to June 2011); in these cases the reference year refers to the year in which the school year ended (2011 in the example).
Statistical concept(s): The indicator represents the influence of policies regarding entry and progress through the initial stages of primary or lower secondary education on the completion of the terminal grade at the respective level. The presumption is that students who enroll in the final grade for the first time will successfully finish that grade, thereby completing the designated level of education.","Lower secondary education serves as a critical platform for lifelong learning and human development, providing a foundation for further educational pursuits. In certain systems, it includes vocational education programs that equip individuals with skills pertinent to the workforce. SDG target 4.1 aims to ensure that all children complete free, equitable, and quality primary education.  This indicator is particularly important for policymakers who are committed to improving children's access to and participation in education. It measures the ability of the education system to enroll and retain students from the designated starting age through to the completion of all levels of lower secondary education.","The data do not account for students who drop out during the final year of Lower secondary education. Therefore, this rate serves as a proxy and should be considered an upper estimate of the actual Lower secondary completion rate.







 











There are many reasons why the primary completion rate can exceed 100 percent. The numerator may include late entrants and overage children who have repeated one or more grades of primary education as well as children who entered school early, while the denominator is the number of children at the entrance age for the last grade of primary education.",,https://datacatalog.worldbank.org/int/public-licenses#cc-by
SE.SEC.ENRR,CC BY-4.0,"School enrollment, secondary (% gross)","Gross enrollment ratio is the ratio of total enrollment, regardless of age, to the population of the age group that officially corresponds to the level of education shown. Secondary education completes the provision of basic education that began at the primary level, and aims at laying the foundations for lifelong learning and human development, by offering more subject- or skill-oriented instruction using more specialized teachers.","Data API, UN Educational, Scientific and Cultural Organization (UNESCO), uri: https://databrowser.uis.unesco.org/resources, note: The data are obtained through the UIS API.  Detailed documentation is available at: https://api.uis.unesco.org/api/public/documentation/, publisher: UNESCO Institute for Statistics (UIS), type: Bulk file (csv), date accessed: 2026-03-19, date published: 2026-02",Education: Participation,WB_WDI,% of population in the 5-year age group immediately following primary education,Annual,1970-2025,Weighted average,"Methodology: Gross enrollment ratio for secondary school is calculated by dividing the number of students enrolled in secondary education regardless of age by the population of the age group which officially corresponds to secondary education, and multiplying by 100. 





















Data on education are collected by the UNESCO Institute for Statistics from official responses to its annual education survey. All the data are mapped to the International Standard Classification of Education (ISCED) to ensure the comparability of education programs at the international level. The current version was formally adopted by UNESCO Member States in 2011. Population data are drawn from the United Nations Population Division. Using a single source for population data standardizes definitions, estimations, and interpolation methods, ensuring a consistent methodology across countries and minimizing potential enumeration problems in national censuses.





















The reference years reflect the school year for which the data are presented. In some countries the school year spans two calendar years (for example, from September 2010 to June 2011); in these cases the reference year refers to the year in which the school year ended (2011 in the example).
Statistical concept(s): Gross enrollment ratios indicate the capacity of each level of the education system, but a high ratio may reflect a substantial number of overage children enrolled in each grade because of repetition or late entry rather than a successful education system.","Secondary education acts as a critical intermediary that not only builds upon the foundational knowledge acquired in primary education but also equips students for various pathways, including immediate entry into the workforce, further education in postsecondary non-tertiary institutions, or advancement to higher education. This indicator assesses the aggregate participation rate in secondary education, reflecting the education system's capacity to enroll students within a designated age group.","Enrollment indicators are based on annual school surveys, but do not necessarily reflect actual attendance or dropout rates during the year. Also, the length of education differs across countries and can influence enrollment rates, although the International Standard Classification of Education (ISCED) tries to minimize the difference. For example, a shorter duration for primary education tends to increase the rate; a longer one to decrease it (in part because older children are more at risk of dropping out). Moreover, age at enrollment may be inaccurately estimated or misstated, especially in communities where registration of births is not strictly enforced.",,https://datacatalog.worldbank.org/int/public-licenses#cc-by
SE.SEC.ENRR.FE,CC BY-4.0,"School enrollment, secondary, female (% gross)","Gross enrollment ratio is the ratio of total enrollment, regardless of age, to the population of the age group that officially corresponds to the level of education shown. Secondary education completes the provision of basic education that began at the primary level, and aims at laying the foundations for lifelong learning and human development, by offering more subject- or skill-oriented instruction using more specialized teachers.","Data API, UN Educational, Scientific and Cultural Organization (UNESCO), uri: https://databrowser.uis.unesco.org/resources, note: The data are obtained through the UIS API.  Detailed documentation is available at: https://api.uis.unesco.org/api/public/documentation/, publisher: UNESCO Institute for Statistics (UIS), type: Bulk file (csv), date accessed: 2026-03-19, date published: 2026-02",Education: Participation,WB_WDI,% of female population in the 5-year age group immediately following primary education,Annual,1970-2025,Weighted average,"Methodology: Gross enrollment ratio for secondary school is calculated by dividing the number of students enrolled in secondary education regardless of age by the population of the age group which officially corresponds to secondary education, and multiplying by 100. 





















Data on education are collected by the UNESCO Institute for Statistics from official responses to its annual education survey. All the data are mapped to the International Standard Classification of Education (ISCED) to ensure the comparability of education programs at the international level. The current version was formally adopted by UNESCO Member States in 2011. Population data are drawn from the United Nations Population Division. Using a single source for population data standardizes definitions, estimations, and interpolation methods, ensuring a consistent methodology across countries and minimizing potential enumeration problems in national censuses.





















The reference years reflect the school year for which the data are presented. In some countries the school year spans two calendar years (for example, from September 2010 to June 2011); in these cases the reference year refers to the year in which the school year ended (2011 in the example).
Statistical concept(s): Gross enrollment ratios indicate the capacity of each level of the education system, but a high ratio may reflect a substantial number of overage children enrolled in each grade because of repetition or late entry rather than a successful education system.","Secondary education acts as a critical intermediary that not only builds upon the foundational knowledge acquired in primary education but also equips students for various pathways, including immediate entry into the workforce, further education in postsecondary non-tertiary institutions, or advancement to higher education. This indicator assesses the aggregate participation rate in secondary education, reflecting the education system's capacity to enroll students within a designated age group.","Enrollment indicators are based on annual school surveys, but do not necessarily reflect actual attendance or dropout rates during the year. Also, the length of education differs across countries and can influence enrollment rates, although the International Standard Classification of Education (ISCED) tries to minimize the difference. For example, a shorter duration for primary education tends to increase the rate; a longer one to decrease it (in part because older children are more at risk of dropping out). Moreover, age at enrollment may be inaccurately estimated or misstated, especially in communities where registration of births is not strictly enforced.",,https://datacatalog.worldbank.org/int/public-licenses#cc-by
SE.SEC.ENRR.MA,CC BY-4.0,"School enrollment, secondary, male (% gross)","Gross enrollment ratio is the ratio of total enrollment, regardless of age, to the population of the age group that officially corresponds to the level of education shown. Secondary education completes the provision of basic education that began at the primary level, and aims at laying the foundations for lifelong learning and human development, by offering more subject- or skill-oriented instruction using more specialized teachers.","Data API, UN Educational, Scientific and Cultural Organization (UNESCO), uri: https://databrowser.uis.unesco.org/resources, note: The data are obtained through the UIS API.  Detailed documentation is available at: https://api.uis.unesco.org/api/public/documentation/, publisher: UNESCO Institute for Statistics (UIS), type: Bulk file (csv), date accessed: 2026-03-19, date published: 2026-02",Education: Participation,WB_WDI,% of male population in the 5-year age group immediately following primary education,Annual,1970-2025,Weighted average,"Methodology: Gross enrollment ratio for secondary school is calculated by dividing the number of students enrolled in secondary education regardless of age by the population of the age group which officially corresponds to secondary education, and multiplying by 100. 





















Data on education are collected by the UNESCO Institute for Statistics from official responses to its annual education survey. All the data are mapped to the International Standard Classification of Education (ISCED) to ensure the comparability of education programs at the international level. The current version was formally adopted by UNESCO Member States in 2011. Population data are drawn from the United Nations Population Division. Using a single source for population data standardizes definitions, estimations, and interpolation methods, ensuring a consistent methodology across countries and minimizing potential enumeration problems in national censuses.





















The reference years reflect the school year for which the data are presented. In some countries the school year spans two calendar years (for example, from September 2010 to June 2011); in these cases the reference year refers to the year in which the school year ended (2011 in the example).
Statistical concept(s): Gross enrollment ratios indicate the capacity of each level of the education system, but a high ratio may reflect a substantial number of overage children enrolled in each grade because of repetition or late entry rather than a successful education system.","Secondary education acts as a critical intermediary that not only builds upon the foundational knowledge acquired in primary education but also equips students for various pathways, including immediate entry into the workforce, further education in postsecondary non-tertiary institutions, or advancement to higher education. This indicator assesses the aggregate participation rate in secondary education, reflecting the education system's capacity to enroll students within a designated age group.","Enrollment indicators are based on annual school surveys, but do not necessarily reflect actual attendance or dropout rates during the year. Also, the length of education differs across countries and can influence enrollment rates, although the International Standard Classification of Education (ISCED) tries to minimize the difference. For example, a shorter duration for primary education tends to increase the rate; a longer one to decrease it (in part because older children are more at risk of dropping out). Moreover, age at enrollment may be inaccurately estimated or misstated, especially in communities where registration of births is not strictly enforced.",,https://datacatalog.worldbank.org/int/public-licenses#cc-by
SE.SEC.UNER.LO.FE.ZS,CC BY-4.0,"Adolescents out of school, female (% of female lower secondary school age)",Adolescents out of school are the percentage of lower secondary school age adolescents who are not enrolled in school.,"Data API, UN Educational, Scientific and Cultural Organization (UNESCO), uri: https://databrowser.uis.unesco.org/resources, note: The data are obtained through the UIS API.  Detailed documentation is available at: https://api.uis.unesco.org/api/public/documentation/, publisher: UNESCO Institute for Statistics (UIS), type: Bulk file (csv), date accessed: 2026-03-19, date published: 2026-02",Education: Participation,WB_WDI,% of female adolescents in lower secondary school age,Annual,1970-2025,Weighted average,"Methodology: The rate of out-of-school adolescents allows to compare across countries with different population sizes. It shows the share of official lower secondary age adolescents who never attended school or dropped out to the population of official lower secondary school age.























Data on education are collected by the UNESCO Institute for Statistics from official responses to its annual education survey. All the data are mapped to the International Standard Classification of Education (ISCED) to ensure the comparability of education programs at the international level. The current version was formally adopted by UNESCO Member States in 2011. Population data are drawn from the United Nations Population Division. Using a single source for population data standardizes definitions, estimations, and interpolation methods, ensuring a consistent methodology across countries and minimizing potential enumeration problems in national censuses. The reference years reflect the school year for which the data are presented. In some countries the school year spans two calendar years (for example, from September 2010 to June 2011); in these cases the reference year refers to the year in which the school year ended (2011 in the example).
Statistical concept(s): This indicator measures the proportion of the population within the official age range for a specific educational level who are not currently enrolled in school. The data aids in identifying these individuals to tailor targeted interventions and formulate effective policies, ensuring that all children have the opportunity to attend school. It encompasses children who have never attended school, those who may enroll at a later age, and those who have started education but did not continue to the expected age of completion for the specified level.","Ensuring access to education is fundamental to social and economic advancement, aligning with the global development agenda. The out-of-school rate serves as a critical metric within the Sustainable Development Goal 4 framework, providing a measure to evaluate progress toward achieving universal education. This rate, alongside the number of out-of-school children and adolescents, highlights the urgency to enhance educational accessibility.","The administrative data used in the calculation of the rate of out-of-school children are based on enrolment at a specific date which can bias the results by either counting enrolled children who never attend school or by omitting those who enroll after the reference date for reporting enrolment data. Furthermore, children who drop out of school after the reference date are not counted as out of school. Discrepancies between enrolment and population data from different sources can also result in over- or underestimates of the rate. Lastly, the international comparability of this indicator can be affected by the use of different concepts of enrolment and out-of-school children across countries.",,https://datacatalog.worldbank.org/int/public-licenses#cc-by
SE.SEC.UNER.LO.MA.ZS,CC BY-4.0,"Adolescents out of school, male (% of male lower secondary school age)",Adolescents out of school are the percentage of lower secondary school age adolescents who are not enrolled in school.,"Data API, UN Educational, Scientific and Cultural Organization (UNESCO), uri: https://databrowser.uis.unesco.org/resources, note: The data are obtained through the UIS API.  Detailed documentation is available at: https://api.uis.unesco.org/api/public/documentation/, publisher: UNESCO Institute for Statistics (UIS), type: Bulk file (csv), date accessed: 2026-03-19, date published: 2026-02",Education: Participation,WB_WDI,% of male adolescents in lower secondary school age,Annual,1970-2025,Weighted average,"Methodology: The rate of out-of-school adolescents allows to compare across countries with different population sizes. It shows the share of official lower secondary age adolescents who never attended school or dropped out to the population of official lower secondary school age.























Data on education are collected by the UNESCO Institute for Statistics from official responses to its annual education survey. All the data are mapped to the International Standard Classification of Education (ISCED) to ensure the comparability of education programs at the international level. The current version was formally adopted by UNESCO Member States in 2011. Population data are drawn from the United Nations Population Division. Using a single source for population data standardizes definitions, estimations, and interpolation methods, ensuring a consistent methodology across countries and minimizing potential enumeration problems in national censuses. The reference years reflect the school year for which the data are presented. In some countries the school year spans two calendar years (for example, from September 2010 to June 2011); in these cases the reference year refers to the year in which the school year ended (2011 in the example).
Statistical concept(s): This indicator measures the proportion of the population within the official age range for a specific educational level who are not currently enrolled in school. The data aids in identifying these individuals to tailor targeted interventions and formulate effective policies, ensuring that all children have the opportunity to attend school. It encompasses children who have never attended school, those who may enroll at a later age, and those who have started education but did not continue to the expected age of completion for the specified level.","Ensuring access to education is fundamental to social and economic advancement, aligning with the global development agenda. The out-of-school rate serves as a critical metric within the Sustainable Development Goal 4 framework, providing a measure to evaluate progress toward achieving universal education. This rate, alongside the number of out-of-school children and adolescents, highlights the urgency to enhance educational accessibility.","The administrative data used in the calculation of the rate of out-of-school children are based on enrolment at a specific date which can bias the results by either counting enrolled children who never attend school or by omitting those who enroll after the reference date for reporting enrolment data. Furthermore, children who drop out of school after the reference date are not counted as out of school. Discrepancies between enrolment and population data from different sources can also result in over- or underestimates of the rate. Lastly, the international comparability of this indicator can be affected by the use of different concepts of enrolment and out-of-school children across countries.",,https://datacatalog.worldbank.org/int/public-licenses#cc-by
SE.SEC.TCAQ.LO.ZS,CC BY-4.0,Trained teachers in lower secondary education (% of total teachers),Trained teachers in lower secondary education are the percentage of lower secondary school teachers who have received the minimum organized teacher training (pre-service or in-service) required for teaching in a given country.,"Data API, UN Educational, Scientific and Cultural Organization (UNESCO), uri: https://databrowser.uis.unesco.org/resources, note: The data are obtained through the UIS API.  Detailed documentation is available at: https://api.uis.unesco.org/api/public/documentation/, publisher: UNESCO Institute for Statistics (UIS), type: Bulk file, date accessed: 2026-03-19, date published: 2026-02",Education: Inputs,WB_WDI,% of total teachers in lower secondary education,Annual,1997-2025,Weighted average,"Methodology: Share of trained teachers is calculated by dividing the number of trained teachers of the specified level of education by total number of teachers at the same level of education, and multiplying by 100. 























Data on education are collected by the UNESCO Institute for Statistics from official responses to its annual education survey. All the data are mapped to the International Standard Classification of Education (ISCED) to ensure the comparability of education programs at the international level. The current version was formally adopted by UNESCO Member States in 2011. 























The reference years reflect the school year for which the data are presented. In some countries the school year spans two calendar years (for example, from September 2010 to June 2011); in these cases the reference year refers to the year in which the school year ended (2011 in the example).
Statistical concept(s): This indicator quantifies the proportion of educators within the teaching workforce who have received comprehensive pedagogical training. A high percentage signifies that a substantial majority of students are instructed by teachers equipped with the necessary pedagogical skills and training to teach effectively. The role of teachers is pivotal in upholding the standard of education delivered. Optimal educational outcomes are achieved when all teachers are provided with sufficient, pertinent, and targeted pedagogical training, enabling them to teach at their designated educational level. Moreover, it is crucial that teachers possess the academic qualifications required to competently cover the subject matter they are tasked with teaching.","The proportion of trained educators is indicative of a nation's dedication to the enhancement of its educational workforce, and the expansion of this metric is a specific objective under Sustainable Development Goal target 4.c. Teachers serve as a crucial asset, particularly for first-generation learners within their families, who depend significantly on educators to gain fundamental literacy skills. Nonetheless, a surge in student enrollment can lead to a scarcity of qualified teachers. The allocation of funds for education plays a vital role in ensuring the proper distribution of teachers, as their salaries constitute a significant portion of educational expenditures. This scarcity of trained educators can lead to the employment of less qualified teachers in more disadvantaged regions.","This indicator does not take into account differences in teachers' experiences and status, teaching methods, teaching materials, and classroom conditions - all factors that affect the quality of teaching and learning. Some teachers without formal training may have acquired equivalent pedagogical skills through professional experience. In addition, national standards regarding teacher qualifications and pedagogical skills may vary.",,https://datacatalog.worldbank.org/int/public-licenses#cc-by
SE.SEC.TCAQ.LO.FE.ZS,CC BY-4.0,"Trained teachers in lower secondary education, female (% of female teachers)",Trained teachers in lower secondary education are the percentage of lower secondary school teachers who have received the minimum organized teacher training (pre-service or in-service) required for teaching in a given country.,"Data API, UN Educational, Scientific and Cultural Organization (UNESCO), uri: https://databrowser.uis.unesco.org/resources, note: The data are obtained through the UIS API.  Detailed documentation is available at: https://api.uis.unesco.org/api/public/documentation/, publisher: UNESCO Institute for Statistics (UIS), type: Bulk file, date accessed: 2026-03-19, date published: 2026-02",Education: Inputs,WB_WDI,% of female teachers in lower secondary education,Annual,1997-2025,Weighted average,"Methodology: Share of trained teachers is calculated by dividing the number of trained teachers of the specified level of education by total number of teachers at the same level of education, and multiplying by 100. 























Data on education are collected by the UNESCO Institute for Statistics from official responses to its annual education survey. All the data are mapped to the International Standard Classification of Education (ISCED) to ensure the comparability of education programs at the international level. The current version was formally adopted by UNESCO Member States in 2011. 























The reference years reflect the school year for which the data are presented. In some countries the school year spans two calendar years (for example, from September 2010 to June 2011); in these cases the reference year refers to the year in which the school year ended (2011 in the example).
Statistical concept(s): This indicator quantifies the proportion of educators within the teaching workforce who have received comprehensive pedagogical training. A high percentage signifies that a substantial majority of students are instructed by teachers equipped with the necessary pedagogical skills and training to teach effectively. The role of teachers is pivotal in upholding the standard of education delivered. Optimal educational outcomes are achieved when all teachers are provided with sufficient, pertinent, and targeted pedagogical training, enabling them to teach at their designated educational level. Moreover, it is crucial that teachers possess the academic qualifications required to competently cover the subject matter they are tasked with teaching.","The percentage of trained educators serves as a barometer for a country's commitment to improving its teaching workforce, and increasing this percentage aligns with the aims of Sustainable Development Goal target 4.c. Female educators, in particular, are vital as they provide inspiration and encouragement for young girls to continue their education. These professionals are instrumental in engaging and maintaining girls' attendance in schools, confronting entrenched gender biases in communities, raising parental aspirations for their daughters, and aiding in the reduction of the educational attainment disparity between male and female students.























Nonetheless, a surge in student enrollment can lead to a scarcity of qualified teachers. The allocation of funds for education plays a vital role in ensuring the proper distribution of teachers, as their salaries constitute a significant portion of educational expenditures. This scarcity of trained educators can lead to the employment of less qualified teachers in more disadvantaged regions.","This indicator does not take into account differences in teachers' experiences and status, teaching methods, teaching materials, and classroom conditions - all factors that affect the quality of teaching and learning. Some teachers without formal training may have acquired equivalent pedagogical skills through professional experience. In addition, national standards regarding teacher qualifications and pedagogical skills may vary.",,https://datacatalog.worldbank.org/int/public-licenses#cc-by
SE.SEC.TCAQ.LO.MA.ZS,CC BY-4.0,"Trained teachers in lower secondary education, male (% of male teachers)",Trained teachers in lower secondary education are the percentage of lower secondary school teachers who have received the minimum organized teacher training (pre-service or in-service) required for teaching in a given country.,"Data API, UN Educational, Scientific and Cultural Organization (UNESCO), uri: https://databrowser.uis.unesco.org/resources, note: The data are obtained through the UIS API.  Detailed documentation is available at: https://api.uis.unesco.org/api/public/documentation/, publisher: UNESCO Institute for Statistics (UIS), type: Bulk file, date accessed: 2026-03-19, date published: 2026-02",Education: Inputs,WB_WDI,% of male teachers in lower secondary education,Annual,1997-2025,Weighted average,"Methodology: Share of trained teachers is calculated by dividing the number of trained teachers of the specified level of education by total number of teachers at the same level of education, and multiplying by 100. 























Data on education are collected by the UNESCO Institute for Statistics from official responses to its annual education survey. All the data are mapped to the International Standard Classification of Education (ISCED) to ensure the comparability of education programs at the international level. The current version was formally adopted by UNESCO Member States in 2011. 























The reference years reflect the school year for which the data are presented. In some countries the school year spans two calendar years (for example, from September 2010 to June 2011); in these cases the reference year refers to the year in which the school year ended (2011 in the example).
Statistical concept(s): This indicator quantifies the proportion of educators within the teaching workforce who have received comprehensive pedagogical training. A high percentage signifies that a substantial majority of students are instructed by teachers equipped with the necessary pedagogical skills and training to teach effectively. The role of teachers is pivotal in upholding the standard of education delivered. Optimal educational outcomes are achieved when all teachers are provided with sufficient, pertinent, and targeted pedagogical training, enabling them to teach at their designated educational level. Moreover, it is crucial that teachers possess the academic qualifications required to competently cover the subject matter they are tasked with teaching.","The proportion of trained educators is indicative of a nation's dedication to the enhancement of its educational workforce, and the expansion of this metric is a specific objective under Sustainable Development Goal target 4.c. Teachers serve as a crucial asset, particularly for first-generation learners within their families, who depend significantly on educators to gain fundamental literacy skills. Nonetheless, a surge in student enrollment can lead to a scarcity of qualified teachers. The allocation of funds for education plays a vital role in ensuring the proper distribution of teachers, as their salaries constitute a significant portion of educational expenditures. This scarcity of trained educators can lead to the employment of less qualified teachers in more disadvantaged regions.","This indicator does not take into account differences in teachers' experiences and status, teaching methods, teaching materials, and classroom conditions - all factors that affect the quality of teaching and learning. Some teachers without formal training may have acquired equivalent pedagogical skills through professional experience. In addition, national standards regarding teacher qualifications and pedagogical skills may vary.",,https://datacatalog.worldbank.org/int/public-licenses#cc-by
SE.SEC.TCAQ.ZS,CC BY-4.0,Trained teachers in secondary education (% of total teachers),Trained teachers in secondary education are the percentage of secondary school teachers who have received the minimum organized teacher training (pre-service or in-service) required for teaching in a given country.,"Data API, UN Educational, Scientific and Cultural Organization (UNESCO), uri: https://databrowser.uis.unesco.org/resources, note: The data are obtained through the UIS API.  Detailed documentation is available at: https://api.uis.unesco.org/api/public/documentation/, publisher: UNESCO Institute for Statistics (UIS), type: Bulk file, date accessed: 2026-03-19, date published: 2026-02",Education: Inputs,WB_WDI,% of total teachers in secondary education,Annual,1998-2025,Weighted average,"Methodology: Share of trained teachers is calculated by dividing the number of trained teachers of the specified level of education by total number of teachers at the same level of education, and multiplying by 100. 























Data on education are collected by the UNESCO Institute for Statistics from official responses to its annual education survey. All the data are mapped to the International Standard Classification of Education (ISCED) to ensure the comparability of education programs at the international level. The current version was formally adopted by UNESCO Member States in 2011. 























The reference years reflect the school year for which the data are presented. In some countries the school year spans two calendar years (for example, from September 2010 to June 2011); in these cases the reference year refers to the year in which the school year ended (2011 in the example).
Statistical concept(s): This indicator quantifies the proportion of educators within the teaching workforce who have received comprehensive pedagogical training. A high percentage signifies that a substantial majority of students are instructed by teachers equipped with the necessary pedagogical skills and training to teach effectively. The role of teachers is pivotal in upholding the standard of education delivered. Optimal educational outcomes are achieved when all teachers are provided with sufficient, pertinent, and targeted pedagogical training, enabling them to teach at their designated educational level. Moreover, it is crucial that teachers possess the academic qualifications required to competently cover the subject matter they are tasked with teaching.","The proportion of trained educators is indicative of a nation's dedication to the enhancement of its educational workforce, and the expansion of this metric is a specific objective under Sustainable Development Goal target 4.c. Teachers serve as a crucial asset, particularly for first-generation learners within their families, who depend significantly on educators to gain fundamental literacy skills. Nonetheless, a surge in student enrollment can lead to a scarcity of qualified teachers. The allocation of funds for education plays a vital role in ensuring the proper distribution of teachers, as their salaries constitute a significant portion of educational expenditures. This scarcity of trained educators can lead to the employment of less qualified teachers in more disadvantaged regions.","This indicator does not take into account differences in teachers' experiences and status, teaching methods, teaching materials, and classroom conditions - all factors that affect the quality of teaching and learning. Some teachers without formal training may have acquired equivalent pedagogical skills through professional experience. In addition, national standards regarding teacher qualifications and pedagogical skills may vary.",,https://datacatalog.worldbank.org/int/public-licenses#cc-by
SE.SEC.TCAQ.FE.ZS,CC BY-4.0,"Trained teachers in secondary education, female (% of female teachers)",Trained teachers in secondary education are the percentage of secondary school teachers who have received the minimum organized teacher training (pre-service or in-service) required for teaching in a given country.,"Data API, UN Educational, Scientific and Cultural Organization (UNESCO), uri: https://databrowser.uis.unesco.org/resources, note: The data are obtained through the UIS API.  Detailed documentation is available at: https://api.uis.unesco.org/api/public/documentation/, publisher: UNESCO Institute for Statistics (UIS), type: Bulk file, date accessed: 2026-03-19, date published: 2026-02",Education: Inputs,WB_WDI,% of female teachers in secondary education,Annual,1998-2025,Weighted average,"Methodology: Share of trained teachers is calculated by dividing the number of trained teachers of the specified level of education by total number of teachers at the same level of education, and multiplying by 100. 























Data on education are collected by the UNESCO Institute for Statistics from official responses to its annual education survey. All the data are mapped to the International Standard Classification of Education (ISCED) to ensure the comparability of education programs at the international level. The current version was formally adopted by UNESCO Member States in 2011. 























The reference years reflect the school year for which the data are presented. In some countries the school year spans two calendar years (for example, from September 2010 to June 2011); in these cases the reference year refers to the year in which the school year ended (2011 in the example).
Statistical concept(s): This indicator quantifies the proportion of educators within the teaching workforce who have received comprehensive pedagogical training. A high percentage signifies that a substantial majority of students are instructed by teachers equipped with the necessary pedagogical skills and training to teach effectively. The role of teachers is pivotal in upholding the standard of education delivered. Optimal educational outcomes are achieved when all teachers are provided with sufficient, pertinent, and targeted pedagogical training, enabling them to teach at their designated educational level. Moreover, it is crucial that teachers possess the academic qualifications required to competently cover the subject matter they are tasked with teaching.","The percentage of trained educators serves as a barometer for a country's commitment to improving its teaching workforce, and increasing this percentage aligns with the aims of Sustainable Development Goal target 4.c. Female educators, in particular, are vital as they provide inspiration and encouragement for young girls to continue their education. These professionals are instrumental in engaging and maintaining girls' attendance in schools, confronting entrenched gender biases in communities, raising parental aspirations for their daughters, and aiding in the reduction of the educational attainment disparity between male and female students.























Nonetheless, a surge in student enrollment can lead to a scarcity of qualified teachers. The allocation of funds for education plays a vital role in ensuring the proper distribution of teachers, as their salaries constitute a significant portion of educational expenditures. This scarcity of trained educators can lead to the employment of less qualified teachers in more disadvantaged regions.","This indicator does not take into account differences in teachers' experiences and status, teaching methods, teaching materials, and classroom conditions - all factors that affect the quality of teaching and learning. Some teachers without formal training may have acquired equivalent pedagogical skills through professional experience. In addition, national standards regarding teacher qualifications and pedagogical skills may vary.",,https://datacatalog.worldbank.org/int/public-licenses#cc-by
SE.SEC.TCAQ.MA.ZS,CC BY-4.0,"Trained teachers in secondary education, male (% of male teachers)",Trained teachers in secondary education are the percentage of secondary school teachers who have received the minimum organized teacher training (pre-service or in-service) required for teaching in a given country.,"Data API, UN Educational, Scientific and Cultural Organization (UNESCO), uri: https://databrowser.uis.unesco.org/resources, note: The data are obtained through the UIS API.  Detailed documentation is available at: https://api.uis.unesco.org/api/public/documentation/, publisher: UNESCO Institute for Statistics (UIS), type: Bulk file, date accessed: 2026-03-19, date published: 2026-02",Education: Inputs,WB_WDI,% of male teachers in secondary education,Annual,1998-2025,Weighted average,"Methodology: Share of trained teachers is calculated by dividing the number of trained teachers of the specified level of education by total number of teachers at the same level of education, and multiplying by 100. 























Data on education are collected by the UNESCO Institute for Statistics from official responses to its annual education survey. All the data are mapped to the International Standard Classification of Education (ISCED) to ensure the comparability of education programs at the international level. The current version was formally adopted by UNESCO Member States in 2011. 























The reference years reflect the school year for which the data are presented. In some countries the school year spans two calendar years (for example, from September 2010 to June 2011); in these cases the reference year refers to the year in which the school year ended (2011 in the example).
Statistical concept(s): This indicator quantifies the proportion of educators within the teaching workforce who have received comprehensive pedagogical training. A high percentage signifies that a substantial majority of students are instructed by teachers equipped with the necessary pedagogical skills and training to teach effectively. The role of teachers is pivotal in upholding the standard of education delivered. Optimal educational outcomes are achieved when all teachers are provided with sufficient, pertinent, and targeted pedagogical training, enabling them to teach at their designated educational level. Moreover, it is crucial that teachers possess the academic qualifications required to competently cover the subject matter they are tasked with teaching.","The proportion of trained educators is indicative of a nation's dedication to the enhancement of its educational workforce, and the expansion of this metric is a specific objective under Sustainable Development Goal target 4.c. Teachers serve as a crucial asset, particularly for first-generation learners within their families, who depend significantly on educators to gain fundamental literacy skills. Nonetheless, a surge in student enrollment can lead to a scarcity of qualified teachers. The allocation of funds for education plays a vital role in ensuring the proper distribution of teachers, as their salaries constitute a significant portion of educational expenditures. This scarcity of trained educators can lead to the employment of less qualified teachers in more disadvantaged regions.","This indicator does not take into account differences in teachers' experiences and status, teaching methods, teaching materials, and classroom conditions - all factors that affect the quality of teaching and learning. Some teachers without formal training may have acquired equivalent pedagogical skills through professional experience. In addition, national standards regarding teacher qualifications and pedagogical skills may vary.",,https://datacatalog.worldbank.org/int/public-licenses#cc-by
SE.PRM.TCAQ.MA.ZS,CC BY-4.0,"Trained teachers in primary education, male (% of male teachers)",Trained teachers in primary education are the percentage of primary school teachers who have received the minimum organized teacher training (pre-service or in-service) required for teaching in a given country.,"Data API, UN Educational, Scientific and Cultural Organization (UNESCO), uri: https://databrowser.uis.unesco.org/resources, note: The data are obtained through the UIS API.  Detailed documentation is available at: https://api.uis.unesco.org/api/public/documentation/, publisher: UNESCO Institute for Statistics (UIS), type: Bulk file, date accessed: 2026-03-19, date published: 2026-02",Education: Inputs,WB_WDI,% of male teachers in primary education,Annual,1998-2025,Weighted average,"Methodology: Share of trained teachers is calculated by dividing the number of trained teachers of the specified level of education by total number of teachers at the same level of education, and multiplying by 100. 























Data on education are collected by the UNESCO Institute for Statistics from official responses to its annual education survey. All the data are mapped to the International Standard Classification of Education (ISCED) to ensure the comparability of education programs at the international level. The current version was formally adopted by UNESCO Member States in 2011. 























The reference years reflect the school year for which the data are presented. In some countries the school year spans two calendar years (for example, from September 2010 to June 2011); in these cases the reference year refers to the year in which the school year ended (2011 in the example).
Statistical concept(s): This indicator quantifies the proportion of educators within the teaching workforce who have received comprehensive pedagogical training. A high percentage signifies that a substantial majority of students are instructed by teachers equipped with the necessary pedagogical skills and training to teach effectively. The role of teachers is pivotal in upholding the standard of education delivered. Optimal educational outcomes are achieved when all teachers are provided with sufficient, pertinent, and targeted pedagogical training, enabling them to teach at their designated educational level. Moreover, it is crucial that teachers possess the academic qualifications required to competently cover the subject matter they are tasked with teaching.","The proportion of trained educators is indicative of a nation's dedication to the enhancement of its educational workforce, and the expansion of this metric is a specific objective under Sustainable Development Goal target 4.c. Teachers serve as a crucial asset, particularly for first-generation learners within their families, who depend significantly on educators to gain fundamental literacy skills. Nonetheless, a surge in student enrollment can lead to a scarcity of qualified teachers. The allocation of funds for education plays a vital role in ensuring the proper distribution of teachers, as their salaries constitute a significant portion of educational expenditures. This scarcity of trained educators can lead to the employment of less qualified teachers in more disadvantaged regions.","This indicator does not take into account differences in teachers' experiences and status, teaching methods, teaching materials, and classroom conditions - all factors that affect the quality of teaching and learning. Some teachers without formal training may have acquired equivalent pedagogical skills through professional experience. In addition, national standards regarding teacher qualifications and pedagogical skills may vary.",,https://datacatalog.worldbank.org/int/public-licenses#cc-by
SE.PRM.TCAQ.FE.ZS,CC BY-4.0,"Trained teachers in primary education, female (% of female teachers)",Trained teachers in primary education are the percentage of primary school teachers who have received the minimum organized teacher training (pre-service or in-service) required for teaching in a given country.,"Data API, UN Educational, Scientific and Cultural Organization (UNESCO), uri: https://databrowser.uis.unesco.org/resources, note: The data are obtained through the UIS API.  Detailed documentation is available at: https://api.uis.unesco.org/api/public/documentation/, publisher: UNESCO Institute for Statistics (UIS), type: Bulk file, date accessed: 2026-03-19, date published: 2026-02",Education: Inputs,WB_WDI,% of female teachers in primary education,Annual,1998-2025,Weighted average,"Methodology: Share of trained teachers is calculated by dividing the number of trained teachers of the specified level of education by total number of teachers at the same level of education, and multiplying by 100. 























Data on education are collected by the UNESCO Institute for Statistics from official responses to its annual education survey. All the data are mapped to the International Standard Classification of Education (ISCED) to ensure the comparability of education programs at the international level. The current version was formally adopted by UNESCO Member States in 2011. 























The reference years reflect the school year for which the data are presented. In some countries the school year spans two calendar years (for example, from September 2010 to June 2011); in these cases the reference year refers to the year in which the school year ended (2011 in the example).
Statistical concept(s): This indicator quantifies the proportion of educators within the teaching workforce who have received comprehensive pedagogical training. A high percentage signifies that a substantial majority of students are instructed by teachers equipped with the necessary pedagogical skills and training to teach effectively. The role of teachers is pivotal in upholding the standard of education delivered. Optimal educational outcomes are achieved when all teachers are provided with sufficient, pertinent, and targeted pedagogical training, enabling them to teach at their designated educational level. Moreover, it is crucial that teachers possess the academic qualifications required to competently cover the subject matter they are tasked with teaching.","The percentage of trained educators serves as a barometer for a country's commitment to improving its teaching workforce, and increasing this percentage aligns with the aims of Sustainable Development Goal target 4.c. Female educators, in particular, are vital as they provide inspiration and encouragement for young girls to continue their education. These professionals are instrumental in engaging and maintaining girls' attendance in schools, confronting entrenched gender biases in communities, raising parental aspirations for their daughters, and aiding in the reduction of the educational attainment disparity between male and female students.























Nonetheless, a surge in student enrollment can lead to a scarcity of qualified teachers. The allocation of funds for education plays a vital role in ensuring the proper distribution of teachers, as their salaries constitute a significant portion of educational expenditures. This scarcity of trained educators can lead to the employment of less qualified teachers in more disadvantaged regions.","This indicator does not take into account differences in teachers' experiences and status, teaching methods, teaching materials, and classroom conditions - all factors that affect the quality of teaching and learning. Some teachers without formal training may have acquired equivalent pedagogical skills through professional experience. In addition, national standards regarding teacher qualifications and pedagogical skills may vary.",,https://datacatalog.worldbank.org/int/public-licenses#cc-by
SE.PRM.TCAQ.ZS,CC BY-4.0,Trained teachers in primary education (% of total teachers),Trained teachers in primary education are the percentage of primary school teachers who have received the minimum organized teacher training (pre-service or in-service) required for teaching in a given country.,"Data API, UN Educational, Scientific and Cultural Organization (UNESCO), uri: https://databrowser.uis.unesco.org/resources, note: The data are obtained through the UIS API.  Detailed documentation is available at: https://api.uis.unesco.org/api/public/documentation/, publisher: UNESCO Institute for Statistics (UIS), type: Bulk file, date accessed: 2026-03-19, date published: 2026-02",Education: Inputs,WB_WDI,% of total teachers in primary education,Annual,1997-2025,Weighted average,"Methodology: Share of trained teachers is calculated by dividing the number of trained teachers of the specified level of education by total number of teachers at the same level of education, and multiplying by 100. 























Data on education are collected by the UNESCO Institute for Statistics from official responses to its annual education survey. All the data are mapped to the International Standard Classification of Education (ISCED) to ensure the comparability of education programs at the international level. The current version was formally adopted by UNESCO Member States in 2011. 























The reference years reflect the school year for which the data are presented. In some countries the school year spans two calendar years (for example, from September 2010 to June 2011); in these cases the reference year refers to the year in which the school year ended (2011 in the example).
Statistical concept(s): This indicator quantifies the proportion of educators within the teaching workforce who have received comprehensive pedagogical training. A high percentage signifies that a substantial majority of students are instructed by teachers equipped with the necessary pedagogical skills and training to teach effectively. The role of teachers is pivotal in upholding the standard of education delivered. Optimal educational outcomes are achieved when all teachers are provided with sufficient, pertinent, and targeted pedagogical training, enabling them to teach at their designated educational level. Moreover, it is crucial that teachers possess the academic qualifications required to competently cover the subject matter they are tasked with teaching.","The proportion of trained educators is indicative of a nation's dedication to the enhancement of its educational workforce, and the expansion of this metric is a specific objective under Sustainable Development Goal target 4.c. Teachers serve as a crucial asset, particularly for first-generation learners within their families, who depend significantly on educators to gain fundamental literacy skills. Nonetheless, a surge in student enrollment can lead to a scarcity of qualified teachers. The allocation of funds for education plays a vital role in ensuring the proper distribution of teachers, as their salaries constitute a significant portion of educational expenditures. This scarcity of trained educators can lead to the employment of less qualified teachers in more disadvantaged regions.","This indicator does not take into account differences in teachers' experiences and status, teaching methods, teaching materials, and classroom conditions - all factors that affect the quality of teaching and learning. Some teachers without formal training may have acquired equivalent pedagogical skills through professional experience. In addition, national standards regarding teacher qualifications and pedagogical skills may vary.",,https://datacatalog.worldbank.org/int/public-licenses#cc-by
SE.SEC.TCAQ.UP.ZS,CC BY-4.0,Trained teachers in upper secondary education (% of total teachers),Trained teachers in upper secondary education are the percentage of upper secondary school teachers who have received the minimum organized teacher training (pre-service or in-service) required for teaching in a given country.,"Data API, UN Educational, Scientific and Cultural Organization (UNESCO), uri: https://databrowser.uis.unesco.org/resources, note: The data are obtained through the UIS API.  Detailed documentation is available at: https://api.uis.unesco.org/api/public/documentation/, publisher: UNESCO Institute for Statistics (UIS), type: Bulk file, date accessed: 2026-03-19, date published: 2026-02",Education: Inputs,WB_WDI,% of total teachers in upper secondary education,Annual,1998-2025,Weighted average,"Methodology: Share of trained teachers is calculated by dividing the number of trained teachers of the specified level of education by total number of teachers at the same level of education, and multiplying by 100. 























Data on education are collected by the UNESCO Institute for Statistics from official responses to its annual education survey. All the data are mapped to the International Standard Classification of Education (ISCED) to ensure the comparability of education programs at the international level. The current version was formally adopted by UNESCO Member States in 2011. 























The reference years reflect the school year for which the data are presented. In some countries the school year spans two calendar years (for example, from September 2010 to June 2011); in these cases the reference year refers to the year in which the school year ended (2011 in the example).
Statistical concept(s): This indicator quantifies the proportion of educators within the teaching workforce who have received comprehensive pedagogical training. A high percentage signifies that a substantial majority of students are instructed by teachers equipped with the necessary pedagogical skills and training to teach effectively. The role of teachers is pivotal in upholding the standard of education delivered. Optimal educational outcomes are achieved when all teachers are provided with sufficient, pertinent, and targeted pedagogical training, enabling them to teach at their designated educational level. Moreover, it is crucial that teachers possess the academic qualifications required to competently cover the subject matter they are tasked with teaching.","The proportion of trained educators is indicative of a nation's dedication to the enhancement of its educational workforce, and the expansion of this metric is a specific objective under Sustainable Development Goal target 4.c. Teachers serve as a crucial asset, particularly for first-generation learners within their families, who depend significantly on educators to gain fundamental literacy skills. Nonetheless, a surge in student enrollment can lead to a scarcity of qualified teachers. The allocation of funds for education plays a vital role in ensuring the proper distribution of teachers, as their salaries constitute a significant portion of educational expenditures. This scarcity of trained educators can lead to the employment of less qualified teachers in more disadvantaged regions.","This indicator does not take into account differences in teachers' experiences and status, teaching methods, teaching materials, and classroom conditions - all factors that affect the quality of teaching and learning. Some teachers without formal training may have acquired equivalent pedagogical skills through professional experience. In addition, national standards regarding teacher qualifications and pedagogical skills may vary.",,https://datacatalog.worldbank.org/int/public-licenses#cc-by
SE.SEC.TCAQ.UP.FE.ZS,CC BY-4.0,"Trained teachers in upper secondary education, female (% of female teachers)",Trained teachers in upper secondary education are the percentage of upper secondary school teachers who have received the minimum organized teacher training (pre-service or in-service) required for teaching in a given country.,"Data API, UN Educational, Scientific and Cultural Organization (UNESCO), uri: https://databrowser.uis.unesco.org/resources, note: The data are obtained through the UIS API.  Detailed documentation is available at: https://api.uis.unesco.org/api/public/documentation/, publisher: UNESCO Institute for Statistics (UIS), type: Bulk file, date accessed: 2026-03-19, date published: 2026-02",Education: Inputs,WB_WDI,% of female teachers in upper secondary education,Annual,1998-2025,Weighted average,"Methodology: Share of trained teachers is calculated by dividing the number of trained teachers of the specified level of education by total number of teachers at the same level of education, and multiplying by 100. 























Data on education are collected by the UNESCO Institute for Statistics from official responses to its annual education survey. All the data are mapped to the International Standard Classification of Education (ISCED) to ensure the comparability of education programs at the international level. The current version was formally adopted by UNESCO Member States in 2011. 























The reference years reflect the school year for which the data are presented. In some countries the school year spans two calendar years (for example, from September 2010 to June 2011); in these cases the reference year refers to the year in which the school year ended (2011 in the example).
Statistical concept(s): This indicator quantifies the proportion of educators within the teaching workforce who have received comprehensive pedagogical training. A high percentage signifies that a substantial majority of students are instructed by teachers equipped with the necessary pedagogical skills and training to teach effectively. The role of teachers is pivotal in upholding the standard of education delivered. Optimal educational outcomes are achieved when all teachers are provided with sufficient, pertinent, and targeted pedagogical training, enabling them to teach at their designated educational level. Moreover, it is crucial that teachers possess the academic qualifications required to competently cover the subject matter they are tasked with teaching.","The percentage of trained educators serves as a barometer for a country's commitment to improving its teaching workforce, and increasing this percentage aligns with the aims of Sustainable Development Goal target 4.c. Female educators, in particular, are vital as they provide inspiration and encouragement for young girls to continue their education. These professionals are instrumental in engaging and maintaining girls' attendance in schools, confronting entrenched gender biases in communities, raising parental aspirations for their daughters, and aiding in the reduction of the educational attainment disparity between male and female students.























Nonetheless, a surge in student enrollment can lead to a scarcity of qualified teachers. The allocation of funds for education plays a vital role in ensuring the proper distribution of teachers, as their salaries constitute a significant portion of educational expenditures. This scarcity of trained educators can lead to the employment of less qualified teachers in more disadvantaged regions.","This indicator does not take into account differences in teachers' experiences and status, teaching methods, teaching materials, and classroom conditions - all factors that affect the quality of teaching and learning. Some teachers without formal training may have acquired equivalent pedagogical skills through professional experience. In addition, national standards regarding teacher qualifications and pedagogical skills may vary.",,https://datacatalog.worldbank.org/int/public-licenses#cc-by
SE.SEC.TCAQ.UP.MA.ZS,CC BY-4.0,"Trained teachers in upper secondary education, male (% of male teachers)",Trained teachers in upper secondary education are the percentage of upper secondary school teachers who have received the minimum organized teacher training (pre-service or in-service) required for teaching in a given country.,"Data API, UN Educational, Scientific and Cultural Organization (UNESCO), uri: https://databrowser.uis.unesco.org/resources, note: The data are obtained through the UIS API.  Detailed documentation is available at: https://api.uis.unesco.org/api/public/documentation/, publisher: UNESCO Institute for Statistics (UIS), type: Bulk file, date accessed: 2026-03-19, date published: 2026-02",Education: Inputs,WB_WDI,% of male teachers in upper secondary education,Annual,1998-2025,Weighted average,"Methodology: Share of trained teachers is calculated by dividing the number of trained teachers of the specified level of education by total number of teachers at the same level of education, and multiplying by 100. 























Data on education are collected by the UNESCO Institute for Statistics from official responses to its annual education survey. All the data are mapped to the International Standard Classification of Education (ISCED) to ensure the comparability of education programs at the international level. The current version was formally adopted by UNESCO Member States in 2011. 























The reference years reflect the school year for which the data are presented. In some countries the school year spans two calendar years (for example, from September 2010 to June 2011); in these cases the reference year refers to the year in which the school year ended (2011 in the example).
Statistical concept(s): This indicator quantifies the proportion of educators within the teaching workforce who have received comprehensive pedagogical training. A high percentage signifies that a substantial majority of students are instructed by teachers equipped with the necessary pedagogical skills and training to teach effectively. The role of teachers is pivotal in upholding the standard of education delivered. Optimal educational outcomes are achieved when all teachers are provided with sufficient, pertinent, and targeted pedagogical training, enabling them to teach at their designated educational level. Moreover, it is crucial that teachers possess the academic qualifications required to competently cover the subject matter they are tasked with teaching.","The proportion of trained educators is indicative of a nation's dedication to the enhancement of its educational workforce, and the expansion of this metric is a specific objective under Sustainable Development Goal target 4.c. Teachers serve as a crucial asset, particularly for first-generation learners within their families, who depend significantly on educators to gain fundamental literacy skills. Nonetheless, a surge in student enrollment can lead to a scarcity of qualified teachers. The allocation of funds for education plays a vital role in ensuring the proper distribution of teachers, as their salaries constitute a significant portion of educational expenditures. This scarcity of trained educators can lead to the employment of less qualified teachers in more disadvantaged regions.","This indicator does not take into account differences in teachers' experiences and status, teaching methods, teaching materials, and classroom conditions - all factors that affect the quality of teaching and learning. Some teachers without formal training may have acquired equivalent pedagogical skills through professional experience. In addition, national standards regarding teacher qualifications and pedagogical skills may vary.",,https://datacatalog.worldbank.org/int/public-licenses#cc-by
SE.SEC.ENRL.LO.TC.ZS,CC BY-4.0,"Pupil-teacher ratio, lower secondary",Lower secondary school pupil-teacher ratio is the average number of pupils per teacher in lower secondary school.,"Stat Bulk Data Download Service, UN Educational, Scientific and Cultural Organization (UNESCO), uri: https://uis.unesco.org/bdds, publisher: UNESCO Institute for Statistics (UIS)",Education: Inputs,WB_WDI,,Annual,1981-2019,Weighted average,"Methodology: Pupil-teacher ratio is calculated by dividing the number of students at the specified level of education by the number of teachers at the same level of education. 

Data on education are collected by the UNESCO Institute for Statistics from official responses to its annual education survey. All the data are mapped to the International Standard Classification of Education (ISCED) to ensure the comparability of education programs at the international level. The current version was formally adopted by UNESCO Member States in 2011. 

The reference years reflect the school year for which the data are presented. In some countries the school year spans two calendar years (for example, from September 2010 to June 2011); in these cases the reference year refers to the year in which the school year ended (2011 in the example).
Statistical concept(s):","The pupil-teacher ratio is often used to compare the quality of schooling across countries, but it is often weakly related to student learning and quality of education.","The comparability of pupil-teacher ratios across countries is affected by the definition of teachers and by differences in class size by grade and in the number of hours taught, as well as the different practices countries employ such as part-time teachers, school shifts, and multi-grade classes. Moreover, the underlying enrollment levels are subject to a variety of reporting errors.",,https://datacatalog.worldbank.org/int/public-licenses#cc-by
SE.PRE.ENRL.TC.ZS,CC BY-4.0,"Pupil-teacher ratio, preprimary",Preprimary school pupil-teacher ratio is the average number of pupils per teacher in preprimary school.,"Stat Bulk Data Download Service, UN Educational, Scientific and Cultural Organization (UNESCO), uri: https://uis.unesco.org/bdds, publisher: UNESCO Institute for Statistics (UIS)",Education: Inputs,WB_WDI,,Annual,1970-2019,Weighted average,"Methodology: Pupil-teacher ratio is calculated by dividing the number of students at the specified level of education by the number of teachers at the same level of education. 

Data on education are collected by the UNESCO Institute for Statistics from official responses to its annual education survey. All the data are mapped to the International Standard Classification of Education (ISCED) to ensure the comparability of education programs at the international level. The current version was formally adopted by UNESCO Member States in 2011. 

The reference years reflect the school year for which the data are presented. In some countries the school year spans two calendar years (for example, from September 2010 to June 2011); in these cases the reference year refers to the year in which the school year ended (2011 in the example).","The pupil-teacher ratio is often used to compare the quality of schooling across countries, but it is often weakly related to student learning and quality of education.","The comparability of pupil-teacher ratios across countries is affected by the definition of teachers and by differences in class size by grade and in the number of hours taught, as well as the different practices countries employ such as part-time teachers, school shifts, and multi-grade classes. Moreover, the underlying enrollment levels are subject to a variety of reporting errors.",,https://datacatalog.worldbank.org/int/public-licenses#cc-by
SE.PRM.ENRL.TC.ZS,CC BY-4.0,"Pupil-teacher ratio, primary",Primary school pupil-teacher ratio is the average number of pupils per teacher in primary school.,"Stat Bulk Data Download Service, UN Educational, Scientific and Cultural Organization (UNESCO), uri: https://uis.unesco.org/bdds, publisher: UNESCO Institute for Statistics (UIS)",Education: Inputs,WB_WDI,,Annual,1970-2019,Weighted average,"Methodology: Pupil-teacher ratio is calculated by dividing the number of students at the specified level of education by the number of teachers at the same level of education. 

Data on education are collected by the UNESCO Institute for Statistics from official responses to its annual education survey. All the data are mapped to the International Standard Classification of Education (ISCED) to ensure the comparability of education programs at the international level. The current version was formally adopted by UNESCO Member States in 2011. 

The reference years reflect the school year for which the data are presented. In some countries the school year spans two calendar years (for example, from September 2010 to June 2011); in these cases the reference year refers to the year in which the school year ended (2011 in the example).
Statistical concept(s):","The pupil-teacher ratio is often used to compare the quality of schooling across countries, but it is often weakly related to student learning and quality of education.","The comparability of pupil-teacher ratios across countries is affected by the definition of teachers and by differences in class size by grade and in the number of hours taught, as well as the different practices countries employ such as part-time teachers, school shifts, and multi-grade classes. Moreover, the underlying enrollment levels are subject to a variety of reporting errors.",,https://datacatalog.worldbank.org/int/public-licenses#cc-by
SE.SEC.ENRL.TC.ZS,CC BY-4.0,"Pupil-teacher ratio, secondary",Secondary school pupil-teacher ratio is the average number of pupils per teacher in secondary school.,"Stat Bulk Data Download Service, UN Educational, Scientific and Cultural Organization (UNESCO), uri: https://uis.unesco.org/bdds, publisher: UNESCO Institute for Statistics (UIS)",Education: Inputs,WB_WDI,,Annual,1970-2019,Weighted average,"Methodology: Pupil-teacher ratio is calculated by dividing the number of students at the specified level of education by the number of teachers at the same level of education.

Data on education are collected by the UNESCO Institute for Statistics from official responses to its annual education survey. All the data are mapped to the International Standard Classification of Education (ISCED) to ensure the comparability of education programs at the international level. The current version was formally adopted by UNESCO Member States in 2011.

The reference years reflect the school year for which the data are presented. In some countries the school year spans two calendar years (for example, from September 2010 to June 2011); in these cases the reference year refers to the year in which the school year ended (2011 in the example).
Statistical concept(s):","The pupil-teacher ratio is often used to compare the quality of schooling across countries, but it is often weakly related to student learning and quality of education.","The comparability of pupil-teacher ratios across countries is affected by the definition of teachers and by differences in class size by grade and in the number of hours taught, as well as the different practices countries employ such as part-time teachers, school shifts, and multi-grade classes. Moreover, the underlying enrollment levels are subject to a variety of reporting errors.",,https://datacatalog.worldbank.org/int/public-licenses#cc-by
SE.TER.ENRL.TC.ZS,CC BY-4.0,"Pupil-teacher ratio, tertiary",Tertiary school pupil-teacher ratio is the average number of pupils per teacher in tertiary school.,"Stat Bulk Data Download Service, UN Educational, Scientific and Cultural Organization (UNESCO), uri: https://uis.unesco.org/bdds, publisher: UNESCO Institute for Statistics (UIS)",Education: Inputs,WB_WDI,,Annual,1970-2019,Weighted average,"Methodology: Pupil-teacher ratio is calculated by dividing the number of students at the specified level of education by the number of teachers at the same level of education. 

Data on education are collected by the UNESCO Institute for Statistics from official responses to its annual education survey. All the data are mapped to the International Standard Classification of Education (ISCED) to ensure the comparability of education programs at the international level. The current version was formally adopted by UNESCO Member States in 2011. 

The reference years reflect the school year for which the data are presented. In some countries the school year spans two calendar years (for example, from September 2010 to June 2011); in these cases the reference year refers to the year in which the school year ended (2011 in the example).
Statistical concept(s):","The pupil-teacher ratio is often used to compare the quality of schooling across countries, but it is often weakly related to student learning and quality of education.","The comparability of pupil-teacher ratios across countries is affected by the definition of teachers and by differences in class size by grade and in the number of hours taught, as well as the different practices countries employ such as part-time teachers, school shifts, and multi-grade classes. Moreover, the underlying enrollment levels are subject to a variety of reporting errors.",,https://datacatalog.worldbank.org/int/public-licenses#cc-by
SE.SEC.ENRL.UP.TC.ZS,CC BY-4.0,"Pupil-teacher ratio, upper secondary",Upper secondary school pupil-teacher ratio is the average number of pupils per teacher in upper secondary school.,"Stat Bulk Data Download Service, UN Educational, Scientific and Cultural Organization (UNESCO), uri: https://uis.unesco.org/bdds, publisher: UNESCO Institute for Statistics (UIS)",Education: Inputs,WB_WDI,,Annual,1981-2019,Weighted average,"Methodology: Pupil-teacher ratio is calculated by dividing the number of students at the specified level of education by the number of teachers at the same level of education. 

Data on education are collected by the UNESCO Institute for Statistics from official responses to its annual education survey. All the data are mapped to the International Standard Classification of Education (ISCED) to ensure the comparability of education programs at the international level. The current version was formally adopted by UNESCO Member States in 2011. 

The reference years reflect the school year for which the data are presented. In some countries the school year spans two calendar years (for example, from September 2010 to June 2011); in these cases the reference year refers to the year in which the school year ended (2011 in the example).
Statistical concept(s):","The pupil-teacher ratio is often used to compare the quality of schooling across countries, but it is often weakly related to student learning and quality of education.","The comparability of pupil-teacher ratios across countries is affected by the definition of teachers and by differences in class size by grade and in the number of hours taught, as well as the different practices countries employ such as part-time teachers, school shifts, and multi-grade classes. Moreover, the underlying enrollment levels are subject to a variety of reporting errors.",,https://datacatalog.worldbank.org/int/public-licenses#cc-by
SE.XPD.TOTL.GD.ZS,CC BY-4.0,"Government expenditure on education, total (% of GDP)","General government expenditure on education (current, capital, and transfers) is expressed as a percentage of GDP. It includes expenditure funded by transfers from international sources to government. General government usually refers to local, regional and central governments.","Data API, UN Educational, Scientific and Cultural Organization (UNESCO), uri: https://databrowser.uis.unesco.org/resources, note: The data are obtained through the UIS API.  Detailed documentation is available at: https://api.uis.unesco.org/api/public/documentation/, publisher: UNESCO Institute for Statistics (UIS), date accessed: 2026-03-19, date published: 2026-02",Education: Inputs,WB_WDI,% of GDP,Annual,1970-2025,Median,"Methodology: Government expenditure on education, total (% of GDP) is calculated by dividing total government expenditure for all levels of education by the GDP, and multiplying by 100. Aggregate data are based on World Bank estimates.





















Information pertaining to educational expenditures is sourced from national governments, which provide the data in response to the annual survey conducted by the UNESCO Institute for Statistics (UIS) or through the joint UNESCO-OECD-Eurostat (UOE) data collection initiative. The responses to the questionnaire regarding educational spending are typically derived from the annual financial statements issued by either the Ministry of Finance or the Ministry of Education, or from the national accounts maintained by the National Statistical Office. Additionally, data concerning GDP and overall government expenditure are accessible via the IMF’s World Economic Outlook database, which is updated annually.
Statistical concept(s): Generally, elevated levels of the indicator suggest that a government places a high priority on educational policy. Values ranging from 4% to 6% are indicative of a country achieving the benchmark set forth by the Education 2030 Framework for Action (https://unesdoc.unesco.org/ark:/48223/pf0000245656).









































Educational expenditure encompasses spending on fundamental educational goods and services, including teaching personnel, school infrastructure, textbooks, and instructional materials, as well as on ancillary educational goods and services such as support services, general administration, and other related activities.









































Funding for education may originate from public sources, encompassing all government ministries and agencies that finance or support educational programs within the country, as well as from international and private sources, such as household contributions.","Investment in education acts as a driving force for economic growth, enhances productivity, and promotes the betterment of individual and collective welfare. This indicator evaluates the extent to which a government prioritizes education in relation to its overall economic prosperity.",Data may refer to spending by the ministry of education only (excluding spending on educational activities by other ministries).,,https://datacatalog.worldbank.org/int/public-licenses#cc-by
SE.XPD.TOTL.GB.ZS,CC BY-4.0,"Government expenditure on education, total (% of government expenditure)","General government expenditure on education (current, capital, and transfers) is expressed as a percentage of total general government expenditure on all sectors (including health, education, social services, etc.). It includes expenditure funded by transfers from international sources to government. General government usually refers to local, regional and central governments.","Data API, UN Educational, Scientific and Cultural Organization (UNESCO), uri: https://databrowser.uis.unesco.org/resources, note: The data are obtained through the UIS API.  Detailed documentation is available at: https://api.uis.unesco.org/api/public/documentation/, publisher: UNESCO Institute for Statistics (UIS), date accessed: 2026-03-19, date published: 2026-02",Education: Inputs,WB_WDI,% of government expenditure,Annual,1980-2025,Median,"Methodology: Expenditure on education, total (% of government expenditure) is calculated by dividing total government expenditure on education by the total government expenditure on all sectors and multiplying by 100. Aggregate data are based on World Bank estimates.























Information regarding educational expenditures is obtained from national governments through their responses to the annual survey on formal education conducted by the UNESCO Institute for Statistics (UIS). The data provided for this questionnaire often originates from the annual financial reports of the Ministry of Finance or the Ministry of Education, or from the national accounts compiled by the National Statistical Office. Additionally, comprehensive data on general government expenditure across all sectors are sourced from the International Monetary Fund's (IMF) World Economic Outlook database, which undergoes an annual update.
Statistical concept(s): A greater allocation of government funds towards education reflects a significant emphasis on educational priorities in comparison to other public sector investments. It is important to consider, however, that the capacity of governments to spend varies, resulting in differing budget sizes. Additionally, demographic factors such as the age distribution within a country can influence the proportion of spending on education versus other areas like health or social security.","Investment in education serves as a driving force for economic growth, enhancement of productivity, and the promotion of individual and collective prosperity. This indicator is instrumental in evaluating the extent to which a government prioritizes education, whether over time or in relation to other nations. Furthermore, it reflects the government's dedication to the investment in human capital development.","Data on government expenditure on education may refer to spending by the ministry of education only (excluding spending on educational activities by other ministries). In addition, definitions and methods of data on total general government expenditure may differ across countries.",,https://datacatalog.worldbank.org/int/public-licenses#cc-by
