country,iso3,year,SL.UEM.NEET.ME.ZS,SL.UEM.NEET.FE.ME.ZS,SL.UEM.NEET.MA.ME.ZS,SL.UEM.NEET.ZS,SL.UEM.1524.ZS,SL.UEM.1524.FE.ZS,SL.UEM.1524.MA.ZS,SL.TLF.ACTI.1524.ZS,SL.EMP.VULN.ZS,SL.UEM.TOTL.ZS,SL.UEM.ADVN.ZS,NY.GDP.PCAP.PP.KD,SI.POV.GINI,SI.POV.DDAY,SP.URB.TOTL.IN.ZS,SP.ADO.TFRT,SE.PRM.CMPT.ZS,SE.SEC.CMPT.LO.ZS,SE.SEC.PROG.ZS,SE.SEC.NENR,SE.TER.ENRR,SE.PRM.UNER.ZS,SE.SEC.UNER.LO.ZS,SE.XPD.TOTL.GD.ZS,SE.XPD.SECO.PC.ZS,SE.SEC.ENRR.UP,UIS.CR.3,UIS.CR.3.F,UIS.CR.3.M,UIS.CR.3.Q1,UIS.CR.3.Q5,UIS.CR.3.Q1.F,UIS.CR.3.Q1.M,UIS.CR.3.WPIA,UIS.CR.2.Q1,UIS.CR.2.Q5,UIS.CR.2.WPIA,UIS.ROFST.H.2.Q1,UIS.ROFST.H.2.WPIA,UIS.ROFST.H.3.Q1,UIS.ROFST.H.3.Q5,UIS.ROFST.H.3.WPIA,JI.EMP.1524.LE.ZS,JI.EMP.1524.HE.ZS,JI.EMP.1524.FE.ZS,JI.EMP.1524.MA.ZS,JI.EMP.IFRM.YG.ZS,4.0.nini.15a18,4.0.nini.19a24,4.1.nini.19a24,4.2.nini.19a24,4.0.stud.19a24,4.0.work.19a24,4.0.studwork.19a24
Antigua and Barbuda,ATG,2001,,,,,,,,,,,,24014.7754593511,,,31.7554348168059,59.991,,,,,,,,,,,,,,,,,,,,,,,,,,,,,,,,,,,,,,
Antigua and Barbuda,ATG,2002,,,,,,,,,,,,23958.1638142071,,,31.2280374899146,56.432,,,,,,,,3.07877993583679,,,,,,,,,,,,,,,,,,,,,,,,,,,,,,
Antigua and Barbuda,ATG,2003,,,,,,,,,,,,25136.001691807,,,30.6003743426951,53.866,,,,,,,,,,,,,,,,,,,,,,,,,,,,,,,,,,,,,,
Antigua and Barbuda,ATG,2004,,,,,,,,,,,,26303.6179046605,,,29.905566716031,51.976,,,,,,,,,,,,,,,,,,,,,,,,,,,,,,,,,,,,,,
Antigua and Barbuda,ATG,2005,,,,,,,,,,,,27692.634871178,,,29.1737995723752,50.109,,,,,,,,,,,,,,,,,,,,,,,,,,,,,,,,,,,,,,
Antigua and Barbuda,ATG,2006,,,,,,,,,,,,30827.3416754916,,,28.43525787418,48.992,,,,,,,,,,,,,,,,,,,,,,,,,,,,,,,,,,,,,,
Antigua and Barbuda,ATG,2007,,,,,,,,,,,,33245.2678606765,,,27.7201265838981,49.104,,,,,,0.361669987440109,,,,,,,,,,,,,,,,,,,,,,,,,,,,,,,,
Antigua and Barbuda,ATG,2008,,,,,,,,,,,,32756.3067839753,,,27.0585906639822,54.489,110.256408691406,92.5501403808594,,,,0.250919997692108,,,,89.43344,,,,,,,,,,,,,,,,,,,,,,,,,,,,
Antigua and Barbuda,ATG,2009,,,,,,,,,,,,28405.6900929523,,,26.4808350768849,50.957,103.888130187988,85.2390899658203,,92.48712,14.8930101394653,1.45594000816345,,2.22264003753662,12.34896,89.29307,,,,,,,,,,,,,,,,,,,,,,,,,,,,
Antigua and Barbuda,ATG,2010,,,,,,,,,,,,25826.6086383235,,,26.0170447850587,42.685,119.779411315918,95.5363082885742,,,16.6952054794521,3.28413009643555,,,,86.14601,,,,,,,,,,,,,,,,,,,,,,,,,,,,
Antigua and Barbuda,ATG,2011,,,,,,,,,,,,25023.9174488179,,,25.694689859722,40.725,119.621208190918,,,,15.1060820367751,1.34687995910645,,,9.80909,89.55124,,,,,,,,,,,,,,,,,,,,,,,,,,,,
Antigua and Barbuda,ATG,2012,,,,,,,,,,,,25592.9066121735,,,25.4555618588267,37.781,,108.571426391602,,,25.1156271899089,0.454120010137558,,2.13043025907083,,97.42489,,,,,,,,,,,,,,,,,,,,,,,,,,,,
Antigua and Barbuda,ATG,2013,,,,,,,,,,,,25206.8458285339,,,25.2475667667937,34.252,114.516129032258,99.7069597069597,,,,2.92254694966107,1.73379587984466,2.35972143126598,,,,,,,,,,,,,,,,,,,,,,,,,,,,,,
Antigua and Barbuda,ATG,2014,,,,,,,,,,,,25557.5249124716,,,25.0899726107741,34.168,120.137298583984,101.73454284668,,83.36424,,1.16086235489221,0.848458878323005,2.3044409375638,,84.60045,,,,,,,,,,,,,,,,,,,,,,,,,,,,
Antigua and Barbuda,ATG,2015,,,,,,,,,,,,25734.1516444171,,,25.0,35.946,100.936767578125,94.9932341001353,,86.00054,,0.95145155206453,1.40929298548048,1.9934755302761,,84.77836,,,,,,,,,,,,,,,,,,,,,,,,,,,,
Antigua and Barbuda,ATG,2016,,,,,,,,,,,,26627.71453894,,,24.9239807471655,31.44,103.177124702145,120.778267254038,,,,1.19673419688413,0.557888489911204,2.17149931504636,,,,,,,,,,,,,,,,,,,,,,,,,,,,,,
Antigua and Barbuda,ATG,2017,,,,,,,,,,,,27199.1952402262,,,24.8500263836871,31.069,108.32666015625,118.154083251953,99.29605,87.74032,,1.36870002746582,3.76623010635376,2.28158315038897,,90.95528,,,,,,,,,,,,,,,,,,,,,,,,,,,,
Antigua and Barbuda,ATG,2018,,,,20.78,,,,,,,3.359,28878.6067675471,,,24.7781432093764,28.173,104.944183349609,108.359382629395,,88.78981,,0.91236465306969,0.114418820700586,2.26922708436893,,103.76902,,,,,,,,,,,,,,,,,,,,,,,,,,,,
Antigua and Barbuda,ATG,2019,,,,,,,,,,,,29651.8641526705,,,24.708337524045,31.691,105.633802816901,114.069952305246,,,,0.235621611859049,0.52574250236003,3.35725653382563,,,,,,,,,,,,,,,,,,,,,,,,,,,,,,
Antigua and Barbuda,ATG,2020,,,,,,,,,,,,23930.6714995115,,,24.6406156275043,33.916,,,,,,,,3.0051830460864,,,,,,,,,,,,,,,,,,,,,,,,,,,,,,
Antigua and Barbuda,ATG,2021,,,,,,,,,,,,25745.4958067746,,,24.574983819566,33.751,,,,,,,,2.50897393198865,,,,,,,,,,,,,,,,,,,,,,,,,,,,,,
Antigua and Barbuda,ATG,2022,,,,,,,,,,,,27785.5572316838,,,24.5114484000414,33.469,123.354735152488,105.951448707909,,,,,5.63364665500828,2.50368755552383,,,,,,,,,,,,,,,,,,,,,,,,,,,,,,
Antigua and Barbuda,ATG,2023,,,,,,,,,,,,28712.3970492192,,,24.4500156687422,32.932,,,,,,1.71101264042263,0.778936882592212,3.10505161832136,,,,,,,,,,,,,,,,,,,,,,,,,,,,,,
Antigua and Barbuda,ATG,2024,,,,,,,,,,,,29298.6474164727,,,24.3906919254799,32.078,,,,,,,,,,,,,,,,,,,,,,,,,,,,,,,,,,,,,,
Antigua and Barbuda,ATG,2025,,,,,,,,,,,,30620.3075553859,,,24.3334834700661,,,,,,,,,,,,,,,,,,,,,,,,,,,,,,,,,,,,,,,
Argentina,ARG,2001,,,,,37.025,36.742,37.225,47.374,22.9126921231873,17.32,,21066.4581290433,53.3,10.7,89.3682951289372,63.491,98.4240188598633,86.9129791259766,97.39566,78.94955,58.4697608947754,0.586939990520477,2.27531003952026,4.833740234375,16.89971,74.60114,,,,,,,,,,,,,,,,,,,,,,,,,,,,
Argentina,ARG,2002,,,,,41.353,39.794,42.421,47.894,23.70466457638,19.59,,18571.7020471274,53.8,17.1,89.5616701920513,62.126,101.160697937012,86.7158126831055,96.5178,78.81052,61.7228813171387,0.579219996929169,2.0524799823761,4.01734018325806,15.21159,74.80304,,,,,,,,,,,,,,,,,,,,,,,,,,,,
Argentina,ARG,2003,,,,,32.924,37.704,29.602,47.587,21.7001661163026,15.36,,20005.1385113465,51.0,8.2,89.752468256564,60.002,98.9721527099609,81.7117080688477,96.70928,78.51365,64.0304870605469,0.505909979343414,2.33267998695373,3.53504991531372,12.85688,74.61277,,,,,,,,,,,,,,,,,,,,,,,,,,,,
Argentina,ARG,2004,,,,20.984,29.544,34.538,26.022,47.273,21.6028718502752,13.522,5.732,21591.449396517,48.5,6.0,89.9397208794212,61.681,97.3868179321289,80.216552734375,95.86633,78.53653,64.5891418457031,0.124030001461506,2.82011008262634,3.48652005195618,12.94152,72.43016,,,,,,,,,,,,,,,,,,,,,,0.155623671482702,0.248249920173203,0.184246250131449,0.312999431811313,0.276199709200077,0.350660989916383,0.124763374143489
Argentina,ARG,2005,19.874,24.553,15.373,19.874,26.207,30.653,23.239,45.255,21.2797063654732,11.506,5.02,23262.4075792816,47.8,4.4,90.1233737736072,63.546,94.5341262817383,80.5659866333008,95.38558,77.93493,63.4893112182617,0.282070010900497,2.9850800037384,3.86000990867615,16.11186,70.34568,,,,,,,,,,,,,,,,,,,,,,0.134150211883509,0.238675890069255,0.165752317768138,0.313553373625894,0.263057344332673,0.368750044885488,0.128540068577046
Argentina,ARG,2006,19.509,24.896,14.333,19.509,23.777,29.202,19.944,45.505,20.2573051041667,10.078,3.767,24877.2493922296,46.4,3.5,90.3033726521064,64.156,95.6887130737305,77.2917709350586,94.96292,77.80917,66.9444732666016,0.438419997692108,3.18567991256714,4.12821006774902,16.7607,69.64796,,,,,,,,,,,,,,,,,,,,,,0.132076186757469,0.236330711224962,0.159008004675516,0.310784462565287,0.266058460982563,0.360441634554734,0.137394807947835
Argentina,ARG,2007,19.261,24.507,14.226,,20.242,24.362,17.391,44.022,19.178244400597,8.47,,26850.6645932771,46.3,2.8,90.4796632279031,64.562,98.5453414916992,75.4728088378906,95.16004,77.68491,66.6672210693359,0.555310010910034,3.24175000190735,4.46260976791382,17.83472,69.04772,,,,,,,,,,,,,,,,,,,,,,0.14713871193259,0.229633784644357,0.1482245544856,0.308864250803026,0.248671891276446,0.389187667828446,0.13232500876572
Argentina,ARG,2008,19.421,24.497,14.556,19.421,18.927,22.118,16.765,42.549,19.1016841857864,7.837,3.826,27658.4853446831,45.0,2.6,90.6521912139817,66.357,102.319679260254,76.4077224731445,95.31151,78.65304,68.5610733032227,0.481610000133514,3.38850998878479,4.84438991546631,19.1992,68.92441,,,,,,,,,,,,,,,,,,,,,,0.142276198404195,0.234374575831744,0.150621878445219,0.314604889351763,0.264820139087732,0.35674232330754,0.144436406606552
Argentina,ARG,2009,20.036,24.41,15.847,20.036,21.184,24.521,19.004,42.375,19.5906993047639,8.645,4.055,25747.1976809995,43.8,2.4,90.8209023233265,65.923,102.965492248535,76.69091796875,95.87691,80.56529,70.6931915283203,0.457100003957748,3.16417002677917,5.53105020523071,22.23454,69.81236,,,,,,,,,,,,,,,,,,,,,,0.148407971429729,0.249202181231907,0.172741828245177,0.327123743574858,0.267453525076116,0.350139620787299,0.133396018855314
Argentina,ARG,2010,19.459,24.333,14.794,19.459,19.381,23.565,16.727,41.047,19.0490238114851,7.714,3.045,28056.2570212342,43.7,1.5,90.9930051940977,65.927,103.31336478821,80.507441868947,96.17801,82.09918,73.803669361107,0.17116501610443,2.01156677677281,5.01972007751465,19.26875,71.13444,54.98767,60.50624,49.43295,,,,,,,,,,,,,,,,,,,0.128400598978298,0.242455977230542,0.167240110995232,0.315150310670802,0.275603172825084,0.350185486867301,0.131548772471348
Argentina,ARG,2011,18.405,23.068,13.942,18.405,18.71,22.086,16.61,40.912,18.6211188839315,7.18,2.915,29425.7593876084,42.7,1.2,91.1072286738406,66.764,103.299525536147,84.5150883046657,96.62407,83.52317,77.0101185060955,0.0094675036029475,1.85169785061992,5.29063987731934,20.64525,77.69827,,,,,,,,,,,,,,,,,,,,,,0.12874122611578,0.217519403519569,0.144598949781866,0.29118774244869,0.303748582574471,0.35023691943499,0.128178336424822
Argentina,ARG,2012,18.406,23.185,13.832,18.406,18.34,23.025,15.452,40.511,19.0299608764648,7.217,2.991,28825.9666865361,41.4,1.3,91.2041217246797,64.852,103.663843793221,85.9030868167664,96.84399,85.89363,78.1465174294761,0.0208660104068756,1.64369042308002,5.3458399772644,20.75691,79.89155,,,,,,,,,,,,,,,,,0.837785840034485,0.816162526607513,0.754506766796112,0.854279935359955,0.638966143131256,0.123431828432897,0.219982189593523,0.150538346381964,0.29221414582169,0.296677570343446,0.356310956504194,0.127184539480704
Argentina,ARG,2013,19.07,23.984,14.367,19.07,19.555,23.28,17.281,40.085,19.6857850931616,7.1,3.243,29227.6601818437,41.1,1.1,91.3014507719473,66.104,103.278045218399,88.2744279757065,97.31649,87.09754,78.5681646081939,0.0693676303766887,1.34690101445358,5.43660020828247,21.62494,82.22551,,,,,,,,,,,,,,,,,,,,,,0.148319135895481,0.229314109377886,0.149549258298608,0.311731383490475,0.294122818137641,0.356517220930703,0.119509031948723
Argentina,ARG,2014,19.675,24.451,15.104,19.675,19.137,22.271,17.153,38.585,20.1779734655309,7.268,3.249,28200.8152571318,41.8,1.1,91.3975345472954,66.613,105.369846292036,88.4209690178368,97.40726,87.6325,81.072589697739,0.201323988055031,0.961622001222435,5.36144018173218,21.31954,83.88942,,,,,,,,,,,,,,,,,0.867850482463837,0.815114200115204,0.77404648065567,0.843241930007935,0.643284291028976,0.127384464911566,0.237160069987108,0.167110581783981,0.310980660415939,0.294734278513713,0.347091337539501,0.120711211499271
Argentina,ARG,2015,19.5,23.884,15.304,,20.267,23.714,18.077,38.707,20.604372046677,7.577,,28669.2061336796,,,91.4923019108628,63.879,105.966493596972,90.4002076926149,99.48824,88.44048,83.75569332589,0.316380499170974,0.853251529234173,5.77611017227173,22.87436,85.14556,,,,,,,,,,,,,,,,,0.814688742160797,0.813868641853333,0.774408280849457,0.837128818035126,0.610343843698502,,,,,,,
Argentina,ARG,2016,19.431,23.382,15.65,,21.799,25.592,19.382,38.828,21.0846506714366,8.088,,27802.1057201498,42.3,1.3,91.5856817228217,58.79,106.53556124907,90.6739447726308,99.85158,89.88468,86.6743832906399,0.514204110325914,0.666127483201007,5.54548978805542,21.59171,86.36075,,,,,,,,,,,,,,,,,0.79205596446991,0.776004433631897,0.737191915512085,0.801747977733612,0.623751729726791,,,,,,,
Argentina,ARG,2017,19.246,22.834,15.813,19.246,22.843,26.947,20.22,38.951,21.505941986483,8.347,3.268,28334.904184742,41.4,1.1,91.6776028433824,55.022,101.523895644883,91.8118218441298,,90.79605,89.3297346952415,0.58172648204325,0.705544158201227,5.45432996749878,20.6226,86.62382,,,,,,,,,,,,,,,,,0.810501992702484,0.781019747257233,0.728734314441681,0.81926417350769,0.642498016357422,,,,,,,
Argentina,ARG,2018,19.023,22.599,15.602,19.023,23.845,27.869,21.12,39.404,21.6175577222417,9.22,3.64,27367.115094108,41.7,1.6,91.7679941327998,49.926,100.145531751709,93.526051028572,,,91.0846512732766,0.640150279234801,0.648423178837961,4.87773990631104,,,,,,,,,,,,,,,,,,,0.759571015834808,0.752228677272797,0.722437858581543,0.775384902954102,0.644678890705109,,,,,,,
Argentina,ARG,2019,19.228,21.716,16.85,19.228,25.842,28.559,24.012,39.003,22.7149996003683,9.843,3.874,26629.5529419501,43.3,1.7,91.8567844513802,41.751,100.286471247217,95.934230151279,,,95.1928240640628,0.619989140117256,0.564617004998987,4.77165985107422,,,,,,,,,,,,,,,,,,,0.777078449726105,0.753477513790131,0.723052501678467,0.777636528015137,,,,,,,,
Argentina,ARG,2020,22.328,23.693,21.024,22.328,30.429,35.019,27.238,33.091,24.0669497937937,11.461,4.718,23877.0931404855,42.7,2.2,91.9439026594897,31.492,99.8427784444202,95.4634370496692,,,99.3697348717996,0.831545735498041,0.688862525651649,5.27689981460571,,,,,,,,,,,,,,,,,,,0.666155874729156,0.699094474315643,0.648683726787567,0.72983580827713,,,,,,,,
Argentina,ARG,2021,16.118,18.571,13.777,16.118,23.373,26.688,21.008,37.005,24.0189803057016,8.736,3.426,26300.274261175,42.4,1.4,92.0292776175651,28.54,102.877639887141,108.654791754836,,,107.219557633976,0.794044917044044,0.94546921644919,4.65393018722534,,,,,,,,,,,,,,,,,,,0.81805419921875,0.78841495513916,0.777499735355377,0.799644827842712,,,,,,,,
Argentina,ARG,2022,15.872,17.845,13.991,15.872,19.004,20.723,17.745,38.023,23.2797968408073,6.805,2.898,27825.0273492567,40.7,1.3,92.112838186126,25.767,100.310147105379,98.835082764839,,,107.103901423423,0.747436006133423,0.995725443580191,4.79263019561768,,,,,,,,,,,,,,,,,,,,,,,,,,,,,,
Argentina,ARG,2023,15.028,16.738,13.4,15.028,17.946,19.379,16.867,39.123,22.4431470253428,6.139,2.494,27230.3968496682,42.4,1.2,92.1945132257907,26.414,98.9436486948575,94.9912129208669,,,107.822574129434,0.734622127960727,0.834425396673236,5.00324010848999,,,,,,,,,,,,,,,,,,,,,,,,,,,,,,
Argentina,ARG,2024,16.324,18.055,14.677,16.324,19.228,20.172,18.528,38.722,22.4231386348518,7.15,0.708,26771.9657650571,42.4,1.0,92.2742315972952,25.56,,,,,,,,,,,,,,,,,,,,,,,,,,,,,,,,,,,,,,
Argentina,ARG,2025,16.358,18.092,14.709,15.215,19.188,21.011,17.83,38.752,22.2688789059329,7.145,,27846.5984597239,,,92.3519221615173,,,,,,,,,,,,,,,,,,,,,,,,,,,,,,,,,,,,,,,
"Bahamas, The",BHS,2001,,,,,15.203,16.046,14.527,58.278,13.9164671713796,6.87,,35072.3658990461,,,81.152720524793,42.261,,,,,,,,,,,,,,,,,,,,,,,,,,,0.758098959922791,0.904893338680267,0.899214386940002,0.904245257377625,0.501851081848145,,,,,,,
"Bahamas, The",BHS,2002,,,,,20.375,23.193,18.107,58.339,15.3208919584145,9.05,,35610.6786425646,,,81.3054206830642,41.206,,,,,,,,,,94.95443,,,,,,,,,,,,,,,,,,,,,,,,,,,,
"Bahamas, The",BHS,2003,,,,,24.652,29.362,20.841,58.395,14.2706273869316,10.84,,34740.7635535381,,,81.4819614595541,40.614,,,,,,,,,,,,,,,,,,,,,,,,,,,,,,,,,,,,,,
"Bahamas, The",BHS,2004,,,,,21.751,25.903,18.369,58.449,14.9575030098291,10.2,,34617.8051137459,,,81.6708410883427,40.522,,91.2257385253906,,79.4314,,12.5216598510742,14.8534202575684,,,83.09644,,,,,,,,,,,,,,,,,,,,,,,,,,,,
"Bahamas, The",BHS,2005,18.314,26.226,10.419,,20.264,24.152,17.079,58.505,14.5021135301252,10.2,,35365.4663980219,,,81.8605578035102,40.926,97.9081497192383,90.4777374267578,98.92369,82.12592,,8.72436046600342,8.20462989807129,,,80.59718,,,,,,,,,,,,,,,,,,,,,,,,,,,,
"Bahamas, The",BHS,2006,16.582,23.754,9.413,,16.4,18.147,14.96,58.558,14.0450163660148,7.54,,35789.1322131898,,,82.0396098391364,41.004,93.7549514770508,81.0378112792969,99.30055,83.14323,,9.81266975402832,,,,81.84304,,,,,,,,,,,,,,,,,,,,,,,,,,,,
"Bahamas, The",BHS,2007,17.768,25.219,10.296,,18.918,21.492,16.778,58.607,13.6928819099362,7.88,,35797.118972073,,,82.1964954293015,41.033,97.5358428955078,91.3207473754883,99.78784,85.49348,,6.14188003540039,,,,86.40488,,,,,,,,,,,,,,,,,,,,,,,,,,,,
"Bahamas, The",BHS,2008,17.262,24.899,9.588,,17.015,19.986,14.526,58.66,13.288888647604,8.18,,34498.0351399173,,,82.3197128080855,39.987,95.9233779907227,98.1809616088867,,84.04865,,4.90198993682861,,,,86.97968,,,,,,,,,,,,,,,,,,,,,,,,,,,,
"Bahamas, The",BHS,2009,21.835,29.411,14.212,,26.0,29.874,22.734,58.714,13.2991714409623,14.25,,32630.263065979,,,82.3977602095684,38.147,96.4446716308594,,99.02354,81.54506,,7.1729998588562,,,,87.67065,,,,,,,,,,,,,,,,,,,,,,,,,,,,
"Bahamas, The",BHS,2010,22.224,29.402,14.985,,26.552,29.588,23.974,58.767,13.7019689770979,14.435,,32711.4592459383,,,82.4198104431593,36.847,91.7100242802636,95.2640873334404,,79.75847,,7.05495566145865,,2.45165990475209,,86.89863,,,,,,,,,,,,,,,,,,,,,,,,,,,,
"Bahamas, The",BHS,2011,22.533,29.411,15.587,,27.004,29.238,25.096,58.822,14.0940783876065,14.52,,32535.6625139135,,,82.4130347470308,36.279,103.337497769052,,,74.73581,,1.152232410944,,2.35576638581195,,84.22432,,,,,,,,,,,,,,,,,,,,,,,,,,,,
"Bahamas, The",BHS,2012,23.738,29.997,17.418,,30.359,31.46,29.413,58.88,13.9964093745607,14.02,,33667.5547098911,,,82.3947485339925,35.65,104.306912775968,,,75.71744,,3.21468533583331,,2.30391197238935,,85.68351,,,,,,,,,,,,,,,,,,,,,,,,,,,,
"Bahamas, The",BHS,2013,25.68,32.062,19.239,,34.465,36.321,32.864,58.939,13.9710182953161,16.18,,32402.9163503108,,,82.3635791100868,35.1,93.5685409775818,,,68.50649,,,,2.4242884241713,,75.54053,,,,,,,,,,,,,,,,,,,,,,,,,,,,
"Bahamas, The",BHS,2014,23.149,30.358,15.875,,28.993,32.527,25.93,58.998,13.8809396521903,13.8,,32712.6356664811,,,82.3180931037043,33.861,94.3441414885777,,,72.62728,,,,2.24714705533939,,78.7525,,,,,,,,,,,,,,,,,,,,,,,,,,,,
"Bahamas, The",BHS,2015,20.866,28.347,13.318,,24.781,28.694,21.372,59.056,13.8860602376067,12.0,,32777.5849410742,,,82.2568571432361,30.834,99.2159008023341,,,58.91371,,,,2.2723175918231,,64.26999,,,,,,,,,,,,,,,,,,,,,,,,,,,,
"Bahamas, The",BHS,2016,21.135,29.193,13.005,,25.844,31.804,20.626,59.113,13.7765675818773,12.7,,32172.3365152976,,,82.1784378570728,28.989,88.5392454854282,,,66.65546,,,,2.58786212973921,,70.96394,,,,,,,,,,,,,,,,,,,,,,,,,,,,
"Bahamas, The",BHS,2017,18.665,26.316,10.944,,21.547,26.43,17.251,59.17,13.7436737841616,9.8,,33050.0350128611,,,82.0814018736052,26.785,,,,65.13657,,,,2.69510162053495,,86.26224,,,,,,,,,,,,,,,,,,,,,,,,,,,,
"Bahamas, The",BHS,2018,19.112,24.768,13.402,,24.16,24.848,23.552,59.227,13.7384796750683,10.0,,33650.2164350935,,,81.9643158212241,26.308,84.8316556751128,,,62.4958,,,,2.49264112462151,,68.34603,,,,,,,,,,,,,,,,,,,,,,,,,,,,
"Bahamas, The",BHS,2019,16.614,22.04,11.135,,19.235,19.811,18.724,59.284,13.7163102619258,9.336,3.345,33202.4902105068,,,81.8257463283204,26.003,87.8645014841977,,,,,,,2.62573176503127,,,,,,,,,,,,,,,,,,,,,,,,,,,,,,
"Bahamas, The",BHS,2020,20.592,25.409,15.736,,23.943,24.32,23.612,52.742,14.2903535006992,12.016,,26452.695760929,,,81.6642600232849,25.129,,,,,,,,3.7125229961238,,,,,,,,,,,,,,,,,,,,,,,,,,,,,,
"Bahamas, The",BHS,2021,18.485,23.101,13.841,,21.768,21.814,21.726,54.571,14.7841636024782,11.078,,31064.6822166194,,,81.4784235345083,24.87,,,,,,,24.7096900939941,3.04890655208507,,,,,,,,,,,,,,,,,,,,,,,,,,,,,,
"Bahamas, The",BHS,2022,15.584,20.252,10.892,,18.694,18.354,18.995,58.879,15.4526381655226,9.25,,34342.9285316569,,,81.3200717047725,24.679,,,,,,,,2.62367021406169,,,,,,,,,,,,,,,,,,,,,,,,,,,,,,
"Bahamas, The",BHS,2023,14.647,19.177,10.091,,17.696,17.162,18.171,59.018,16.0789212824029,8.645,3.101,35221.2696932313,,,81.3213799173676,24.564,,,,,,28.9178100618779,9.78304561421151,2.74191570247934,,,,,,,,,,,,,,,,,,,,,,,,,,,,,,
"Bahamas, The",BHS,2024,14.576,18.931,10.202,,18.291,17.69,18.828,59.081,15.9601436200924,9.049,,36244.0500123244,,,81.3249262966481,24.519,,,,,,15.8760387811634,15.5883819496385,,,,,,,,,,,,,,,,,,,,,,,,,,,,,,,
"Bahamas, The",BHS,2025,15.028,19.77,10.276,,19.248,19.598,18.936,59.148,15.9432856071055,9.207,,,,,81.3309172016028,,,,,,,,,,,,,,,,,,,,,,,,,,,,,,,,,,,,,,,
Barbados,BRB,2001,,,,,22.935,25.621,20.557,58.673,13.5176531873702,9.85,,20782.8432453701,,,62.3048911059175,61.304,104.888130187988,106.75602722168,97.98284,86.51719,41.2074584960938,0.530089974403381,3.61893010139465,6.05536985397339,25.34136,111.47764,,,,,,,,,,,,,,,,,,,,,,,,,,,,
Barbados,BRB,2002,,,,,22.994,25.635,20.632,57.814,13.7474723214355,10.32,,20809.8567218941,,,61.965577912278,56.015,102.768249511719,99.9468231201172,99.45931,87.64809,,1.02305996417999,1.1745799779892,5.88062000274658,25.48251,109.62861,,,,,,,,,,,,,,,,,,,,,,,,,,,,
Barbados,BRB,2003,,,,,25.867,28.034,23.913,56.955,13.7188866953122,11.0,,21132.3281963019,,,61.5543861265895,53.91,109.012657165527,101.51782989502,98.11552,89.49912,,0.990580022335052,4.02379989624023,6.24569988250732,27.972,106.21118,,,,,,,,,,,,,,,,,,,,,,,,,,,,
Barbados,BRB,2004,,,,,22.61,23.886,21.555,57.212,14.089213203674,9.57,,21308.6052569587,,,61.101971231796,50.486,104.556350708008,105.322822570801,99.44786,93.05113,,0.613900005817413,3.3565399646759,6.02428007125854,24.69735,108.10949,,,,,,,,,,,,,,,,,,,,,,,,,,,,
Barbados,BRB,2005,25.465,23.487,27.461,,21.259,24.88,18.229,56.611,14.2596817683487,9.08,,22035.3859581035,,,60.6389887108416,46.753,100.718826293945,103.722877502441,98.65593,92.19581,,2.64384007453919,4.07920980453491,5.66965007781982,22.6382,114.80579,,,,,,,,,,,,,,,,,,,,,,,,,,,,
Barbados,BRB,2006,25.263,22.798,27.754,,20.58,22.817,18.689,56.012,14.3889324931965,8.73,,23260.8645438811,,,60.1960940466703,44.763,103.348342895508,109.977088928223,98.32467,91.74959,,1.88023996353149,2.76757001876831,,,112.98668,,,,,,,,,,,,,,,,,,,,,,,,,,,,
Barbados,BRB,2007,24.154,21.771,26.562,,17.46,19.777,15.486,55.416,14.6143115994133,7.41,,23631.9433885299,,,59.803942722226,46.435,99.2749633789062,108.775238037109,99.08315,92.11493,60.2387390136719,1.98348999023438,1.88440001010895,5.22061014175415,23.00835,115.71812,,,,,,,,,,,,,,,,,,,,,,,,,,,,
Barbados,BRB,2008,24.691,22.476,26.931,,19.109,22.298,16.367,54.814,14.8209879215551,8.12,,23657.2900650446,,,59.4931902204528,47.065,98.5796203613281,108.207710266113,99.00647,88.21988,,1.93034994602203,6.764319896698,4.92074012756348,19.81998,113.26179,,,,,,,,,,,,,,,,,,,,,,,,,,,,
Barbados,BRB,2009,26.292,22.752,29.881,,23.709,23.495,23.895,54.204,15.1295093052656,10.02,,22354.8404800399,,,59.2944920242948,48.251,97.4724426269531,110.036750793457,,84.39782,74.2060775756836,3.39891004562378,3.64510989189148,5.11040019989014,20.81281,108.69677,,,,,,,,,,,,,,,,,,,,,,,,,,,,
Barbados,BRB,2010,27.54,24.123,31.009,,25.369,24.826,25.847,53.596,15.48331275005,10.69,,20464.7939658776,,,59.2366008990356,49.063,94.9396958573676,,,85.18712,69.5953279239237,1.77459939080916,7.22519742216574,6.05261993408203,25.78739,105.50376,,,,,,,,,,,,,,,,,,,,,,,,,,,,
Barbados,BRB,2011,28.408,26.576,30.264,,26.83,31.21,22.952,52.992,15.7970594572106,11.19,,20383.2530917687,,,59.236693205614,48.128,96.1538461538462,,,88.83452,66.9463967271583,2.02029231663165,6.20210301194083,,,104.55378,,,,,,,,,,,,,,,,,,,,,,,,,,,,
Barbados,BRB,2012,29.536,27.34,31.754,,28.827,32.482,25.816,47.241,16.1512986670087,11.59,,19743.57827095,,,59.2372151062924,46.5,,,,,70.0289730657796,,,4.58823013305664,,,94.18844,97.06369,91.44076,89.00532,96.84788,0.0,87.47497,0.91902,95.1842,98.43903,0.96694,0.0,0.0,0.0,2.27702,0.0,,,,,,,,,,,,
Barbados,BRB,2013,29.615,27.139,32.109,,29.111,31.623,27.122,47.494,16.4610611323891,11.55,,19730.3469740518,,,59.2385370835674,45.93,,,,,73.1807704972012,,,4.50306987762451,,,,,,,,,,,,,,,,,,,,,,,,,,,,,,
Barbados,BRB,2014,30.893,28.639,33.155,,33.056,37.456,28.732,46.594,16.3635528612106,12.17,,19840.8306179644,,,59.2410313429534,45.632,,,,99.28103,71.2682628742848,5.29744010203152,1.67124332780491,5.35950994491577,19.32011,111.22867,,,,,,,,,,,,,,,,,,,,,,,,,,,,
Barbados,BRB,2015,29.942,26.837,33.039,,28.856,29.697,28.165,42.067,16.2579753056731,9.803,5.232,19642.2322500219,,,59.2450700899645,45.545,,,,98.12713,57.2814457564167,4.66325971892681,0.162563031360639,5.15997517232471,,110.59489,,,,,,,,,,,,,,,,,,,,,,,,,,,,
Barbados,BRB,2016,28.993,25.849,32.11,28.993,26.183,27.718,24.715,43.749,17.4774800995387,8.247,4.565,19877.1120083968,34.1,1.7,59.2510255301153,45.528,,,,95.9634,52.0533712473342,3.94041105338176,1.49284007150826,4.19719982147217,28.03908,111.56062,,,,,,,,,,,,,,,,,,,,,,,,,,,,
Barbados,BRB,2017,29.198,25.548,32.804,,26.206,25.592,26.761,41.279,18.8232988852764,8.62,4.079,19966.3202405154,,,59.25926986892,45.649,,,,95.94098,51.0106696691866,6.80986991342993,0.332492436637228,3.956209897995,,111.33994,,,,,,,,,,,,,,,,,,,,,,,,,,,,
Barbados,BRB,2018,28.316,25.005,31.573,,24.207,24.053,24.335,44.207,19.5763129658092,8.321,5.207,19877.6759569235,,,59.270175311893,45.864,86.5113759479957,,,93.63078,45.8751983077737,6.44362412971357,0.811553428182999,5.40447825597088,,109.0767,,,,,,,,,,,,,,,,,,,,,,,,,,,,
Barbados,BRB,2019,28.748,23.998,33.403,,25.785,21.059,29.935,44.4,20.0438853130485,8.41,4.166,19890.455714094,,,59.2841140645486,46.03,81.3846153846154,,,,48.935497470489,6.34882834825681,2.71176963936259,3.72228002548218,,106.18935,,,,,,,,,,,,,,,,,,,,,,,,,,,,
Barbados,BRB,2020,30.218,26.418,33.939,,30.031,28.861,31.036,42.885,19.7125240906962,10.586,,16399.7020111405,,,59.3014583324011,45.931,90.5820977484898,92.8205128205128,,,52.971630831,7.67228252861142,6.40598252094783,3.86529994010925,,,,,,,,,,,,,,,,,,,,,,,,,,,,,,
Barbados,BRB,2021,29.726,27.08,32.313,,28.25,31.302,25.667,42.59,18.9383806650285,11.015,5.086,17686.7469386289,,,59.3220365433819,45.948,94.9681897050318,99.1867714827867,,,54.672,9.33820950854166,6.94691841824011,4.49793004989624,,,,,,,,,,,,,,,,,,,,,,,,,,,,,,
Barbados,BRB,2022,27.002,25.223,28.736,,21.026,25.684,17.342,46.873,19.1530324450665,7.261,3.465,20494.5343836936,,,59.3538514107686,45.848,87.0643827525103,86.4767770079548,,,55.0600902713579,12.0881905727319,3.9381537062301,4.14000988006592,,,,,,,,,,,,,,,,,,,,,,,,,,,,,,
Barbados,BRB,2023,25.993,22.013,29.855,,18.264,17.077,19.382,47.804,19.2520697352434,6.54,2.926,20865.0155437147,,,59.4235740235775,45.332,92.1521279806822,91.9758175322891,,,54.2600399378744,14.4829702362688,1.35496183206107,3.7754499912262,,,,,,,,,,,,,,,,,,,,,,,,,,,,,,
Barbados,BRB,2024,26.089,22.082,29.97,,18.049,16.891,19.158,48.215,19.0603535637878,6.448,,21557.5276350385,,,59.5397032429174,45.008,85.2842809364548,97.3371924746744,,,53.5815662047086,17.5962132125952,2.25571315996848,3.55593188106322,,,,,,,,,,,,,,,,,,,,,,,,,,,,,,
Barbados,BRB,2025,26.185,22.155,30.09,,18.479,17.614,19.308,48.348,18.8020800259651,6.524,,22127.3604979718,,,59.6996239887007,,,,,,50.801079116886,,,,,,,,,,,,,,,,,,,,,,,,,,,,,,,,,
Belize,BLZ,2001,,,,,18.555,30.994,11.491,46.534,30.3947722655963,9.07,,11567.0265720608,,,47.6257993221451,97.927,98.8985137939453,53.4726982116699,,60.15394,15.1962203979492,2.4143500328064,10.6658296585083,4.23519992828369,,46.20101,,,,,,,,,,,,,,,,,,,,,,,,,,,,
Belize,BLZ,2002,,,,,20.362,30.554,14.598,46.485,30.0394364858765,10.04,,11828.1865744067,,,47.4865009861554,93.953,,,98.61537,,17.0946197509766,,,,,,,,,,,,,,,,,,,,,,,,,,,,,,,,,
Belize,BLZ,2003,,,,,20.995,32.201,14.679,46.437,29.8285989077044,10.342,,12589.2679378206,,,47.2806245981404,89.258,97.9075088500977,59.2732009887695,95.36692,68.07142,16.2938194274902,1.47666001319885,5.93460988998413,3.90120005607605,,59.25188,,,,,,,,,,,,,,,,,,,,,,,,,,,,
Belize,BLZ,2004,,,,,21.515,33.696,14.668,46.39,29.4763317852375,10.586,,12807.1658774384,,,47.0226655922949,87.354,100.437866210938,59.9745292663574,98.06039,,15.6906204223633,1.44790005683899,,4.0096697807312,19.22426,63.21398,,,,,,,,,,,,,,,,,,,,,,,,,,,,
Belize,BLZ,2005,29.996,44.153,15.618,,22.155,35.374,14.737,46.345,29.1291067570587,10.91,,12714.9697390831,,,46.7271194028137,87.146,103.162467956543,60.7821807861328,93.52279,65.00642,16.1422500610352,0.329270005226135,8.70011043548584,,20.50685,55.61569,,,,,,,,,,,,,,,,,,,,,,,,,,,,
Belize,BLZ,2006,28.863,42.893,14.592,,19.03,31.006,12.317,46.3,29.010867377742,9.39,,12912.5300233774,,,46.4084814638913,81.731,102.32251739502,61.8817100524902,94.92682,64.72732,16.941520690918,0.582279980182648,9.97649955749512,,20.68365,60.04362,13.19,14.69,11.84,0.0,36.81,,,0.0,6.6,43.68,0.1511,,,,,,,,,,,,,,,,,
Belize,BLZ,2007,28.228,41.919,14.293,,17.215,27.058,11.71,46.257,29.0113219123583,8.51,,12973.2067214746,,,46.0812472097226,78.164,104.323547363281,58.1550788879395,96.38225,64.16498,17.9253196716309,0.828649997711182,9.5511999130249,,,56.87729,,,,,,,,,,,,,,,,,,,,,,,,,,,,
Belize,BLZ,2008,27.996,41.669,14.077,,16.52,25.949,11.259,46.214,28.9550619644762,8.18,,12415.6811300464,,,45.7599120745023,75.791,98.9847030639648,55.2297592163086,96.38989,63.37331,18.78537940979,0.997940003871918,10.4713401794434,4.29996013641357,22.04897,54.49034,,,,,,,,,,,,,,,,,,,,,,,,,,,,
Belize,BLZ,2009,27.835,41.416,13.999,,16.766,26.307,11.454,46.172,29.14804964539,8.323,,12033.9096816588,,,45.4589714924251,73.136,101.594749450684,59.960018157959,96.26709,63.70928,22.0563106536865,1.46040999889374,11.1715002059937,4.8011999130249,23.54643,52.56061,,,,,,,,,,,,,,,,,,,,,,,,,,,,
Belize,BLZ,2010,28.043,41.755,14.128,,16.92,26.554,11.591,46.131,29.2514392114658,8.412,,11913.6635959061,,,45.1914838193558,70.746,100.324044069994,60.421023281751,97.4934,63.64555,21.5657311669129,1.52526010940684,12.2695616550594,5.24251985549927,26.17363,51.95262,,,,,,,,,,,,,,,,,,,,,,,,,,,,
Belize,BLZ,2011,28.186,41.948,14.329,,16.956,26.646,11.649,46.091,29.2729665268525,8.424,,11641.7717375703,,,44.9417819131729,72.665,103.139415684265,63.2892197408326,98.88456,65.33882,21.5464009784327,1.51814049232353,13.3407020364416,5.51786910233588,,52.35789,20.84,24.0,17.61,2.8,50.91,,,0.055,13.85,74.93,0.18484,,,,,,,,,,,,,,,,,
Belize,BLZ,2012,27.885,41.636,14.12,11.954,16.914,26.604,11.649,46.052,29.4736591897695,8.378,9.692,11843.4153404212,,,44.6903068035216,72.448,107.9474422758,65.4347826086957,95.26285,67.45447,24.0271611386785,0.518516704559889,8.89728841413311,5.47351989539787,23.12188,55.64974,,,,,,,,,,,,,,,,,,,,,,,,,,,,
Belize,BLZ,2013,27.928,41.748,14.168,27.928,16.904,26.598,11.672,46.013,29.5220995530427,8.349,5.833,12064.797259406,,,44.4380542363795,72.417,102.819789797488,65.8853132035492,97.895,69.13129,24.0045345047471,0.0539573032145039,8.86661277283751,5.12474012374878,21.93179,58.62876,,,,,,,,,,,,,,,,,,,,,,,,,,,,
Belize,BLZ,2014,27.785,40.836,14.857,27.785,18.272,29.421,12.104,47.94,23.8619955369515,8.244,6.374,12272.2957895446,,,44.1850161758379,71.121,104.19571391686,64.0465416936005,96.35501,69.22614,24.0154633440872,0.498338436658121,8.41720623116866,5.1395001411438,23.80357,58.47023,,,,,,,,,,,,,,,,,,,,,,,,,,,,
Belize,BLZ,2015,27.679,41.393,14.155,27.679,16.48,26.018,11.297,47.155,26.1975170874599,7.578,5.347,12348.7944978311,,,43.931184585988,70.22,105.886909372579,67.8977635782748,96.78445,69.39745,23.4350622690571,0.390109175550429,10.429074607749,5.35711002349854,26.00505,59.68129,,,,,,,,,,,,,,,,,,,,,,,,,,,,
Belize,BLZ,2016,27.378,39.801,15.204,27.378,16.547,26.457,11.269,46.374,27.677132314742,7.0,5.396,12063.0600374093,,,43.6765514309211,70.672,105.909737488685,70.5051533273953,95.23051,72.08962,24.4760136680388,0.518670482735969,11.2123448076738,5.72603988647461,26.1109,65.72252,49.44114,50.95563,47.79497,18.63477,73.91061,21.44705,16.12183,0.25213,33.26594,88.49031,0.37593,15.03626,1.87037,55.67691,7.42614,1.86662,,,,,,,,,,,,
Belize,BLZ,2017,27.378,40.029,15.049,27.378,15.686,25.911,9.779,46.93,29.9251838211623,6.596,3.899,11572.3007931461,,,43.4211086747287,70.413,102.663029358275,67.734115845879,97.35556,70.34414,24.731690676743,0.25854678010858,9.76723251028807,5.95071983337402,27.31837,61.41742,,,,,,,,,,,,,,,,,,,,,,,,,,,,
Belize,BLZ,2018,24.714,36.008,13.713,24.714,22.006,33.594,14.578,49.51,26.0585898586907,9.346,6.105,11451.8979413877,39.9,1.0,43.164848281502,72.19,104.337570436378,68.7620516775935,,71.149,24.5883446033139,0.441112080966086,9.00935785737335,6.12779998779297,,60.52085,,,,,,,,,,,,,,,,,,,,,,,,,,,,
Belize,BLZ,2019,24.884,35.166,14.845,24.884,19.934,29.847,13.204,54.027,29.9801961851599,9.053,7.019,11765.9748661176,,,42.9077622153323,65.575,102.683765203596,70.9594333547972,,,25.138736158351,0.952858294957428,9.36537276648182,5.96377992630005,,61.68242,,,,,,,,,,,,,,,,,,,,,,,,,,,,
Belize,BLZ,2020,26.186,36.593,16.007,,22.367,34.499,15.213,49.732,30.7179468269479,10.763,,10045.1404163746,,,42.649842440311,58.522,104.80372588157,70.2727155228125,,,25.9421694120047,0.576739522689395,14.994937453049,5.21301984786987,,,,,,,,,,,,,,,,,,,,,,,,,,,,,,
Belize,BLZ,2021,26.05,36.487,15.833,,21.819,33.284,14.907,50.275,30.2632350736784,10.302,,11716.3267818656,,,42.3910809205294,51.324,116.046378471228,76.8820699518918,,,23.6813942822198,4.07249032783547,3.87020338313697,5.96298980712891,,,,,,,,,,,,,,,,,,,,,,,,,,,,,,
Belize,BLZ,2022,24.472,35.314,13.932,,18.422,28.685,12.53,53.599,30.0678852520256,8.682,,12565.3645829576,,,42.1373251262137,53.404,108.684100125857,61.72726079538,,,23.9767727412258,8.09312885347341,5.23494909997977,4.60415983200073,,,,,,,,,,,,,,,,,,,,,,,,,,,,,,
Belize,BLZ,2023,24.525,35.272,14.156,,17.833,27.689,12.005,53.214,30.1745007060722,8.278,,12371.0086545348,,,41.9459437504976,55.232,96.5262582056893,67.925272990396,,,22.3734089825019,11.6355845121231,6.11458013443887,4.23143005371094,,,,,,,,,,,,,,,,,,,,,,,,,,,,,,
Belize,BLZ,2024,24.641,35.465,14.209,,18.553,28.568,12.502,53.91,29.9971688319859,8.698,,12621.4081961897,,,41.7532107338224,55.6,94.2174145299145,79.1064563171152,,,24.8098643151325,10.6771001746104,7.1421188630491,4.62276317232973,,,,,,,,,,,,,,,,,,,,,,,,,,,,,,
Belize,BLZ,2025,24.757,35.658,14.264,,19.321,29.495,12.983,53.821,29.8421713789018,8.856,,12788.8423713826,,,41.5621435428272,,,,,,,,,,,,,,,,,,,,,,,,,,,,,,,,,,,,,,,
Bolivia,BOL,2001,,,,22.929,4.593,5.542,3.893,50.816,71.717652811025,2.623,4.207,7491.15257765571,57.4,22.3,62.3374810379005,89.908,,85.2877502441406,,65.13454,,0.251419991254807,2.40722990036011,,,66.99319,52.43,48.52,56.78,11.06,76.56,8.57,13.49,0.14446,44.94,83.1,0.54079,12.5,1.856,40.13,14.56,1.63718,0.949758350849152,0.905179560184479,0.919438123703003,0.932017922401428,0.915919572114944,0.100480248564109,0.185735676446136,0.0943171413282597,0.267795691120087,0.208878809048906,0.457848606653369,0.147536907851588
Bolivia,BOL,2002,,,,21.383,4.744,5.816,3.956,50.329,71.3428845346001,2.603,5.59,7550.01554645092,59.3,23.9,62.8187632085055,86.733,,90.3333892822266,,69.4617,,0.24685999751091,1.90564000606537,,,72.16805,47.42,46.53,48.38,13.28,69.26,8.28,18.4,0.19174,43.36,84.18,0.51509,11.29,1.46324,37.37,14.54,1.61092,0.960216164588928,0.917438387870789,0.920681416988373,0.953090727329254,0.929811894893646,0.0769216350215631,0.17780942934908,0.065969295934055,0.278939173326481,0.249675923790192,0.450709277113992,0.121805369746736
Bolivia,BOL,2003,,,,,4.956,6.165,4.068,49.841,68.6845799150333,2.654,,7625.90515918892,,,63.2918711090474,87.266,,91.7677688598633,,72.04412,,0.412429988384247,2.13776993751526,,,75.18289,50.55884,46.53624,54.79784,7.21818,85.31624,5.61145,9.01523,0.08461,39.67537,92.05552,0.43099,33.35887,1.74206,59.05193,18.48059,1.68705,0.955448091030121,0.869176864624023,0.893608689308167,0.913908660411835,0.931821815669537,,,,,,,
Bolivia,BOL,2004,,,,13.081,5.08,6.406,4.109,49.353,68.398786494882,2.615,7.531,7811.59684093936,55.0,13.2,63.7564671612252,86.189,,96.3919296264648,,74.14804,,0.656499981880188,2.02002000808716,,,78.53829,52.38,48.86,56.01,20.82,72.0,12.38,32.08,0.28917,59.89,85.61,0.69957,13.99,1.70836,25.56,16.71,1.34624,,,,,,,,,,,,
Bolivia,BOL,2005,12.08,18.81,5.598,12.08,5.22,6.665,4.163,48.866,68.1334015628131,2.598,7.655,8020.63568834793,58.5,18.7,64.2133062205259,85.017,,96.804573059082,,74.68435,,0.547129988670349,1.09740996360779,,,80.11232,59.49,57.36,61.99,45.61,80.6,59.34,30.04,0.56588,72.49,89.05,0.81404,5.47,1.65996,23.47,13.87,1.40903,0.94620805978775,0.870771467685699,0.892901480197906,0.908058166503906,0.899298310279846,0.0630491291614396,0.192874353967577,0.0882444207947078,0.285221304108789,0.252402012129676,0.421421120464842,0.133302513437906
Bolivia,BOL,2006,10.786,17.926,3.902,10.786,5.349,6.911,4.208,48.379,69.0915700718119,2.575,6.194,8263.31896853691,56.7,15.9,64.6631431424362,84.906,,94.2776489257812,,74.05262,,0.5244500041008,0.643610000610352,6.43421983718872,,79.63642,55.8,53.97,57.63,28.13,78.74,27.04,29.41,0.35725,66.72,88.78,0.75152,6.09,1.56322,21.91,11.13,1.49201,0.944574475288391,0.890232145786285,0.902055084705353,0.903492212295532,0.913819678127766,0.0578559227189727,0.17037033881518,0.0603608871537477,0.276035870507052,0.257938950646341,0.451421652051486,0.120269058486993
Bolivia,BOL,2007,11.019,18.054,4.226,11.019,5.546,7.243,4.308,47.892,65.4201974637439,2.614,8.02,8493.94848212653,54.5,12.1,65.1067327824433,83.413,,90.3404388427734,,73.1655,,0.482520014047623,0.376089990139008,6.7204999923706,,79.21697,64.23,62.68,66.0,36.7,86.24,30.46,43.32,0.42556,77.83,93.32,0.83401,5.83,1.4271,23.22,10.04,1.56761,0.96370655298233,0.862610340118408,0.865583479404449,0.902064979076385,0.883133888244629,0.0655685457203523,0.176623374074685,0.0642342990281615,0.284516929349655,0.311170901726209,0.403667114115033,0.108538610084073
Bolivia,BOL,2008,9.685,15.41,4.147,9.685,5.686,7.503,4.362,47.405,65.4125948848405,2.603,4.613,8865.27246616683,50.8,10.6,65.5448299960338,82.349,,93.2845993041992,,72.09962,,0.268099993467331,0.23589999973774,6.72301006317139,,78.0217,60.08469,57.20813,63.2291,15.67576,89.90534,9.70764,22.75303,0.17436,57.54646,95.83663,0.60046,11.7237,1.92112,36.135,6.17231,1.82919,0.961729645729065,0.921280384063721,0.91758668422699,0.949901878833771,0.87229785323143,0.0650074567982589,0.152901580967699,0.0652310855765605,0.23086016388713,0.269281152044806,0.432721277251916,0.145135972924031
Bolivia,BOL,2009,9.179,15.177,3.367,9.179,5.283,6.616,4.312,46.919,63.8124807589565,2.973,6.304,9011.55629873547,49.2,10.0,65.9781896386949,80.977,,88.2693710327148,95.03648,72.78282,,1.44128000736237,3.80753993988037,7.57484006881714,,76.45386,64.42,62.02,66.81,48.35,79.02,39.97,54.14,0.61187,84.84,91.69,0.92529,5.16,1.8062,15.22,10.3,1.32326,0.968957781791687,0.926944196224213,0.926896214485168,0.954014897346497,0.892139457166195,0.0539161812142466,0.14408820056207,0.0494946967889828,0.232416046127546,0.270331014319574,0.443904833589685,0.140769241557932
Bolivia,BOL,2010,10.029,16.467,3.78,,5.283,6.559,4.354,46.434,64.6038081087248,2.609,,9230.3980801466,,,66.4075665659133,79.815,97.4708397438191,87.1233427997823,93.9977,72.78318,,4.26254034255191,4.45645999908447,6.97377014160156,,83.31748,,,,,,,,,,,,,,,,,,,,,,,,,,,,
Bolivia,BOL,2011,10.854,17.719,4.18,10.854,5.327,6.545,4.441,45.949,65.3774636104482,2.255,3.118,9554.44502513,46.1,6.9,66.833715633176,78.291,97.3701620172007,84.7736084939846,95.01185,72.385,,6.77400028322132,6.00062990188599,6.45054006576538,,80.23208,66.5,65.61,67.4,46.0,77.29,41.31,50.3,0.59516,74.61,90.97,0.82016,5.29,1.44612,21.11,12.39,1.41307,0.973618268966675,0.932566583156586,0.926142036914825,0.953810691833496,0.886913225054741,0.072463397665719,0.160811292014555,0.0524637778814117,0.266339790264863,0.266373394857419,0.420137239307872,0.152678073820154
Bolivia,BOL,2012,10.414,17.499,3.517,10.414,3.361,4.564,2.486,45.465,63.1116316927195,2.066,4.05,9884.46163594645,46.6,7.9,67.2581444827699,76.922,98.2205353399386,86.0803886965464,96.5149,73.56987,,9.79274671273579,3.2650101184845,6.62799978256226,,82.28167,68.24,68.84,67.6,46.68,81.65,47.43,45.78,0.57171,75.59,92.6,0.81631,5.57,1.79713,21.38,6.84,1.68007,0.975908875465393,0.953189015388489,0.941772103309631,0.969185590744019,0.859868973493576,0.0591035564550138,0.151031692918899,0.0434066439859999,0.255705153115261,0.297014768268647,0.419815534252475,0.132138004559979
Bolivia,BOL,2013,10.45,16.835,4.228,10.45,5.392,5.56,5.269,44.982,65.3711622818641,2.437,4.441,10391.3833756917,47.6,6.8,67.6697055519889,75.473,95.5128064390064,89.0967675804317,96.29121,75.20722,,10.6139592092445,3.93954992294311,6.80321979522705,,83.51712,76.76,77.12,76.37,54.45,91.04,55.38,52.98,0.59809,74.09,95.79,0.77346,7.17,1.8145,17.55,7.16,1.59202,0.902928113937378,0.921059191226959,0.91233766078949,0.922817766666412,,0.0871052185140854,0.155705029730607,0.0646196958880054,0.237275244206918,0.316042897365195,0.393073353109171,0.135110122211573
Bolivia,BOL,2014,11.158,18.666,3.837,11.158,4.774,7.057,3.118,44.5,65.435299536553,2.021,3.208,10790.8472887528,47.8,5.6,68.037425413,74.011,91.7140589292256,93.6628638239827,96.97341,75.86576,,11.1278044943419,7.58859014511108,7.47811985015869,,84.47059,67.29,66.28,68.33,49.69,77.62,42.85,57.79,0.64017,79.43,89.76,0.88492,9.42,1.68259,22.63,13.3,1.41228,0.971243560314178,0.94420313835144,0.922174036502838,0.965156078338623,0.878876738250256,0.0821945189868765,0.169926626095622,0.0554829115709048,0.275298078424679,0.262176749709047,0.429799391717948,0.138097232477383
Bolivia,BOL,2015,14.561,22.448,6.866,14.561,6.852,8.335,5.778,44.019,67.3596828992072,3.111,3.77,11144.6415720641,46.7,6.2,68.3958051297665,72.732,89.5214525028281,89.9146187803438,97.2006,76.68761,,11.1102879051895,9.81830024719238,8.1434497833252,,87.81109,70.41,69.37,71.55,46.17,81.43,44.27,49.42,0.56699,82.06,92.25,0.88954,7.0,1.22714,20.2,11.58,1.42673,0.936698138713837,0.918427884578705,0.906374454498291,0.931452333927155,0.877500228583813,,,,,,,
Bolivia,BOL,2016,10.791,16.905,4.826,10.791,6.772,7.729,6.081,43.539,67.1344421590832,3.498,6.208,11448.02180322,45.2,7.2,68.7446327876947,71.546,90.0554272119164,86.6622332862287,96.59641,76.9402,,10.3521914728104,12.1483001708984,8.15062046051025,,89.12601,73.72,71.27,76.48,49.87,90.22,48.91,51.23,0.55276,80.48,96.08,0.83764,10.17,2.0,15.83,6.19,1.60897,0.957510650157928,0.921359956264496,0.909438967704773,0.942420363426208,0.889166787266731,,,,,,,
Bolivia,BOL,2017,11.577,18.255,5.062,11.577,6.654,7.59,5.966,44.533,65.6688233715507,3.655,6.416,11755.2556195885,44.6,6.4,69.0838016274736,70.498,91.3607050454169,82.972720356483,97.30542,76.1901,,8.87407618589682,14.2699699401856,8.09722995758057,,88.20788,74.46,73.01,76.05,54.63,84.16,47.97,63.64,0.64912,83.89,97.44,0.86094,1.06,0.35333,5.83,4.48,1.23156,0.954305768013,0.913555324077606,0.902118504047394,0.929631888866425,0.89564261585474,,,,,,,
Bolivia,BOL,2018,10.834,17.693,4.142,10.834,6.78,6.901,6.684,49.605,65.7380978893668,3.519,5.993,11920.3135079645,42.6,4.7,69.4133879813999,69.522,94.1732848592557,83.1034497663703,,76.55438,,7.2001383088624,13.6129598617554,8.01585960388184,,86.4937,76.19,77.25,75.01,56.97,91.0,54.95,59.49,0.62604,87.71,95.09,0.92239,4.2,1.88571,11.31,4.1,1.63749,0.873688399791718,0.899709939956665,0.865959346294403,0.917074024677277,,,,,,,,
Bolivia,BOL,2019,11.606,16.879,6.462,11.606,6.927,7.562,6.435,53.7,64.1768785065462,3.682,5.286,11930.9159145918,41.6,3.1,69.7334986708387,68.46,90.8282080372604,85.5031558838841,,,,5.98522893451079,13.6554498672485,8.09103012084961,,,,,,,,,,,,,,,,,,,0.842156708240509,0.889580011367798,0.870421767234802,0.898889303207397,,,,,,,,
Bolivia,BOL,2020,13.702,18.013,9.497,13.702,15.241,15.928,14.686,54.267,66.6040077034208,7.903,13.033,10285.6590750222,43.6,4.2,70.0442635528254,67.521,92.1121793096985,88.396299151889,,,,5.0455910250841,12.3988800048828,8.43710994720459,,,,,,,,,,,,,,,,,,,0.796522498130798,0.824552834033966,0.8177570104599,0.825269460678101,,,,,,,,
Bolivia,BOL,2021,10.976,15.072,6.982,10.976,8.199,8.669,7.797,62.056,66.0892897307924,5.089,7.725,11202.4409836707,40.9,3.1,70.3450412826165,66.639,,,,,,4.16318405420753,12.3030595779419,7.96216011047363,,,,,,,,,,,,,,,,,,,0.721105933189392,0.910306870937347,0.892120659351349,0.907097935676575,,,,,,,,
Bolivia,BOL,2022,9.969,14.357,5.692,9.969,6.044,6.7,5.487,61.529,64.3683028020439,3.552,5.007,11487.7148799194,41.2,3.3,70.6352598708131,65.76,96.544110752129,82.4839771645239,,,,3.38125363480333,11.1914300918579,7.57551002502441,,,,,,,,,,,,,,,,,,,,,,,,,,,,,,
Bolivia,BOL,2023,9.597,13.627,5.67,9.597,4.968,5.39,4.607,60.756,63.0558406178017,3.024,4.693,11616.1575595159,42.1,2.8,70.9151414044538,64.848,96.2025910226778,88.4219154922362,,,,4.15748449377552,7.39885997772217,7.89381980895996,,,,,,,,,,,,,,,,,,,,,,,,,,,,,,
Bolivia,BOL,2024,8.021,11.171,4.953,8.021,5.17,5.593,4.81,60.645,62.9291042346411,3.274,4.375,11329.1518061536,40.9,2.1,71.2361453773988,64.437,90.9584503173828,88.5140075683594,,,,9.25127029418945,8.10892963409424,7.53980016708374,,,,,,,,,,,,,,,,,,,,,,,,,,,,,,
Bolivia,BOL,2025,7.746,10.906,4.669,,5.013,5.64,4.476,61.246,62.6904087284942,2.967,,11000.5345220728,,,71.5631037265869,,,,,,,,,,,,,,,,,,,,,,,,,,,,,,,,,,,,,,,
Brazil,BRA,2001,,,,19.646,20.019,25.093,16.477,60.762,29.9897609694399,10.649,4.004,14016.1313772236,58.4,17.5,81.5960450621957,84.155,,,97.90624,,,,,3.84467005729675,,,44.38,48.91,39.65,13.34,81.18,16.07,10.05,0.16433,36.8,93.64,0.39299,6.97,1.87948,28.13,5.12,1.81799,0.886274933815002,0.899770677089691,0.853252053260803,0.916531980037689,0.629182815551758,0.124462134344544,0.245104058952672,0.133478958549286,0.352832473850099,0.138858337947047,0.460089897360451,0.155991078668034
Brazil,BRA,2002,,,,19.235,20.603,25.89,16.799,62.158,30.0866840763169,10.641,3.949,14265.9048770292,58.1,16.2,81.9943491502673,81.131,,,96.90012,,,,,3.75037002563477,10.14512,90.60023,47.47,52.28,42.64,13.12,84.32,14.17,11.95,0.1556,40.48,94.65,0.42768,5.51,1.85118,25.83,6.1,1.76384,0.818319797515869,0.82256007194519,0.772052347660065,0.854032039642334,0.61438176035881,0.121727242381862,0.236536062444516,0.135170704104563,0.336417435617114,0.134587560343658,0.465645638684577,0.163237450395351
Brazil,BRA,2003,,,,19.28,21.382,27.169,17.209,61.66,30.1785257482827,11.168,4.399,14259.3664089322,57.6,17.1,82.3540335841671,78.025,,,95.21936,,,,,,,84.29887,50.88,55.96,45.81,18.28,86.41,20.63,15.53,0.21155,46.3,94.95,0.48763,4.91,1.86762,25.58,4.31,1.83151,0.804469466209412,0.819353222846985,0.754956007003784,0.848842740058899,0.603979259729385,0.121114950586324,0.239148155051925,0.137592300398819,0.340555488721805,0.13470424067847,0.465159084748286,0.161066147015171
Brazil,BRA,2004,,,,18.994,20.034,25.754,15.838,62.693,29.6901297706027,10.072,4.061,14911.2609608592,56.5,15.3,82.6816824814559,76.9,,,,,,,,3.97448992729187,11.44409,90.83123,52.91,57.77,47.99,20.09,87.4,22.2,17.64,0.22986,48.93,94.9,0.5156,5.19,1.81118,26.73,5.21,1.80509,0.815173089504242,0.827728092670441,0.767469167709351,0.858146548271179,0.603195279836655,0.120884657290941,0.234126746915173,0.134597091544135,0.331698099137598,0.124015245090787,0.485838640726595,0.15611318941034
Brazil,BRA,2005,19.074,26.448,11.835,19.074,21.399,27.385,16.946,64.12,29.6544876944097,10.551,4.2,15221.0138281541,56.3,13.7,82.9838799596945,75.968,,,,,,,,4.47909021377563,13.00607,90.62945,54.69,59.78,49.63,21.99,88.11,25.64,17.8,0.24957,51.22,96.28,0.53199,4.99,1.83768,26.51,6.56,1.75255,0.797511696815491,0.821857452392578,0.751514434814453,0.847523629665375,0.585461437702179,0.12471309477173,0.231232931301557,0.131675784534073,0.331548682726677,0.121701182235939,0.492398403956191,0.15471214327313
Brazil,BRA,2006,19.244,26.537,12.09,19.244,19.883,25.552,15.686,62.792,28.6572677191098,9.692,4.129,15657.4795716983,55.6,11.4,83.2672101364439,73.845,,,,,,,,4.87060022354126,,,57.8,62.47,53.04,23.23,90.51,26.41,19.43,0.25666,56.28,96.54,0.58297,5.04,1.9246,26.37,5.09,1.80698,0.815379738807678,0.833965063095093,0.770579814910889,0.862307846546173,0.58256933093071,0.124963631325427,0.233255600364165,0.137567574633621,0.327351882521785,0.123666299279986,0.488310128899824,0.154764850098841
Brazil,BRA,2007,19.179,26.36,12.141,19.179,18.795,24.348,14.629,62.389,28.2495822888988,9.28,4.306,16440.583740032,54.9,10.8,83.5382571292649,71.698,,,,73.1817,,,,4.97426986694336,17.62629,88.39153,58.53,63.52,53.49,26.3,90.47,29.07,22.96,0.2907,58.1,96.09,0.60464,4.42,1.90045,23.26,6.72,1.71109,0.825733840465546,0.841737866401672,0.780706763267517,0.87082713842392,0.554896414279938,0.123539691197125,0.234188074276862,0.138821356922806,0.329349071536277,0.116467046372268,0.495210634817236,0.154134244533634
Brazil,BRA,2008,18.323,24.932,11.849,18.323,17.556,22.817,13.633,61.812,26.4611469990898,8.268,4.211,17113.3679822643,54.0,9.1,83.8036050557184,69.141,,,,,,,,5.26884984970093,19.06857,89.12116,61.45,66.71,56.29,29.15,91.59,32.23,25.57,0.31827,61.79,96.73,0.63879,3.43,1.83673,21.4,5.93,1.7229,0.837142586708069,0.855747044086456,0.7952880859375,0.881764471530914,0.535319566726685,0.116212695743969,0.222658816104431,0.13479752485689,0.312505921616319,0.110543412596749,0.511518052020227,0.155279719278593
Brazil,BRA,2009,18.794,25.346,12.381,18.794,19.774,25.603,15.409,61.426,26.162873506076,9.419,4.366,16939.4407810328,53.7,8.4,84.0698380333651,67.334,,,,78.79924,,,,5.46355009078979,20.00857,89.30629,64.0,68.51,59.48,32.38,90.7,35.28,28.62,0.357,62.64,96.42,0.64966,3.38,1.76035,18.54,6.05,1.67368,0.806767284870148,0.840284526348114,0.76912647485733,0.861812114715576,0.518357008695602,0.115751345342154,0.232122166750935,0.142011367135582,0.321702976389052,0.117259131456875,0.502849074989974,0.147769626802216
Brazil,BRA,2010,19.034,25.57,12.643,,18.239,23.572,14.263,59.446,25.8550019135957,8.42,,18062.1581103659,,,84.343846036308,65.474,,,,,,,,5.64879989624023,20.97786,,,,,,,,,,,,,,,,,,,,,,,,,,,,,
Brazil,BRA,2011,19.397,25.912,13.03,19.397,16.928,21.8,13.31,57.425,25.5304982941098,7.578,3.848,18627.8104529397,52.9,7.1,84.6225758599683,64.773,,,,77.95811,,,,5.73741006851196,21.8504,89.23876,65.52,70.99,59.97,39.29,91.35,42.78,34.87,0.4301,69.24,96.8,0.71529,2.53,1.80632,18.68,8.33,1.55407,0.829418480396271,0.864603102207184,0.802119791507721,0.879459083080292,0.451537132263184,0.131240061213033,0.233083623164396,0.143985655092782,0.321039688671798,0.114285417497895,0.515532299228177,0.137098660109533
Brazil,BRA,2012,20.536,27.239,13.991,20.536,15.854,19.85,12.96,57.114,25.3469708350551,7.251,1.083,18832.2195527075,53.4,6.4,84.8973874181312,64.285,,,,76.39968,43.8344116210938,6.47427988052368,4.66673994064331,5.85510015487671,19.66737,,65.22,70.81,59.71,37.14,90.08,40.94,32.38,0.4123,71.98,97.25,0.74015,2.55,1.85882,18.4,7.37,1.59946,0.831134259700775,0.856529772281647,0.809662580490112,0.869322121143341,0.447484016418457,0.125920280761534,0.236006928149252,0.145104371338957,0.327355616365038,0.113537819584158,0.510810673804811,0.139644578461779
Brazil,BRA,2013,20.902,27.446,14.517,20.902,15.7,19.409,13.023,55.994,25.4302488749907,7.071,1.392,19241.5059815726,52.7,5.4,85.1676585442726,63.947,,,,82.04583,44.9966697692871,4.52868986129761,2.78695011138916,5.8388500213623,20.57305,,66.99,72.57,61.35,42.85,89.78,47.76,36.92,0.47728,73.09,96.52,0.75725,2.87,1.8676,19.56,7.34,1.62474,0.828647911548615,0.852303564548492,0.800310015678406,0.871313512325287,0.43610543012619,,,,,,,
Brazil,BRA,2014,20.686,27.194,14.34,20.686,15.496,18.897,13.023,55.128,25.3338754286233,6.755,1.297,19183.172744636,52.1,4.8,85.4331367898168,63.365,,,,81.92489,47.8131904602051,4.42409992218018,4.77772998809815,5.94848012924194,20.56801,,67.74,73.39,62.17,41.7,92.06,47.26,34.66,0.45297,75.84,97.98,0.77404,2.56,1.92188,17.83,8.03,1.54964,0.82583349943161,0.859628975391388,0.807949185371399,0.870653331279755,0.429303824901581,0.13658594930413,0.235605754936929,0.151279959384541,0.319643323647802,0.122688496241144,0.500384337159259,0.141321411662669
Brazil,BRA,2015,22.103,28.613,15.758,22.103,19.493,23.675,16.433,54.966,26.2570850324328,8.538,4.725,18357.0690617991,51.9,5.4,85.6935697061881,61.779,,,,81.68909,49.0805015563965,4.7732400894165,5.00841999053955,6.24105978012085,21.52655,,69.71,75.81,63.99,46.77,91.74,51.05,42.03,0.50981,76.67,98.07,0.78179,2.67,1.88764,18.54,7.36,1.60302,0.781169950962067,0.819514513015747,0.759003043174744,0.833549201488495,0.436206221580505,,,,,,,
Brazil,BRA,2016,23.803,29.615,18.141,23.803,26.596,30.996,23.276,55.18,26.6500334165773,11.58,5.912,17620.9272434136,53.4,6.5,85.9487048448108,58.372,,,,82.32779,48.9665794372559,4.40990018844604,3.85436010360718,6.31403017044067,,,65.13,70.94,59.34,40.82,91.95,46.11,34.81,0.44394,71.74,97.55,0.73542,2.05,1.8878,15.0,6.86,1.54267,0.695593953132629,0.761672914028168,0.690513789653778,0.765560925006866,0.444166719913483,,,,,,,
Brazil,BRA,2017,24.866,30.507,19.372,24.866,28.593,33.119,25.111,56.041,26.9085129573391,12.792,6.424,17724.4799577784,53.3,7.0,86.1982897571091,56.558,,,,81.72855,50.7326316833496,4.24059009552002,4.15423011779785,6.32047986984253,,,65.36,70.9,59.84,40.48,91.27,45.21,34.93,0.44352,71.55,97.94,0.73055,1.68,1.77381,15.67,7.25,1.53733,0.685521066188812,0.754213869571686,0.677248477935791,0.76157283782959,0.47032642364502,,,,,,,
Brazil,BRA,2018,24.605,30.05,19.304,24.605,27.958,32.231,24.677,56.147,27.1841141875625,12.329,6.178,17917.7492123359,53.9,6.9,86.4420719945072,54.287,,,,,52.05712890625,4.74346017837524,3.11989998817444,6.08851003646851,,,67.32,72.73,62.18,42.57,93.06,46.86,38.0,0.45745,73.75,97.49,0.75649,1.82,1.82967,14.42,7.81,1.45839,0.68370246887207,0.75970196723938,0.690495550632477,0.758364081382751,0.476718127727509,,,,,,,
Brazil,BRA,2019,23.986,29.475,18.646,23.986,27.098,31.877,23.364,57.047,27.6011508281783,11.936,6.16,18018.6209151518,53.5,7.0,86.6797991084296,50.958,,,,,53.6215400695801,3.94756007194519,3.44717001914978,5.96346998214722,,,,,,,,,,,,,,,,,,,0.686640501022339,0.769383192062378,0.685419678688049,0.778197765350342,0.478125870227814,,,,,,,
Brazil,BRA,2020,25.991,31.25,20.878,25.991,30.267,35.308,26.516,51.435,27.9396077371374,13.697,6.717,17327.5157249466,48.8,2.8,86.9112186503004,47.46,,,,,55.529109954834,4.14600992202759,3.49175000190735,5.7714900970459,,,,,,,,,,,,,,,,,,,0.650295317173004,0.720404624938965,0.637025892734528,0.742000877857208,0.455793797969818,,,,,,,
Brazil,BRA,2021,23.377,28.27,18.625,23.377,28.311,33.539,24.254,54.827,29.3798050062589,13.158,6.95,18075.7060049068,52.9,7.5,87.1360781715439,45.67,,,,,57.6311988830566,4.81032991409302,4.24021005630493,5.4969801902771,,,,,,,,,,,,,,,,,,,0.687636256217957,0.704403281211853,0.64920973777771,0.742244064807892,,,,,,,,
Brazil,BRA,2022,20.975,25.837,16.258,20.975,20.732,24.664,17.676,56.401,27.8044136163908,9.231,4.659,18554.0461828566,51.9,4.9,87.349556243881,42.881,,,,,61.0000915527344,3.34068989753723,3.95135998725891,5.61920976638794,,,,,,,,,,,,,,,,,,,,,,,,,,,,,,
Brazil,BRA,2023,20.621,25.465,15.925,20.621,17.938,20.909,15.636,54.446,27.0083134719641,7.947,3.924,19079.8122134028,51.5,3.8,87.6159710235763,42.686,,,,,,,,,,,,,,,,,,,,,,,,,,,,,,,,,,,,,,
Brazil,BRA,2024,19.312,24.281,14.498,19.312,15.674,18.561,13.447,54.709,26.3285463035743,6.801,3.596,19652.365499171,50.3,3.0,87.8958549533146,41.459,,,,,69.7317733764648,2.18720006942749,3.572350025177,,,,,,,,,,,,,,,,,,,,,,,,,,,,,,,
Brazil,BRA,2025,19.361,24.342,14.538,18.702,13.981,16.588,11.968,54.634,26.0849820869874,5.97,3.215,20024.6968256903,,,88.1772996487898,,,,,,,,,,,,,,,,,,,,,,,,,,,,,,,,,,,,,,,
Canada,CAN,2001,,,,13.335,12.869,11.088,14.489,64.668,9.97770323825117,7.219,5.322,48774.1483226516,33.6,0.3,78.8414764949736,16.102,,,,,,,,4.95304012298584,,,,,,,,,,,,,,,,,,,0.835561156272888,0.875217318534851,0.869564831256866,0.856735050678253,,,,,,,,
Canada,CAN,2002,,,,13.223,13.618,11.701,15.372,66.535,10.068638001273,7.665,5.607,49694.9870914363,33.6,0.3,79.0990234802234,15.097,,,,,58.4131507873535,,,4.99306011199951,,,,,,,,,,,,,,,,,,,,,,,,,,,,,,
Canada,CAN,2003,,,,13.188,13.624,11.787,15.326,67.337,10.2960878366073,7.574,5.639,50139.7664579994,33.8,0.3,79.391380674239,14.445,,,,,,,,,,,,,,,,,,,,,,,,,,,,,,,,,,,,,,
Canada,CAN,2004,,,,13.086,13.443,11.816,14.953,66.847,10.1718151634988,7.185,5.315,51210.6593966138,33.8,0.3,79.6923063348315,13.712,,,,,,,,,,,,,,,,,,,,,,,,,,,,,,,,,,,,,,
Canada,CAN,2005,12.78,12.772,12.788,12.78,12.393,10.59,14.097,65.871,10.2342993793429,6.758,5.036,52356.5371486354,33.6,0.3,79.9760615882965,13.197,,,,,,,,4.76589012145996,,102.70368,,,,,,,,,,,,,,,,,,,,,,,,,,,,
Canada,CAN,2006,12.207,12.001,12.402,12.207,11.617,10.313,12.86,67.149,10.1525051503232,6.484,4.809,53195.7608573851,34.1,0.3,80.219066099279,13.379,,,,,,,,,,103.52814,,,,,,,,,,,,,,,,,,,,,,,,,,,,
Canada,CAN,2007,11.942,12.303,11.598,11.942,11.022,9.834,12.145,67.986,10.37158028412,6.156,4.463,53761.8407991685,33.8,0.2,80.4425615136782,13.879,,,,,63.8298110961914,,,4.76642990112305,,103.85078,,,,,,,,,,,,,,,,,,,,,,,,,,,,
Canada,CAN,2008,12.42,12.289,12.546,12.42,11.379,9.815,12.864,68.268,10.3617593790161,6.284,4.682,53711.6580329654,33.9,0.3,80.6628944916604,14.251,,,,,64.3074111938477,,,4.62612009048462,,103.17953,,,,,,,,,,,,,,,,,,,,,,,,,,,,
Canada,CAN,2009,13.928,12.838,14.976,13.928,15.059,12.062,17.935,66.425,10.9266042912179,8.46,6.248,51552.4020321975,34.0,0.3,80.8591838893921,14.252,,,,,63.6236991882324,,,4.84057998657227,,103.46588,,,,,,,,,,,,,,,,,,,,,,,,,,,,
Canada,CAN,2010,13.697,12.961,14.405,13.697,14.575,12.135,16.946,65.578,10.6878070281103,8.178,6.106,52558.4200617806,33.6,0.3,81.0120892252937,13.551,,,,,61.8845901489258,,,5.35637998580933,,103.54177,85.7,89.06,82.37,72.78,93.61,,,0.77748,98.61,100.0,0.9861,,,,,,,,,,,,,,,,,
Canada,CAN,2011,13.192,12.927,13.446,13.23,13.915,12.038,15.715,65.606,10.5574230803548,7.637,5.679,53681.1084809345,32.7,0.3,81.1031425434213,12.709,,,,,63.1586990356445,,,5.26204013824463,18.32883,105.04699,,,,,,,,,,,,,,,,,,,,,,,,,,,,
Canada,CAN,2012,13.252,12.674,13.802,13.242,14.036,12.263,15.745,65.035,10.5806462430706,7.392,5.617,54034.7821680318,33.5,0.3,81.1513483248791,12.318,,,,92.14326,63.603271484375,0.509159982204437,0.0522200018167496,,,119.0047,,,,,,,,,,,,,,,,,,,,,,,,,,,,
Canada,CAN,2013,12.914,12.554,13.254,12.962,13.243,11.585,14.815,65.311,10.5840958560203,7.143,5.357,54712.1568593677,33.8,0.5,81.183439957458,11.529,,,,91.46145,65.7477188110352,0.613359987735748,0.0040400000289083,4.58899021148682,,118.53382,,,,,,,,,,,,,,,,,,,,,,,,,,,,
Canada,CAN,2014,13.55,12.764,14.285,13.589,13.203,11.463,14.853,65.373,10.5338625064916,7.023,5.369,55723.4615652506,33.2,0.3,81.211183161556,10.693,,,,90.95273,67.1677017211914,0.474709987640381,0.0214399993419647,4.84358978271484,,118.09685,,,,,,,,,,,,,,,,,,,,,,,,,,,,
Canada,CAN,2015,13.272,12.645,13.857,13.299,12.759,10.771,14.618,65.479,10.4742872426478,6.945,5.321,55660.8455840759,33.7,0.4,81.2465670276699,9.714,,,,92.4135,67.2690963745117,0.293339997529984,0.322169989347458,4.73936986923218,,118.99927,,,,,,,,,,,,,,,,,,,,,,,,,,,,
Canada,CAN,2016,12.889,12.088,13.635,12.876,12.597,10.687,14.396,64.775,10.5169734593256,7.038,5.512,55606.1329948184,32.7,0.4,81.3023011093703,8.695,,,,99.32178,69.2459411621094,1.44995999336243,,4.81642007827759,,115.44624,,,,,,,,,,,,,,,,,,,,,,,,,,,,
Canada,CAN,2017,12.072,11.545,12.562,12.047,11.236,9.564,12.784,65.273,10.519904241659,6.426,5.117,56612.3062191777,33.3,0.4,81.4018945832226,7.931,,,,99.80968,70.2687072753906,1.36775994300842,,4.95998001098633,,117.05304,,,,,,,,,,,,,,,,,,,,,,,,,,,,
Canada,CAN,2018,12.211,11.612,12.769,12.183,10.709,9.375,11.94,64.836,10.6070279931613,5.837,4.626,57337.4682870033,32.5,0.4,81.5500341646653,7.006,,,,,69.3507232666016,1.33824002742767,,4.88898992538452,,117.75336,,,,,,,,,,,,,,,,,,,,,,,,,,,,
Canada,CAN,2019,12.043,11.218,12.812,12.023,10.744,9.339,12.067,65.766,10.5665118443442,5.69,4.441,57583.8230739204,31.8,0.4,81.7363672047941,6.432,,,,,73.1128768920898,2.81244993209839,0.445470005273819,4.77293014526367,,,,,,,,,,,,,,,,,,,,,,,,,,,,,,
Canada,CAN,2020,17.865,16.68,18.972,17.888,20.125,19.436,20.763,62.204,11.0283731309203,9.657,7.609,54092.8576890836,29.9,0.1,81.9509888710566,5.805,,,,,75.2389068603516,3.09102988243103,0.812430024147034,4.88794994354248,,,,,,,,,,,,,,,,,,,,,,,,,,,,,,
Canada,CAN,2021,12.815,11.364,14.178,12.798,13.557,12.536,14.517,64.184,10.1115983026295,7.527,5.944,56995.0952020711,31.1,0.2,82.1779279079275,5.262,,,,,79.7657318115234,4.7703800201416,0.805159986019135,4.74858999252319,,,,,,,,,,,,,,,,,,,,,,,,,,,,,,
Canada,CAN,2022,11.599,10.289,12.841,11.574,10.082,8.92,11.21,65.276,9.78435526150716,5.279,4.12,58583.1299860138,31.5,0.3,82.3500897353968,4.889,,,,,78.8488311767578,5.26559019088745,0.655969977378845,4.84426021575928,,,,,,,,,,,,,,,,,,,,,,,,,,,,,,
Canada,CAN,2023,11.735,10.848,12.584,11.685,10.806,9.993,11.587,64.966,9.46796503398798,5.415,4.236,58088.3778077995,,,82.5250564408346,4.805,,,,,76.2666931152344,4.98995018005371,1.23041999340057,,,,,,,,,,,,,,,,,,,,,,,,,,,,,,,
Canada,CAN,2024,12.988,11.859,14.076,12.959,13.276,11.975,14.537,63.031,9.62271461548484,6.351,4.933,57534.0915185335,,,82.7002565766633,4.501,,,,,,,,,,,,,,,,,,,,,,,,,,,,,,,,,,,,,,
Canada,CAN,2025,13.014,11.889,14.103,13.27,13.8,12.114,15.443,63.051,9.55544068133772,6.907,5.388,57989.5784653558,,,82.8757020253886,,,,,,,,,,,,,,,,,,,,,,,,,,,,,,,,,,,,,,,
Chile,CHL,2001,,,,,24.559,29.569,21.712,37.058,21.6490768553765,10.39,,17874.5313866938,,,86.4906345913002,59.205,,,,,,,,,,,,,,,,,,,,,,,,,,,,,,,,,,,,,,
Chile,CHL,2002,,,,,24.977,30.707,21.779,36.306,21.5686560496095,10.168,,18244.5196827315,,,86.6114115090282,55.022,,,,,40.2664985656738,,,4.04881000518799,15.09564,82.23989,66.62905,68.23198,65.05499,,,,,,,,,,,,,,,,,,,,,,,,,
Chile,CHL,2003,,,,20.542,24.725,31.626,20.583,36.077,21.4646255257433,9.765,4.476,18907.3458745755,51.5,7.9,86.6792973033246,51.275,,,,,43.5181999206543,,,3.91868996620178,15.48508,85.29728,73.47,75.96,71.01,48.35,93.46,51.1,44.88,0.51733,87.84,99.48,0.88299,1.69,1.9645,12.38,1.05,1.91519,0.790999710559845,0.786429166793823,0.74049174785614,0.820970594882965,0.209575474262238,0.103523188055533,0.2828257452784,0.183441058787319,0.383964254104657,0.287587926103424,0.370351833243153,0.0592344953750225
Chile,CHL,2004,,,,,24.52,31.339,20.204,36.346,21.2191814264433,10.162,,19966.7093106095,,,86.7336754490112,50.063,,,,,44.3284606933594,,,3.54307007789612,13.50403,86.81073,,,,,,,,,,,,,,,,,,,,,,,,,,,,
Chile,CHL,2005,20.165,25.998,14.54,,23.407,30.385,18.781,36.198,20.9831423537935,9.34,,20923.479756183,,,86.7768244484887,50.781,,,,,50.2735595703125,,,3.28016996383667,12.63158,89.26333,,,,,,,,,,,,,,,,,,,,,,,,,,,,
Chile,CHL,2006,19.888,25.508,14.473,19.888,22.111,27.717,18.543,36.616,20.6557737731495,9.024,,21973.7382914389,47.7,3.3,86.8125123390851,51.682,,,,,49.3216896057129,,,3.04014992713928,11.6756,89.38749,79.48,80.91,78.06,59.58,95.42,61.73,56.99,0.6244,88.58,98.86,0.89601,1.26,1.77778,11.95,1.81,1.84854,0.797694265842438,0.834199070930481,0.786548912525177,0.849480211734772,0.0476555824279785,0.114856971274147,0.255181542055479,0.16860561332321,0.343396780160413,0.279674481590766,0.387077367419965,0.0761704733083405
Chile,CHL,2007,20.349,25.756,15.143,,21.64,26.871,18.243,37.142,20.4238694012793,8.427,,22884.2997108846,,,86.8445071581285,53.325,,,,86.66387,54.7230491638184,3.35179996490479,2.64762997627258,3.2331600189209,12.64539,87.97509,,,,,,,,,,,,,,,,,,,,,,,,,,,,
Chile,CHL,2008,21.499,26.863,16.337,,23.763,29.521,20.007,39.535,20.2827253700611,9.285,,23515.3473178269,,,86.8765769429469,54.78,,,,85.6857,56.7743988037109,3.23663997650146,3.19975996017456,3.79189991950989,15.10256,86.63343,,,,,,,,,,,,,,,,,,,,,,,,,,,,
Chile,CHL,2009,23.202,27.825,18.753,23.202,26.739,31.272,23.64,38.426,20.1151139848596,11.313,6.505,23019.0299454094,47.4,2.6,86.9124897308683,54.194,,,,83.55124,59.9912910461426,4.81406021118164,4.53919982910156,4.25475978851318,16.47026,83.82071,80.29,81.23,79.34,64.5,94.53,64.57,64.4,0.68232,90.47,96.86,0.93403,1.28,1.88281,9.76,2.95,1.69775,0.711353182792664,0.765237212181091,0.716994822025299,0.775582611560822,0.0361918807029724,0.129344571227402,0.286298183999588,0.219592008723299,0.352828550064213,0.307561147037164,0.335217492518204,0.0709231764450443
Chile,CHL,2010,19.536,24.535,14.728,19.536,19.058,21.94,17.164,37.769,19.9468654027448,8.547,5.946,24122.4787924386,,,86.9560135592209,52.793,,,96.528,84.80201,66.3445205688477,3.32802009582519,2.95526003837585,4.18953990936279,15.21726,86.17643,,,,,,,,,,,,,,,,,,,,,,,,,,,,
Chile,CHL,2011,19.176,24.521,14.038,19.176,18.003,21.473,15.609,38.73,19.9359022365088,7.492,5.685,25372.2741480772,46.9,1.7,87.0109164653326,51.495,95.0724105834961,94.7069778442383,97.394,85.24744,70.8241806030273,3.58455991744995,3.31064009666443,4.06173992156982,15.16071,86.98061,80.71,83.3,77.98,65.21,95.93,67.74,61.43,0.67977,92.4,98.46,0.93845,0.53,0.53,7.72,6.03,1.21891,0.756587207317352,0.818662047386169,0.756107568740845,0.832296669483185,0.203139543533325,0.129537292458231,0.254234359360583,0.172971059270449,0.335614672932466,0.334383704413732,0.330211019713069,0.0811709165126159
Chile,CHL,2012,18.046,22.744,13.531,18.046,16.927,19.568,15.079,37.534,19.1568100362915,6.79,5.439,26676.8110154019,,,87.0824943735696,50.417,97.4051208496094,94.5769271850586,97.35059,84.55065,75.0770721435547,3.39424991607666,3.79860997200012,,16.45029,85.38359,,,,,,,,,,,,,,,,,,,,,,,,,,,,
Chile,CHL,2013,18.413,22.946,14.057,18.413,16.682,19.789,14.479,36.696,19.1954319216634,6.361,5.0,27297.8185145366,46.8,0.8,87.1827777654221,47.704,96.9979019165039,91.6192932128906,97.31431,87.8075,79.8703384399414,3.35414004325867,3.22831010818481,4.54814004898071,15.01836,97.32597,82.38,85.13,79.44,70.98,94.47,75.13,65.34,0.75135,91.38,98.36,0.92904,0.59,1.30508,6.31,1.7,1.73059,0.805871963500977,0.81078040599823,0.776714205741882,0.833551108837128,0.180765450000763,0.0944370496383016,0.223133776158846,0.168252976370903,0.275885872324117,0.366488679380044,0.318044711092065,0.0923328333690451
Chile,CHL,2014,18.96,23.731,14.374,18.96,16.976,19.828,14.964,36.926,19.9398426850485,6.761,5.322,27511.5610030404,,,87.3133701497978,44.06,98.1664199829102,95.3859634399414,97.39676,88.54193,83.6629791259766,2.95795011520386,2.85053992271423,4.75168991088867,15.10182,98.19834,,,,,,,,,,,,,,,,,,,,,,,,,,,,
Chile,CHL,2015,19.198,23.473,15.086,19.198,15.813,18.341,14.072,36.316,19.8407454018785,6.605,5.054,27817.9584848024,45.3,0.7,87.4653320342387,39.444,97.77294921875,94.276481628418,97.57968,88.96612,86.4181137084961,2.72321009635925,3.31959009170532,4.90390014648438,16.63683,100.04924,84.47,86.45,82.52,73.76,93.67,74.81,72.55,0.78745,92.15,98.63,0.9343,0.55,1.63636,5.62,1.07,1.80961,0.768256008625031,0.812912106513977,0.784290552139282,0.818202376365662,0.0264479517936707,,,,,,,
Chile,CHL,2016,17.502,21.1,14.037,17.502,15.799,17.712,14.442,35.24,20.6669999520745,6.926,6.195,27965.3473526831,,,87.6306290578181,33.658,98.3978424072266,95.1674880981445,97.90418,88.96576,88.8458862304688,2.48050999641419,3.10610008239746,5.36645984649658,18.48666,100.60429,,,,,,,,,,,,,,,,,,,,,,,,,,,,
Chile,CHL,2017,18.277,21.725,14.95,18.277,17.732,19.684,16.278,35.284,21.1846815872184,7.257,7.032,27899.5979777012,45.3,0.5,87.8000295757281,27.261,98.1549530029297,94.7573394775391,,88.65187,89.921989440918,2.30256009101868,3.0916600227356,5.43278980255127,18.68243,101.45404,85.75,88.21,83.27,77.4,94.34,79.24,75.0,0.82044,93.22,98.86,0.94295,0.65,2.0,5.2,1.56,1.7,0.77565199136734,0.79179584980011,0.757303535938263,0.811748802661896,0.0237460732460022,,,,,,,
Chile,CHL,2018,17.747,20.615,14.973,,18.138,20.638,16.177,34.555,20.9748274850116,7.623,7.589,28499.4064000406,,,87.9620493753008,23.705,98.1518325805664,96.2266311645508,,,91.1974792480469,1.90333998203278,2.29739999771118,5.473060131073,,102.61878,,,,,,,,,,,,,,,,,,,,,,,,,,,,
Chile,CHL,2019,17.53,19.47,15.65,,18.953,19.884,18.207,32.763,20.8479397366575,7.493,6.854,28227.9790507594,,,88.1273685623538,18.968,97.4453201293945,97.0050582885742,,,92.0659713745117,1.60679996013641,1.78646004199982,5.62629985809326,,,,,,,,,,,,,,,,,,,,,,,,,,,,,,
Chile,CHL,2020,19.222,20.579,17.907,19.222,24.377,26.024,23.215,26.58,21.745295695875,10.934,9.568,26258.4038553242,47.0,1.7,88.2953490438375,14.415,97.9685821533203,99.4466934204102,,,89.1124877929688,2.27495002746582,2.02532005310059,5.62992000579834,,,,,,,,,,,,,,,,,,,,,,,,,,,,,,
Chile,CHL,2021,15.335,17.246,13.485,15.335,20.477,22.594,18.944,26.828,21.8411063330398,9.281,8.132,29106.6356522053,,,88.4660511664452,7.892,99.2180786132812,101.479530334473,,,96.2227935791016,2.16669988632202,1.5762300491333,5.00225019454956,,,,,,,,,,,,,,,,,,,,,,,,,,,,,,
Chile,CHL,2022,14.42,16.042,12.849,14.42,18.287,19.879,17.096,29.673,21.3956019718851,8.249,6.926,29560.4513805785,43.2,0.6,88.6395352768685,7.687,100.269378662109,101.253898620605,,,99.3372802734375,1.29288005828857,0.784839987754822,4.91201019287109,,,,,,,,,,,,,,,,,,,,,,,,,,,,,,
Chile,CHL,2023,15.321,16.7,13.986,15.321,21.973,24.323,20.189,30.203,21.4932685385367,9.013,7.189,29600.4188613168,,,88.8158617217972,6.542,100.907341003418,101.662948608398,,,104.734062194824,1.32958996295929,1.15777003765106,,,,,,,,,,,,,,,,,,,,,,,,,,,,,,,
Chile,CHL,2024,13.759,14.95,12.607,13.759,20.988,23.621,18.944,30.245,21.0556071151613,8.718,7.128,30267.6440919907,43.0,0.4,88.9950908479196,5.608,99.1425704956055,102.349098205566,,,110.176902770996,2.12127995491028,0.997139990329742,,,,,,,,,,,,,,,,,,,,,,,,,,,,,,,
Chile,CHL,2025,13.843,15.06,12.666,13.435,21.635,24.72,19.227,30.079,20.9258881377996,8.974,7.711,30863.4223155169,,,89.1772830019223,,,,,,,,,,,,,,,,,,,,,,,,,,,,,,,,,,,,,,,
Colombia,COL,2001,,,,,27.488,34.871,22.428,57.127,39.5025261341302,15.04,,10823.4504878807,57.3,29.6,74.7938371677676,94.082,96.9997787475586,62.9431610107422,100.0,,26.3812599182129,0.0,,3.70867991447449,,,,,,,,,,,,,,,,,,,0.795804679393768,0.687637805938721,0.693353414535522,0.788230657577515,0.726548224687576,0.233449128354218,0.346243854544241,0.218705235980018,0.462979529938278,0.135197047798122,0.455572793414979,0.0629863042426582
Colombia,COL,2002,,,,29.944,26.895,33.689,22.188,56.255,39.2319596807969,14.481,13.116,10925.1485602082,56.0,21.2,75.192444355543,94.017,97.1735610961914,68.3174514770508,,,26.5130996704102,0.0,,4.26812982559204,,58.18861,53.43,55.54,51.14,26.12,81.39,28.36,23.92,0.32092,38.8,84.07,0.46152,16.7,1.7994,38.79,13.62,1.64888,0.777124166488647,0.672160029411316,0.666269898414612,0.778386294841766,0.85913459956646,0.239044612118645,0.332923321053205,0.184811835992144,0.458834096358343,0.151512838328804,0.443381149786623,0.0721826908313678
Colombia,COL,2003,,,,28.093,25.154,32.281,20.113,56.746,39.1509163416715,13.221,12.497,11183.2911819793,53.6,19.8,75.5341828570154,92.662,,,,,,,,4.32513999938965,,,54.17,56.5,51.6,27.63,81.03,29.94,24.89,0.34098,41.85,85.81,0.48771,13.69,1.86706,35.2,12.2,1.65341,0.80563360452652,0.677130222320557,0.677986979484558,0.798394203186035,0.857021540403366,0.195451282251975,0.332056053515954,0.185548334266434,0.459567708963283,0.144564788844368,0.459217634434821,0.0641615232048567
Colombia,COL,2004,,,,28.743,26.324,33.877,21.041,54.797,39.5036500590418,13.717,12.606,11607.9384935105,55.0,19.2,75.8080569479496,90.596,104.35856628418,74.2581634521484,99.61797,,29.5034599304199,0.415069997310638,,4.07934999465942,15.12669,62.711,56.5,58.74,54.08,28.65,84.37,30.34,26.46,0.33958,42.07,88.38,0.47601,12.97,1.8404,35.45,10.0,1.71791,0.809805154800415,0.687040388584137,0.68250560760498,0.799082577228546,0.852146372199059,0.201420658182623,0.332085207481054,0.197343472891538,0.457574228507362,0.148823392318754,0.455667353303795,0.0634240468963979
Colombia,COL,2005,27.721,38.661,17.021,27.721,22.595,29.677,17.864,52.413,37.8189943745979,11.062,11.089,11999.2549591305,53.9,16.8,76.004938901378,88.124,107.444198608398,79.7040328979492,99.54083,63.648,32.253978729248,0.326380014419556,10.1400003433228,4.02098989486694,14.4607,65.95607,57.08034,60.5878,53.16846,17.22022,88.4332,18.01603,16.59134,0.19473,26.76339,90.81829,0.29469,17.14451,1.88719,42.91545,8.77892,1.79544,0.823282957077026,0.72517591714859,0.705613493919373,0.822238206863403,0.830273032188416,0.211509813438003,0.321081793661841,0.181583391415262,0.451848835812981,0.15089265660729,0.457867981060747,0.0701575686701224
Colombia,COL,2006,27.117,37.535,16.937,,22.328,29.139,17.801,50.611,39.5765975647162,11.088,,12636.6246577724,,,76.1619191918164,87.744,113.180770874023,82.3603820800781,99.79537,67.7345,34.3662109375,0.172969996929169,5.22513008117676,3.91671991348267,,70.41961,,,,,,,,,,,,,,,,,,,,,,,,,,,,
Colombia,COL,2007,26.695,36.615,17.008,26.695,22.195,28.748,17.859,48.808,39.1535655916994,11.204,10.867,13318.3033138168,,,76.3144038775849,87.382,114.754417419434,84.4008331298828,99.58443,70.40955,35.4785308837891,0.0850500017404556,4.0927300453186,4.08301019668579,9.91732,71.89576,,,,,,,,,,,,,,,,,,,,,,,,,,,,
Colombia,COL,2008,25.54,35.444,15.874,25.54,22.804,29.784,18.169,48.327,43.5757789928962,11.273,11.392,13591.0609028567,55.0,16.3,76.4596761810047,86.294,114.712371826172,86.3006591796875,99.65519,71.39134,37.9448013305664,0.200949996709824,3.85532999038696,3.9387800693512,14.72197,71.82923,61.32,63.15,59.31,30.48,88.56,32.68,27.63,0.34417,49.55,93.02,0.53268,8.95,1.72626,23.37,7.51,1.67865,0.815467417240143,0.735219776630402,0.703933298587799,0.818859815597534,0.706781059503555,0.181967591308233,0.306165979999057,0.179060276366709,0.42301511108757,0.182308238056526,0.431328371235162,0.080197410709255
Colombia,COL,2009,24.958,34.664,15.487,24.958,23.542,30.942,18.495,52.137,45.3076775787095,12.066,12.175,13586.7518430982,54.1,15.1,76.5964145836792,84.007,119.897972106934,92.4254913330078,98.26013,74.13559,39.5088005065918,0.228180006146431,2.26079988479614,4.77651977539062,14.98617,76.63131,61.05,63.79,58.11,33.32,88.65,35.49,30.74,0.37586,47.82,91.36,0.52342,8.14,1.54054,22.84,10.42,1.54378,0.809747934341431,0.725569248199463,0.691491901874542,0.81557023525238,0.726414561271667,0.17148486291914,0.293938865937685,0.165708600331927,0.414480358805971,0.169032305825593,0.451804653757818,0.0852241744789033
Colombia,COL,2010,23.437,32.144,14.943,23.437,22.572,28.945,18.189,51.658,45.0367623889033,11.153,12.685,14037.0642668639,54.4,13.3,76.7232975672119,81.306,119.824157714844,94.7385330200195,98.59564,75.30739,41.529670715332,0.269800007343292,2.94413995742798,4.83382987976074,15.0084,79.65677,65.16154,68.39709,61.63881,29.76699,90.71948,32.77243,26.84255,0.32812,44.7748,93.23956,0.48021,8.19026,1.87933,25.65287,5.06955,1.80238,0.816085696220398,0.726431727409363,0.69526743888855,0.817807555198669,0.736033886671066,0.165553190031269,0.274719339411902,0.14833494368343,0.393903923749719,0.170353488332905,0.45284017451254,0.102086997742654
Colombia,COL,2011,23.026,31.785,14.483,23.026,21.169,27.497,16.876,52.655,45.3860305633174,10.288,12.004,14852.3699513061,53.3,11.3,76.839003613206,79.439,118.851791381836,92.6861801147461,99.40911,77.26227,45.2873306274414,0.107179999351502,0.904619991779327,4.46608018875122,14.43288,81.67975,64.86,68.06,61.49,37.28,90.02,39.13,35.0,0.41413,52.6,91.93,0.57217,8.33,1.58583,23.56,9.43,1.59975,0.827768087387085,0.745520889759064,0.711473941802979,0.830199301242828,0.724802881479263,0.168325357239148,0.267208803174731,0.140770185427228,0.387042054532864,0.16694297697149,0.460170861934143,0.105677357919636
Colombia,COL,2012,22.532,31.177,14.102,22.532,20.086,26.407,15.735,53.596,44.8925726233459,9.959,11.843,15279.4790008058,53.6,12.7,76.942211203265,79.556,113.55069732666,89.2021331787109,96.66362,75.66677,47.4669914245605,1.70736002922058,2.58501005172729,4.37038993835449,14.67586,77.29504,65.61,68.96,62.09,40.05,88.22,42.52,36.81,0.45398,54.18,91.45,0.59245,8.36,1.54665,23.71,10.58,1.55377,0.834032297134399,0.765172064304352,0.727229714393616,0.842654287815094,0.719769418239594,0.164372928233204,0.260480484001963,0.140481645720025,0.373182379025296,0.156252415883812,0.46642475254835,0.116842347565875
Colombia,COL,2013,22.084,30.405,13.972,22.084,18.729,24.872,14.457,52.093,44.3647499163015,9.246,11.09,15912.2471293239,53.5,11.8,77.0315988189922,77.499,103.585823059082,75.1914215087891,98.4025,76.31163,50.7474899291992,,1.95310997962952,4.87855005264282,16.23337,79.50067,67.14,70.45,63.63,43.01,90.87,45.09,40.49,0.47331,56.18,94.03,0.59747,6.62,1.50151,21.92,8.99,1.58987,0.851095676422119,0.780554354190826,0.745940029621124,0.854275584220886,0.704369276762009,0.156893245935722,0.253885989413783,0.137778309478131,0.364276131063375,0.166673972691357,0.455788265446178,0.123651772448683
Colombia,COL,2014,21.402,29.229,13.773,21.402,18.245,23.562,14.564,51.548,43.9321252809496,8.799,10.645,16480.3631474161,53.6,10.9,77.1058449419909,73.82,102.689872741699,76.5693130493164,98.29638,75.58286,53.1794395446777,,3.00297999382019,4.62945985794067,16.88747,78.38009,68.1,71.89,64.05,42.02,90.6,46.09,37.08,0.4638,57.6,93.8,0.61407,7.21,1.6061,22.49,8.51,1.62161,0.846538424491882,0.792204856872559,0.757515847682953,0.854398131370544,0.67126390337944,0.147125676295767,0.248424653493058,0.137558078656947,0.353281672664964,0.172167615062603,0.45120451988125,0.128203211563089
Colombia,COL,2015,21.141,29.715,12.788,21.141,17.316,23.212,13.259,51.399,43.7094749790026,8.572,10.61,16821.3801400631,52.0,10.2,77.1636280538646,69.785,102.409233093262,76.9629974365234,,75.60237,54.7961311340332,3.39695000648498,4.57650995254517,4.47038984298706,15.68956,78.487,72.65736,76.91927,67.86209,38.458,94.56853,41.22966,35.82155,0.40667,50.84103,93.69165,0.54264,7.5523,1.82316,23.24061,4.44472,1.80875,0.861698031425476,0.800083577632904,0.761904180049896,0.867973506450653,0.673059403896332,,,,,,,
Colombia,COL,2016,21.131,28.795,13.668,21.131,18.274,23.563,14.52,50.06,43.9457077672816,8.922,11.634,17003.244366485,51.7,10.1,77.2036266362166,66.84,103.139930725098,77.2069091796875,,76.20192,57.1437492370605,5.22432994842529,4.93805980682373,4.47721004486084,15.63588,79.46392,70.06,72.77,67.19,44.81,90.43,46.04,43.15,0.49552,61.2,93.33,0.65574,6.91,1.67728,21.1,7.94,1.6237,0.849059283733368,0.797456920146942,0.761082887649536,0.856825470924377,0.65428039431572,,,,,,,
Colombia,COL,2017,21.837,30.013,13.876,21.837,18.467,24.036,14.508,49.225,43.9907710532752,9.086,11.249,16986.0334182842,50.9,9.5,77.2245191706503,65.985,106.373252868652,77.1372375488281,,76.5618,58.3960418701172,4.07456016540527,4.46340990066528,4.53551006317139,17.26919,79.49132,71.6,74.97,68.05,48.5,91.77,51.26,45.0,0.5285,61.46,93.35,0.65838,6.56,1.66768,20.19,7.34,1.63645,0.857508599758148,0.790884256362915,0.757337272167206,0.856655657291412,0.65708863735199,,,,,,,
Colombia,COL,2018,22.841,31.054,14.841,22.841,19.45,24.974,15.609,48.117,44.2544216354014,9.36,11.685,17104.1313545678,51.6,9.8,77.2804816598084,65.17,105.578002929688,78.6997604370117,,77.47078,57.3205413818359,4.69546985626221,3.95534992218018,4.44910001754761,17.64699,79.57271,71.95,74.5,69.3,50.91,92.8,52.46,49.06,0.5486,61.26,93.14,0.65772,6.87,1.62445,19.25,5.89,1.69403,0.848157405853271,0.779583036899567,0.744184613227844,0.846294224262238,0.66927307844162,,,,,,,
Colombia,COL,2019,23.917,31.922,16.118,23.917,20.658,26.182,16.739,46.743,42.7650120334878,10.28,11.961,17336.7716030551,52.5,11.3,77.4595528518377,64.278,103.543678283691,79.6780624389648,,,56.6663017272949,5.02229022979736,3.39484000205994,4.51068019866943,,,,,,,,,,,,,,,,,,,0.833992898464203,0.771030902862549,0.733407199382782,0.835433781147003,0.667407244443893,,,,,,,
Colombia,COL,2020,27.497,35.96,19.255,,27.248,35.191,21.708,46.942,44.3625992423816,15.983,,15861.4999291295,54.4,15.8,77.6382533537045,62.885,99.6276016235352,79.8330993652344,,,55.7331085205078,6.11108016967773,2.58856010437012,5.26166009902954,,,,,,,,,,,,,,,,,,,0.796784281730652,0.699997901916504,0.617756545543671,0.761481642723083,0.72888594865799,,,,,,,
Colombia,COL,2021,27.264,35.908,18.852,27.264,24.757,32.09,19.599,48.352,44.5307458332975,13.898,15.31,17383.0901728295,55.1,11.2,77.8339570326128,62.023,99.1944732666016,85.6851425170898,,,58.3159217834473,6.98671007156372,2.33802008628845,,,,,,,,,,,,,,,,,,,,0.814503908157349,0.726760506629944,0.683451294898987,0.804597914218903,0.69882333278656,,,,,,,
Colombia,COL,2022,24.423,31.732,17.316,24.423,20.972,26.45,17.117,44.447,44.2221914558041,10.541,9.732,18458.7209460704,54.8,9.3,78.0464633137335,60.175,97.1171035766602,83.0199279785156,,,59.2901382446289,7.32453012466431,4.43837022781372,,,,,,,,,,,,,,,,,,,,,,,,,,,,,,,
Colombia,COL,2023,23.251,30.037,16.659,23.251,19.365,23.75,16.234,44.716,43.7977677955096,9.591,9.287,18406.6242338491,54.6,8.6,78.275571579544,59.473,,,,,,,,,,,,,,,,,,,,,,,,,,,,,,,,,,,,,,
Colombia,COL,2024,23.152,29.873,16.632,23.152,19.411,23.976,16.164,43.612,43.0996846865936,9.619,9.779,18481.8374929368,54.4,8.5,78.5210811866115,58.393,,,,,,,,,,,,,,,,,,,,,,,,,,,,,,,,,,,,,,
Colombia,COL,2025,23.217,29.977,16.667,21.982,17.653,22.332,14.315,43.23,42.9606092259457,8.29,9.022,18778.6482631901,,,78.7827914751151,,,,,,,,,,,,,,,,,,,,,,,,,,,,,,,,,,,,,,,
Costa Rica,CRI,2001,,,,21.956,13.806,16.47,12.302,51.389,28.0625082014914,6.051,,14257.525071713,51.5,7.6,60.1427600448608,77.475,,,87.88256,,,,,4.83203983306885,21.42331,50.79902,37.53,39.91,35.2,17.28,70.12,16.99,17.61,0.24643,30.48,79.24,0.38465,,,,,,0.853766441345215,0.876391351222992,0.836020648479462,0.881275594234467,0.521435976028442,,,,,,,
Costa Rica,CRI,2002,,,,20.764,14.457,17.525,12.761,49.74,28.7288276392763,6.396,,14503.176481607,51.8,6.6,61.2787633575946,72.201,91.5739135742188,43.9441986083984,,,,,,5.15044021606445,23.41249,51.02817,36.09,38.62,33.54,14.91,66.47,18.37,10.63,0.22431,32.52,73.07,0.44505,19.11,1.89901,40.92,8.83,1.78421,0.845944941043854,0.870573699474335,0.826678037643433,0.87648594379425,0.544519394636154,,,,,,,
Costa Rica,CRI,2003,,,,21.62,15.051,18.344,13.273,50.624,26.8838561691876,6.654,,14898.7197394794,49.3,6.9,62.4518059303802,69.873,,,,,,,,5.13373994827271,,,38.87,42.64,35.28,15.67,68.04,18.78,11.81,0.23031,28.5,80.33,0.35479,16.56,1.86413,39.17,6.85,1.82512,0.845298826694489,0.859044015407562,0.819871664047241,0.871135294437408,0.558244705200195,,,,,,,
Costa Rica,CRI,2004,,,,20.165,14.531,18.611,12.429,47.655,28.1598751397948,6.445,,15330.8832332948,48.4,6.6,63.6596013546005,68.151,90.486572265625,49.9299583435059,96.80526,,25.8056793212891,,,4.89062976837158,16.99844,56.24905,38.84,42.49,35.33,18.49,65.35,21.41,15.45,0.28294,32.32,78.07,0.41399,15.78,1.79341,31.63,4.13,1.86943,0.862537026405334,0.853729486465454,0.814923107624054,0.87837153673172,0.553240835666656,,,,,,,
Costa Rica,CRI,2005,18.655,28.266,9.354,18.655,15.519,22.19,11.629,49.046,26.0154200192253,6.749,,15711.7451335337,47.5,5.0,64.8998632216384,67.141,90.8368606567383,55.1403694152832,98.15391,,,,,,,59.12685,37.89,40.85,35.21,14.61,65.09,12.84,16.45,0.22446,31.83,75.34,0.42248,11.18,1.85242,30.95,4.58,1.85202,0.8509122133255,0.848897337913513,0.785020112991333,0.887157082557678,0.551928758621216,,,,,,,
Costa Rica,CRI,2006,18.468,27.057,10.172,18.468,14.269,19.89,10.955,49.502,26.5230861977778,5.926,,16628.3723014013,49.3,5.2,66.1703051228767,65.438,84.5534973144531,54.6378288269043,96.71145,,,,,4.61614990234375,16.19928,62.69586,40.65,43.8,37.37,16.9,67.82,16.93,16.85,0.24919,36.53,83.54,0.43728,14.02,1.93795,34.42,2.5,1.92737,0.859858989715576,0.861113250255585,0.805204272270203,0.8936927318573,0.537016153335571,,,,,,,
Costa Rica,CRI,2007,17.472,26.555,8.712,17.472,11.067,15.291,8.561,51.415,24.652112632804,4.557,,17752.4161954513,49.3,3.1,67.4686406496983,67.715,90.4468002319336,54.4175796508789,96.93127,,,,,4.63449001312256,17.03938,64.96867,39.43,44.41,34.53,17.84,71.77,20.99,14.13,0.24857,37.73,80.99,0.46586,11.29,1.80868,25.92,4.7,1.81867,0.880589365959167,0.89949357509613,0.851701080799103,0.917806446552277,0.492058217525482,,,,,,,
Costa Rica,CRI,2008,17.325,25.407,9.538,17.325,11.247,13.466,9.879,49.105,24.5906131158125,4.934,,18343.0996854851,48.6,3.4,68.7925833934861,69.913,89.6069488525391,56.5818710327148,94.56556,,,,,4.88697004318237,17.85923,67.00411,41.15,43.87,38.55,14.01,69.51,14.82,12.98,0.20155,40.28,85.49,0.47117,11.12,1.84083,30.4,8.6,1.71711,0.86571878194809,0.902048349380493,0.865931212902069,0.9040207862854,0.459437370300293,,,,,,,
Costa Rica,CRI,2009,19.637,26.878,12.665,19.637,18.365,22.221,16.012,47.368,24.5211458632142,7.824,,17941.5019129465,50.6,3.6,70.1398469456228,68.437,95.8849563598633,51.4475708007812,92.02745,,,,,6.01031017303467,21.08531,73.29934,42.94,48.38,37.86,15.66,78.55,11.88,20.67,0.19936,38.78,91.62,0.42327,8.01,1.83271,25.95,4.0,1.84586,0.783005177974701,0.838826656341553,0.779452621936798,0.844933211803436,0.456221759319305,,,,,,,
Costa Rica,CRI,2010,19.087,24.608,13.773,19.087,17.378,21.052,15.189,44.647,23.8317143711872,7.171,3.967,18670.1678827387,48.0,2.2,71.5081448974915,63.057,94.6768569946289,52.9257316589355,92.9103,,,,,6.56575012207031,23.13217,76.23921,47.72,51.18,44.48,22.47,80.74,21.65,23.36,0.2783,46.73,87.59,0.53351,9.45,1.92804,26.19,5.14,1.80374,0.814791202545166,0.841393709182739,0.791304767131805,0.858560860157013,0.441977024078369,0.166253375361742,0.21459822616157,0.123187435863115,0.308766244958461,0.245809254825607,0.362004916637895,0.177587602374928
Costa Rica,CRI,2011,21.144,27.049,15.463,21.144,22.037,29.089,17.677,43.616,23.6826340732098,9.518,5.554,19264.4566461776,48.8,2.7,72.8426586679914,65.472,97.6400909423828,50.9802284240723,94.02844,75.30508,44.6711883544922,3.03267002105713,11.8552503585815,6.37988996505737,23.21991,76.94356,46.41372,55.7473,37.31657,12.67093,84.46691,17.79217,9.46593,0.15001,34.89137,90.97547,0.38352,15.07326,1.93894,51.59587,5.37237,1.89588,0.821035206317902,0.8330979347229,0.784630298614502,0.858591198921204,,0.140702503014859,0.199247837967429,0.104632074522041,0.292873644245394,0.252471100686882,0.354322128527974,0.194060683069578
Costa Rica,CRI,2012,17.571,22.677,12.662,17.571,22.372,27.56,18.988,48.168,24.9781285769893,9.11,5.727,19970.6856013628,48.4,2.6,73.3895020668217,65.642,93.8234100341797,57.45458984375,84.37573,75.64349,46.6885414123535,4.69504976272583,12.1979703903198,6.58239984512329,24.28474,80.88098,51.56,55.73,47.24,28.77,77.48,32.27,24.31,0.37132,42.66,89.83,0.4749,9.61,1.9667,25.12,3.75,1.85072,0.787716567516327,0.824867069721222,0.758452773094177,0.849697470664978,0.446614325046539,0.150913297094764,0.196651309986637,0.119366473954469,0.278820019369552,0.271086412555884,0.340412926867124,0.191849350590355
Costa Rica,CRI,2013,17.966,23.487,12.661,17.966,21.559,25.595,18.713,47.736,27.2362890193681,8.218,4.322,20242.2938648319,49.2,2.6,73.9431776192863,61.182,95.2266616821289,53.297908782959,84.83775,76.95778,47.5057106018066,6.59241008758545,12.4030199050903,6.68738985061646,24.47234,93.18756,53.13,56.06,50.01,28.72,85.86,32.82,23.49,0.3345,47.14,92.01,0.51234,8.59,1.99185,23.73,3.59,1.84871,0.764074623584747,0.806229174137115,0.758530735969543,0.823336243629456,,0.13958309111481,0.212949554736784,0.127588284737228,0.298219516309599,0.27597304829327,0.327548012282859,0.183529384687088
Costa Rica,CRI,2014,18.306,23.123,13.68,18.306,24.23,29.744,20.657,48.208,26.6272496600503,8.499,5.34,20735.1927258406,48.6,2.4,74.4866963181212,59.653,92.41845703125,55.1032905578613,83.64136,77.99166,50.3342781066895,9.12769985198975,11.9553298950195,6.67953014373779,23.93812,101.87008,54.72,60.66,48.89,34.78,84.61,39.46,29.36,0.41106,46.25,94.05,0.49176,4.87,2.0,15.82,0.67,1.95765,0.790345788002014,0.793387889862061,0.731180667877197,0.829747021198273,,0.12977876118844,0.196686917966892,0.117406465971217,0.280970448943418,0.304743713658888,0.326893573280557,0.171675795093662
Costa Rica,CRI,2015,18.648,24.413,13.113,18.648,22.363,26.651,19.467,45.728,26.5333002960316,8.415,5.848,21265.3176336354,48.4,2.4,75.0198195767549,56.579,93.3269195556641,54.1104888916016,84.64545,80.32835,51.2845802307129,8.53184032440186,11.5990400314331,6.87349987030029,25.12593,108.88786,52.59,59.49,45.25,25.2,86.73,26.07,24.16,0.29056,50.45,88.46,0.57031,7.32,2.0,17.3,0.9,1.94798,0.756680250167847,0.801893293857574,0.759398639202118,0.814617812633514,0.463968098163605,,,,,,,
Costa Rica,CRI,2016,20.447,25.459,15.635,20.447,21.65,28.047,17.725,42.604,24.8440335030415,8.085,4.65,21936.4660575366,48.7,2.4,75.5423088085047,53.376,92.3986434936523,54.5443801879883,85.28271,82.5849,51.6516418457031,7.76833009719849,10.4038496017456,6.89395999908447,24.03879,115.38167,55.46,60.92,50.13,30.44,85.73,34.06,26.42,0.35507,51.22,94.07,0.54449,5.15,2.0,23.15,0.0,2.0,0.800658166408539,0.802061915397644,0.765547394752502,0.825491905212402,0.501913815736771,,,,,,,
Costa Rica,CRI,2017,19.96,24.725,15.386,19.96,20.736,25.756,17.682,42.631,24.492541574141,7.729,4.353,22633.7648663302,48.3,1.7,76.0539254265608,51.125,91.2292327880859,56.4120712280273,91.70589,81.86735,54.4492301940918,9.89873027801514,13.7845001220703,7.06981992721558,24.67935,119.95994,57.35,64.19,50.92,33.13,86.74,38.11,27.7,0.38195,49.67,93.49,0.53129,4.9,2.0,15.68,1.45,1.90753,0.796855747699738,0.824044048786163,0.791978597640991,0.835096120834351,,,,,,,,
Costa Rica,CRI,2018,18.678,23.295,14.246,18.678,25.071,31.659,20.975,45.627,24.6291977643677,9.01,5.106,23069.8622241266,48.0,2.3,76.5544308439668,49.006,90.7759780883789,66.075569152832,,82.44799,52.6140899658203,6.54640007019043,9.06223011016846,6.76992988586426,21.14089,126.19038,58.38,63.42,53.45,33.4,86.88,33.28,33.54,0.38444,56.96,94.65,0.6018,5.01,1.85828,15.69,1.26,1.91969,0.732594192028046,0.808841347694397,0.768394887447357,0.811992108821869,,,,,,,,
Costa Rica,CRI,2019,17.582,21.033,14.269,17.582,31.194,36.071,27.686,45.31,25.2783664801008,10.807,6.096,23496.8294622995,48.2,1.7,77.0435864735963,42.097,93.7275009155273,70.422607421875,,,55.0202903747559,4.71710014343262,7.91429996490479,6.73809003829956,,143.58781,,,,,,,,,,,,,,,,,0.777044177055359,0.780418276786804,0.731066942214966,0.809024691581726,,,,,,,,
Costa Rica,CRI,2020,19.946,23.789,16.258,19.946,40.11,49.464,33.372,43.93,25.7975182166931,16.432,8.933,22368.1378072638,49.2,3.4,77.5211537281257,33.354,98.6216735839844,65.3872680664062,,,,5.30139017105103,10.957929611206,6.62899017333984,,,,,,,,,,,,,,,,,,,0.696192443370819,0.615771770477295,0.52574223279953,0.6805739402771,,,,,,,,
Costa Rica,CRI,2021,18.991,22.314,15.802,18.991,39.201,46.834,33.123,45.411,25.4165880205252,15.139,7.503,24083.5988182437,48.7,2.2,77.9868940200009,27.871,100.330619812012,67.5881729125977,,,,6.1168098449707,8.56589031219482,6.24842977523804,,,,,,,,,,,,,,,,,,,0.764896214008331,0.731318652629852,0.701180458068848,0.756907939910889,,,,,,,,
Costa Rica,CRI,2022,17.181,21.145,13.376,17.181,30.718,36.879,26.149,42.969,24.8774870081078,11.325,6.515,25290.0087466975,47.2,1.6,78.4405687613972,26.451,93.1707916259766,65.2705612182617,,,,5.98677015304565,4.77092981338501,5.5472297668457,,,,,,,,,,,,,,,,,,,,,,,,,,,,,,
Costa Rica,CRI,2023,20.883,23.491,18.38,20.883,24.308,28.515,21.211,37.922,23.7673101793058,8.325,5.226,26378.5409941926,46.7,1.5,78.8819393641702,26.251,100.666328430176,62.2842102050781,,,,4.72765016555786,6.3568000793457,5.31208992004395,,,,,,,,,,,,,,,,,,,,,,,,,,,,,,
Costa Rica,CRI,2024,18.282,21.25,15.433,18.282,20.481,22.743,18.952,38.88,23.5985805149926,6.936,5.101,27325.0470476503,45.8,1.3,79.3107672397967,24.838,106.390037536621,61.3869781494141,,,,4.48607015609741,7.57222986221313,,,,,,,,,,,,,,,,,,,,,,,,,,,,,,,
Costa Rica,CRI,2025,18.348,21.35,15.466,19.431,19.949,22.157,18.454,38.73,23.3622605894367,6.843,4.71,28443.4127676388,45.5,0.8,79.7268137993004,,,,,,,,,,,,,,,,,,,,,,,,,,,,,,,,,,,,,,,
Cuba,CUB,2001,,,,,8.508,10.416,7.553,38.692,10.4119549736886,4.08,,,,,75.887565612793,47.437,96.2057571411133,84.604377746582,97.72621,82.25167,26.0719394683838,0.0699800029397011,3.63692998886108,8.3580904006958,40.58853,70.84316,,,,,,,,,,,,,,,,,,,,,,,,,,,,
Cuba,CUB,2002,,,,,6.83,8.287,6.095,38.683,10.4410248365855,3.31,,,,,75.8514891112497,47.899,99.2153701782227,90.4176330566406,98.17643,82.60463,27.423469543457,0.181590005755424,0.828939974308014,9.57116985321045,44.06536,78.35981,,,,,,,,,,,,,,,,,,,,,,,,,,,,
Cuba,CUB,2003,,,,,4.742,6.066,4.054,38.68,11.2760042430888,2.33,,,,,75.8636638735113,46.664,96.3404922485352,92.4712219238281,98.67255,85.11799,32.568790435791,0.423949986696243,0.374009996652603,9.9408597946167,,82.57796,,,,,,,,,,,,,,,,,,,,,,,,,,,,
Cuba,CUB,2004,,,,,3.908,3.911,3.907,38.691,11.5007795422568,1.854,,,,,75.917681659226,45.007,95.3228607177734,91.609992980957,98.66557,85.1098,52.4411582946777,0.656899988651276,0.642719984054565,10.2682304382324,44.23533,80.87332,,,,,,,,,,,,,,,,,,,,,,,,,,,,
Cuba,CUB,2005,14.583,20.71,8.78,,4.22,3.984,4.358,38.617,11.2359419548723,1.95,,,,,76.0033319545493,42.791,97.1212768554688,96.426628112793,98.63525,86.64633,60.115119934082,0.792159974575043,2.08906006813049,10.5577802658081,47.773,84.94438,,,,,,,,,,,,,,,,,,,,,,,,,,,,
Cuba,CUB,2006,13.63,19.189,8.362,,4.196,4.051,4.286,38.528,10.1685794272976,1.913,,,,,76.1121531072403,40.74,97.3681335449219,93.5532379150391,98.48928,88.66745,84.7447280883789,1.23802995681763,2.15452003479004,9.05716991424561,42.70407,90.88686,69.89,76.86,63.94,,,,,,,,,,,,,,,,,,,,,,,,,
Cuba,CUB,2007,12.713,17.488,8.19,,3.967,3.429,4.322,38.487,9.59554726280699,1.788,,,,,76.2356834650585,42.955,98.0088119506836,92.59326171875,98.48444,88.32925,105.017448425293,0.597850024700165,3.01780009269714,11.8682098388672,53.50966,92.98759,,,,,,,,,,,,,,,,,,,,,,,,,,,,
Cuba,CUB,2008,12.077,16.85,7.562,,3.403,3.554,3.301,38.439,9.79229088401852,1.583,,,,,76.365461375763,49.44,92.0757293701172,94.6358871459961,98.60332,87.50112,117.163070678711,1.56273996829987,2.66870999336243,14.0590801239014,53.62812,92.62892,,,,,,,,,,,,,,,,,,,,,,,,,,,,
Cuba,CUB,2009,11.73,16.065,7.629,,3.493,3.489,3.497,41.41,9.36291840346313,1.67,0.48,,,,76.4930251871133,53.044,97.4813079833984,95.0950164794922,98.92307,85.67697,113.827087402344,1.17026996612549,4.60775995254517,13.1248598098755,50.73605,91.18147,,,,,,,,,,,,,,,,,,,,,,,,,,,,
Cuba,CUB,2010,13.3,18.032,8.817,,6.026,5.569,6.338,41.685,9.47516549760378,2.5,1.446,,,,76.6099132468685,53.624,95.6623351701072,94.8449833470641,98.62642,88.24106,93.544739814446,1.56056413218201,3.5058842128267,12.8373098373413,51.85674,89.91287,78.67,79.71,77.74,,,,,,,,,,,,,,,,,,,,,,,,,
Cuba,CUB,2011,14.43,19.22,9.883,,7.664,7.231,7.964,41.551,14.8255467500509,3.18,,,,,76.707663902788,55.56,95.1387501807988,87.501919559967,99.03107,87.90295,78.4791611574931,2.36241256433945,3.62183466669124,,,88.38774,,,,,,,,,,,,,,,,,,,,,,,,,,,,
Cuba,CUB,2012,15.169,19.948,10.633,,8.446,7.503,9.109,41.409,16.3596336890655,3.46,1.506,,,,76.7776920066844,51.844,92.8323215407159,93.1567557136162,98.82599,86.64642,61.3519866952141,2.00190562032461,3.04283278760747,11.5516604913797,,83.1401,,,,,,,,,,,,,,,,,,,,,,,,,,,,
Cuba,CUB,2013,15.436,20.245,10.876,,8.07,7.414,8.534,41.225,17.2283529136258,3.29,,,,,76.81640625,51.077,91.4054427682726,91.9858805072558,99.08836,87.24085,47.9938388668246,0.708523511317772,5.21204064016101,10.67169596101,,84.92205,,,,,,,,,,,,,,,,,,,,,,,,,,,,
Cuba,CUB,2014,14.542,19.576,9.775,,6.596,6.559,6.621,41.034,18.3683679723168,2.7,,,,,76.8442459106445,49.369,95.4007826904437,91.7684931981031,98.37158,85.14799,40.8057214253261,2.06338384690675,4.55139856786277,9.6074568445536,,95.37645,86.05416,86.43489,85.62669,0.0,0.0,0.0,0.0,0.0,0.0,0.0,0.0,,,,,,,,,,,,,,,,,
Cuba,CUB,2015,14.021,19.014,9.294,,5.966,5.465,6.325,40.762,19.4088398321664,2.4,,,,,76.8702850341797,50.121,95.8838194397084,87.8969047568926,98.81487,83.56161,36.7510276842099,2.4115174972359,5.08914649207719,8.9633578559392,,96.16985,,,,,,,,,,,,,,,,,,,,,,,,,,,,
Cuba,CUB,2016,13.49,18.359,8.87,,4.964,4.617,5.212,40.612,20.3468481512906,2.0,,,,,76.9115829467773,48.43,95.2207449589396,86.7815351122187,98.60992,84.18424,35.0523986816406,2.26921230494474,3.95912059815391,9.01309318032688,,99.74655,,,,,,,,,,,,,,,,,,,,,,,,,,,,
Cuba,CUB,2017,12.751,17.316,8.406,,4.29,3.495,4.864,40.478,21.3144886466382,1.7,,,,,76.9603271484375,49.67,95.5746243169399,90.3145519629302,98.45096,84.18099,41.1702416547293,2.43080471195271,3.5018701780491,8.44413540438793,,101.65333,,,,,,,,,,,,,,,,,,,,,,,,,,,,
Cuba,CUB,2018,12.381,16.886,8.083,,4.237,3.868,4.506,40.399,21.2662835521349,1.7,,,,,77.0156326293945,52.373,91.2210574615276,91.568135128966,,84.18162,42.3506387045364,2.20112563963043,3.28591986425679,8.02498461098619,,103.86276,,,,,,,,,,,,,,,,,,,,,,,,,,,,
Cuba,CUB,2019,12.173,16.408,8.131,,4.249,3.879,4.52,40.402,21.3959678962647,1.705,,,,,77.0728225708008,51.098,91.0264788143346,91.4382870112352,,,44.7791807576091,1.87495679588819,5.09109715051165,9.04700486137163,,106.47603,,,,,,,,,,,,,,,,,,,,,,,,,,,,
Cuba,CUB,2020,13.855,17.758,10.133,,5.172,4.811,5.434,37.596,21.0584273271116,2.233,,,,,77.1080322265625,50.532,95.2889179076367,91.5842645558005,,,46.7357262964117,1.31837175454247,6.56618976593018,11.5248184008093,,,,,,,,,,,,,,,,,,,,,,,,,,,,,,
Cuba,CUB,2021,12.965,16.6,9.498,,4.91,4.526,5.191,38.41,20.512754835402,2.11,,,,,77.0987701416016,48.346,97.4133826355137,88.6696540852654,,,51.8885571735926,1.27271849451752,6.6087305980304,9.3858620562531,,,,,,,,,,,,,,,,,,,,,,,,,,,,,,
Cuba,CUB,2022,12.02,15.925,8.295,,4.336,3.911,4.632,39.316,20.2362786108614,1.829,,,,,77.1056060791016,47.767,93.26632130919,88.3425824776054,,,,3.38216573379943,6.936686200193,8.44086351669284,,,,,,,,,,,,,,,,,,,,,,,,,,,,,,
Cuba,CUB,2023,11.845,15.76,8.108,,4.247,3.835,4.531,39.048,19.4115163087813,1.73,,,,,77.1259872296321,48.674,93.5789089043173,89.2995716805241,,,49.7285704304293,3.36928110849335,6.19487502067399,,,,,,,,,,,,,,,,,,,,,,,,,,,,,,,
Cuba,CUB,2024,11.603,15.432,7.946,,4.283,3.86,4.571,38.752,19.3809756587455,1.755,,,,,77.1664929228275,48.236,91.1470947987461,89.2269916775391,,,43.1040700506779,4.68415541703853,7.67712159544401,,,,,,,,,,,,,,,,,,,,,,,,,,,,,,,
Cuba,CUB,2025,11.532,15.325,7.911,,4.277,3.819,4.59,38.796,19.3219364190685,1.746,,,,,77.2270774821152,,,,,,,,,,,,,,,,,,,,,,,,,,,,,,,,,,,,,,,
Dominica,DMA,2001,,,,,,,,,,,,14091.5491387572,,,65.3586067945228,55.906,119.896446228027,,,85.13978,,1.05025005340576,3.90855002403259,,,79.00917,,,,,,,,,,,,,,,,,,,,,,,,,,,,
Dominica,DMA,2002,,,,,,,,,,,,13640.70330575,,,65.5209250395792,51.808,108.167770385742,,97.82323,,,,,,,85.13109,,,,,,,,,,,,,,,,,,,,,,,,,,,,
Dominica,DMA,2003,,,,,,,,,,,,14398.0017636834,,,65.7244163144059,50.916,104.782608032227,107.104248046875,,87.81282,,0.743489980697632,,,,90.76336,,,,,,,,,,,,,,,,,,,,,,,,,,,,
Dominica,DMA,2004,,,,,,,,,,,,14962.2456326016,,,65.9653093849432,49.983,108.369102478027,107.841613769531,99.03398,87.40997,,1.17472994327545,,,,88.13102,,,,,,,,,,,,,,,,,,,,,,,,,,,,
Dominica,DMA,2005,,,,,,,,,,,,15080.5206040984,,,66.2400724917823,47.769,109.390678405762,103.151420593262,92.9678,84.78321,,0.915390014648438,,,,86.80947,,,,,,,,,,,,,,,,,,,,,,,,,,,,
Dominica,DMA,2006,,,,,,,,,,,,15727.7053232323,,,66.5451738755145,49.416,99.4147796630859,98.9457778930664,,72.56556,,2.01196002960205,3.95286011695862,,,79.23186,,,,,,,,,,,,,,,,,,,,,,,,,,,,
Dominica,DMA,2007,,,,,,,,,,,,16560.5179009944,,,66.877081776731,48.117,100.913940429688,96.3730621337891,97.08084,,,7.73723983764648,,,12.50769,74.87369,,,,,,,,,,,,,,,,,,,,,,,,,,,,
Dominica,DMA,2008,,,,,,,,,,,,17738.0405685048,,,67.232264436023,46.676,96.7948684692383,96.351448059082,91.59973,,,8.59963035583496,,,14.92578,73.71465,,,,,,,,,,,,,,,,,,,,,,,,,,,,
Dominica,DMA,2009,,,,,,,,,,,,17534.0339616963,,,67.6071900939817,45.475,93.0075836181641,100.381103515625,98.04958,70.23535,,2.91125988960266,5.82676982879639,,13.82207,75.91672,,,,,,,,,,,,,,,,,,,,,,,,,,,,
Dominica,DMA,2010,,,,,,,,,,,,17516.7879573152,,,67.9983269911984,44.883,90.1060070671378,95.2837677001953,99.86204,73.52168,,,3.71869993209839,,15.21551,75.69832,,,,,,,,,,,,,,,,,,,,,,,,,,,,
Dominica,DMA,2011,,,,,,,,,,,,17475.0411061698,,,68.3978165602727,44.648,94.6864111498258,98.5678180286436,99.94051,72.73973,,1.62335002422333,0.525539994239807,,,76.43292,,,,,,,,,,,,,,,,,,,,,,,,,,,,
Dominica,DMA,2012,,,,,,,,,,,,17431.1288003063,,,68.754609337094,44.269,97.7040816326531,97.6923076923077,94.88255,,,1.86826002597809,,4.52896287885139,,83.80376,,,,,,,,,,,,,,,,,,,,,,,,,,,,
Dominica,DMA,2013,,,,,,,,,,,,17282.6368040368,,,69.119704197722,43.28,98.001823425293,87.7256317138672,96.44359,,,3.3982400894165,,4.35428103166344,,80.84656,,,,,,,,,,,,,,,,,,,,,,,,,,,,
Dominica,DMA,2014,,,,,,,,,,,,17520.8546265613,,,69.4907847110252,41.661,96.0108795166016,88.9525375366211,96.16173,,,2.86443996429443,,4.33216630134647,,75.41775,,,,,,,,,,,,,,,,,,,,,,,,,,,,
Dominica,DMA,2015,,,,,,,,,,,,16920.9126555668,,,69.8679153463528,39.68,97.7272727272727,88.9626617431641,,80.9661,,1.80376005172729,4.62613010406494,3.09856009483337,18.77678,75.85127,,,,,,,,,,,,,,,,,,,,,,,,,,,,
Dominica,DMA,2016,,,,,,,,,,,,17364.0773046793,,,70.2511605730541,37.496,101.581395348837,,,87.73568,,4.01170015335083,2.8537700176239,5.12971951862684,,84.19967,,,,,,,,,,,,,,,,,,,,,,,,,,,,
Dominica,DMA,2017,,,,,,,,,,,,16314.2295558891,,,70.6405848604787,36.456,107.604166666667,,,,,,,4.71605005720456,,,,,,,,,,,,,,,,,,,,,,,,,,,,,,
Dominica,DMA,2018,,,,,,,,,,,,16877.1244880642,,,71.0362526779762,36.069,102.043010752688,,,,,,,5.1536046272165,,,,,,,,,,,,,,,,,,,,,,,,,,,,,,
Dominica,DMA,2019,,,,,,,,,,,,17619.4335416769,,,71.4382284948964,36.168,93.7086092715232,,,,,6.41575002670288,3.35889432904878,4.88721990585327,,86.43141,,,,,,,,,,,,,,,,,,,,,,,,,,,,
Dominica,DMA,2020,,,,,,,,,,,,14919.5307686719,,,71.846576780589,35.903,,,,,,3.77389001846314,1.57018005847931,4.45777988433838,,,,,,,,,,,,,,,,,,,,,,,,,,,,,,
Dominica,DMA,2021,,,,,,,,,,,,15808.9743503945,,,72.2613620044042,34.74,98.3534622192383,,,,,4.09606981277466,5.02357408102808,5.71689183034862,,,,,,,,,,,,,,,,,,,,,,,,,,,,,,
Dominica,DMA,2022,,,,,,,,,,,,17550.8009946466,,,72.682648635692,34.275,96.6589889526367,,,,,3.35298991203308,6.16685009002685,6.04314243406571,,,,,,,,,,,,,,,,,,,,,,,,,,,,,,
Dominica,DMA,2023,,,,,,,,,,,,18278.2253401989,,,73.1105011438027,34.138,100.958076477051,90.4328002929688,,,,3.95188999176025,7.46212005615234,4.69423746286593,,,,,,,,,,,,,,,,,,,,,,,,,,,,,,
Dominica,DMA,2024,,,,,,,,,,,,18739.3640404986,,,73.5449839980866,33.973,93.92575928009,,,,,,,5.38572189060925,,,,,,,,,,,,,,,,,,,,,,,,,,,,,,
Dominica,DMA,2025,,,,,,,,,,,,19409.2900700194,,,73.9861616678942,,91.0501193317422,,,,,,,,,,,,,,,,,,,,,,,,,,,,,,,,,,,,,
Dominican Republic,DOM,2001,,,,21.092,13.455,21.94,9.269,43.71,41.861278737063,7.262,5.738,10991.1363420488,50.0,6.6,62.2979450293469,108.811,,,,,,,,1.96782994270325,,,38.14,43.93,32.59,18.16,61.53,22.31,12.94,0.29514,37.66,86.95,0.43312,3.57,2.0,13.42,8.83,1.34203,0.905907690525055,0.868448913097382,0.821148097515106,0.9196537733078,,0.140233662916893,0.272335103208526,0.142209756390282,0.39963819480079,0.219685071390339,0.338281729986141,0.169698095414994
Dominican Republic,DOM,2002,,,,20.513,12.721,19.407,9.092,43.919,42.9270623669616,6.779,5.746,11313.0690271273,49.7,9.0,63.2914022524877,104.841,91.7170791625977,63.6501617431641,,50.94075,,5.85179996490479,7.05487012863159,1.9140100479126,,66.26207,39.02,45.98,32.56,24.7,65.08,27.06,21.62,0.37953,55.22,87.47,0.6313,7.54,1.93767,14.84,11.76,1.20755,0.933361768722534,0.908222079277039,0.882992386817932,0.937569499015808,0.80890080332756,0.132028169780026,0.26081262248257,0.153411595837392,0.377414607974746,0.233844042063556,0.322809674117045,0.182255587783655
Dominican Republic,DOM,2003,,,,21.127,13.423,19.414,10.291,41.169,42.6196055423448,6.938,5.867,11000.8684059352,52.1,10.7,64.426197134766,100.871,,,92.08404,,33.6751098632812,9.24911975860596,,1.84465003013611,,,43.94,48.51,39.21,22.94,65.96,28.6,16.25,0.34779,58.32,85.3,0.6837,1.94,1.52062,14.38,10.08,1.29903,0.924048662185669,0.880392909049988,0.852892160415649,0.92072594165802,0.808417066931725,0.14677845950499,0.27100670730909,0.153688891607002,0.388083125171652,0.225660366654593,0.34022792631997,0.163104999716347
Dominican Republic,DOM,2004,,,,20.803,12.899,20.634,8.748,41.78,39.9771457861221,6.303,5.02,11131.2709216332,52.1,14.6,65.8914085229291,95.454,88.1438598632812,71.8273010253906,,50.03848,,14.5052995681763,6.54603004455566,,3.13181,64.05885,43.0,46.82,39.72,27.96,61.47,28.99,26.45,0.45486,60.76,82.55,0.73604,2.53,2.0,12.07,9.92,1.17813,0.935120046138763,0.909105956554413,0.873521506786346,0.941047430038452,0.821296095848083,0.143429337117565,0.270820928203044,0.155871120608613,0.395075110250572,0.232576896055247,0.324626188375248,0.171693664901525
Dominican Republic,DOM,2005,26.571,32.626,20.66,20.509,13.492,18.629,10.763,41.164,42.3268045254673,6.587,4.876,12022.5080544053,50.0,9.9,67.5759180469321,92.566,,74.6146011352539,,53.29682,,13.2513799667358,6.51705980300903,,4.59898,65.8424,46.92,51.69,42.57,26.01,70.11,27.94,23.37,0.37099,60.02,87.8,0.6836,3.04,1.48684,12.07,6.74,1.44159,0.910189867019653,0.890623807907104,0.861065804958344,0.916162848472595,0.70921990275383,0.131959544086665,0.28851916084163,0.18563859916611,0.399120015749978,0.230926313281085,0.32843991669506,0.152013987867979
Dominican Republic,DOM,2006,25.811,32.483,19.3,19.539,10.779,17.772,7.207,41.089,42.2103251198022,5.654,4.41,12961.9183632133,52.0,8.1,69.333853706035,91.131,85.86181640625,,98.82658,,,14.3509502410889,,,,,49.27,57.47,40.71,31.07,70.96,32.8,28.98,0.43785,64.14,89.73,0.71481,2.08,0.9163,15.09,8.85,1.41352,0.961003720760345,0.905666410923004,0.883724808692932,0.949938893318176,0.703677773475647,0.12736762747155,0.270411740452615,0.160471791306117,0.377594715914258,0.233990719985936,0.326176462346251,0.169279182317024
Dominican Republic,DOM,2007,26.015,32.554,19.635,19.303,12.326,19.499,8.561,41.56,41.6235307168869,5.158,3.437,13754.9212674095,48.9,7.8,71.0193434994977,90.542,92.8184280395508,80.5143737792969,,62.2369,,8.25644016265869,6.24138021469116,2.04678010940552,3.7282,77.2338,46.58478,53.5422,39.04573,14.27337,78.27656,18.47732,10.96829,0.18235,44.9051,94.15991,0.4769,11.88123,1.63784,39.14262,10.55999,1.73022,0.93292760848999,0.910976052284241,0.863749980926514,0.945752382278442,0.679314255714417,0.13087821155775,0.252942034973473,0.149835792139959,0.354678123155898,0.245833872920534,0.335292891220009,0.166309640125423
Dominican Republic,DOM,2008,25.417,32.005,18.993,19.29,10.548,17.397,6.882,42.0,43.4449059410538,4.764,3.165,14030.1411084465,48.1,7.1,72.4865154265802,91.905,,85.7805480957031,95.30032,60.8427,,11.8727197647095,4.11660003662109,,5.88323,73.91534,52.49,60.73,42.83,28.55,75.27,34.69,19.95,0.3793,64.08,91.27,0.70209,2.1,1.08095,12.05,8.6,1.28631,0.966841638088226,0.946348965167999,0.927942454814911,0.966241240501404,0.672932922840118,0.139745241526975,0.258691366038686,0.147999432842139,0.357437471127829,0.220428331290662,0.328640410238192,0.192127319029314
Dominican Republic,DOM,2009,26.589,32.951,20.391,21.741,12.479,20.516,8.405,37.421,43.3235650160691,5.467,3.333,13992.4103270189,48.9,6.3,73.5894974865426,93.443,93.9997482299805,82.2135314941406,91.0564,64.31607,,4.05729007720947,8.80618953704834,,6.76881,75.22422,53.27,63.48,43.55,30.5,74.92,36.64,23.24,0.4071,62.72,90.66,0.69182,2.85,2.0,12.91,8.35,1.35321,0.938193500041962,0.892665326595306,0.84516054391861,0.939590454101562,0.660341203212738,0.152866053777657,0.287477529182418,0.18887056184435,0.387369667341405,0.24528599006778,0.324748121504303,0.141391875859212
Dominican Republic,DOM,2010,25.881,31.728,20.19,21.006,10.81,15.75,8.08,38.572,44.2745807136213,5.212,4.304,14975.0010126958,47.3,5.5,74.1642773174177,95.31,92.850156394869,83.5887069812417,94.58919,63.72856,,4.55734221698252,7.9847010806787,1.88728788680129,6.31194,71.63346,56.6,65.23,46.78,29.39,77.98,34.86,23.22,0.37689,70.86,91.86,0.77139,1.25,0.43554,16.08,6.31,1.60759,0.950414776802063,0.931460738182068,0.917008996009827,0.948686122894287,0.703513294458389,0.15732311185689,0.255217462662071,0.144701891877241,0.359053462385698,0.248004501652951,0.314219254719815,0.181877811968747
Dominican Republic,DOM,2011,26.268,32.152,20.546,20.085,13.956,19.488,10.903,40.532,43.979319665625,6.087,5.0,15258.0858148503,47.7,5.3,74.2440389501301,95.549,93.0006210358063,76.369123073528,93.0053,63.17685,,4.40542306847974,6.9238866790803,1.87925755786153,6.51963,72.91054,58.55,66.09,51.3,38.33,84.17,42.48,33.65,0.45539,69.24,94.94,0.7293,4.41,0.2694,11.62,6.98,1.39931,0.932911932468414,0.912045240402222,0.871725976467133,0.943345427513123,0.666148245334625,0.141769236078034,0.245924898514491,0.165327536661593,0.330651357659577,0.253511023159457,0.337402325213889,0.163066902207355
Dominican Republic,DOM,2012,26.158,31.741,20.735,20.349,14.821,19.798,11.903,41.181,43.1866294693224,6.722,4.133,15487.2776356321,46.1,5.4,74.2398679969568,93.549,93.4557237618524,75.6208102668626,94.91685,63.82419,48.6290038507636,5.48254417092523,6.67823580076213,,7.9353,74.09313,56.21,64.07,48.38,31.45,76.69,33.94,28.21,0.41009,75.52,94.62,0.79814,4.11,0.83198,12.38,7.48,1.3958,0.925531446933746,0.872105181217194,0.845522046089172,0.90972238779068,0.671567469835281,0.142962964710434,0.281564803885072,0.184923327328755,0.382737936830981,0.231181216666448,0.346886111219759,0.14068701678708
Dominican Republic,DOM,2013,26.835,33.235,20.623,20.964,17.392,27.2,11.931,41.04,41.57228015607,7.351,3.715,16054.7677297656,47.7,4.4,74.2251359951216,88.768,94.1747029906818,77.7585281717133,97.37323,65.55798,,5.72176527274455,0.978219519552164,3.62818152019188,13.70653,74.62174,54.75314,63.25988,46.80462,20.10333,82.6703,21.57429,19.15487,0.24317,60.74089,95.22787,0.63785,8.0372,1.85993,30.47317,8.42755,1.72344,0.921311914920807,0.870766699314117,0.813144207000732,0.918790221214294,0.658403217792511,0.131839212096003,0.281120805590143,0.205144585626281,0.367076097163073,0.235309719469289,0.3422944991533,0.141899992822324
Dominican Republic,DOM,2014,25.411,31.623,19.386,19.649,13.343,20.858,9.277,40.869,42.0145419412377,6.719,5.699,16993.587444403,44.3,4.1,74.1931533822153,85.739,95.285724455654,77.5760326827054,95.27411,66.95176,49.3192689674723,7.45064382071886,1.06706917847402,3.62243443144513,13.64495,75.40246,57.43225,66.08379,48.36048,25.08988,88.59181,30.1383,21.09076,0.28321,59.04629,97.487,0.60568,7.49659,1.86538,28.3284,7.2211,1.74509,,,,,,,,,,,,
Dominican Republic,DOM,2015,25.232,31.096,19.551,25.232,16.426,24.275,12.116,44.048,41.8023558515016,7.605,6.12,17973.1870256815,45.2,3.3,74.1372305958285,83.159,99.6948936712084,78.1971023042225,92.52574,67.83227,51.7471143700009,3.94356855291369,1.86872804397961,3.60400277306673,14.26615,75.23339,60.5,69.13,52.85,43.01,85.64,49.29,33.63,0.50222,76.07,84.38,0.90152,1.8,1.62222,15.3,8.7,1.43137,,,,,,,,,,,,
Dominican Republic,DOM,2016,25.374,31.698,19.252,25.374,16.738,25.916,11.713,44.737,40.3159474305724,7.284,4.617,18968.9752386179,45.7,3.0,74.0506780735522,78.64,99.4305035574374,85.1598725754075,92.58356,68.88978,54.498998211862,3.79415425185588,4.09270815005629,3.85049560792469,14.91552,68.77716,63.51,70.67,56.03,40.55,86.55,42.16,37.86,0.46852,78.35,92.23,0.84951,0.97,2.0,7.01,1.91,1.72753,,,,,,,,,,,,
Dominican Republic,DOM,2017,24.336,30.58,18.296,24.336,13.441,19.655,9.921,43.611,41.167137383215,5.832,5.136,19501.8743054078,42.2,1.5,73.926806252977,75.887,96.0952302496087,85.5375906124006,93.1639,70.27235,59.9155940980465,4.76543424807355,7.24970796399368,3.92026752279272,18.7182,67.82833,62.15,71.66,52.9,44.61,81.65,48.32,39.6,0.54636,82.8,94.96,0.87195,3.38,1.46746,8.11,5.08,1.37361,,,,,,,,,,,,
Dominican Republic,DOM,2018,24.5,31.057,18.164,24.5,14.847,23.013,10.254,44.681,40.7196750004788,5.861,3.745,20662.848586153,43.7,1.1,73.7589255716938,72.619,93.7769275037718,89.9546839556287,,70.60614,,5.53057204658959,10.0089133501216,3.92849467476802,15.09618,68.36646,62.76,71.62,54.2,44.21,78.97,46.58,40.3,0.55983,82.41,91.8,0.89771,1.23,2.0,7.33,6.94,1.05321,,,,,,,,,,,,
Dominican Republic,DOM,2019,24.727,30.735,18.928,24.727,15.835,22.983,11.755,45.485,39.1934937252814,6.356,5.449,21451.286441995,41.9,1.0,73.5403464672933,66.982,93.9661654135338,84.1300510720963,,,,3.86338993740577,5.8526119858203,4.04276873126053,,70.45736,,,,,,,,,,,,,,,,,,,,,,,,,,,,
Dominican Republic,DOM,2020,37.702,44.388,31.254,37.702,14.766,20.774,11.552,39.182,40.1302140656107,6.126,5.555,19545.4099552943,39.6,1.3,73.2643793773663,58.852,97.0056636814455,85.7100888168421,,,58.7264105314523,3.73536975849768,7.76608080443054,4.51769850778985,,,,,,,,,,,,,,,,,,,,,,,,,,,,,,
Dominican Republic,DOM,2021,27.333,33.698,21.198,27.333,16.874,25.563,11.507,45.537,40.6228579854727,7.702,8.054,22053.4589869955,38.5,1.3,72.9243347395035,56.058,87.7265195687739,69.7390324076025,,,56.4690832383051,10.2095267173454,16.4414066341655,3.58043271614957,,,,,,,,,,,,,,,,,,,,,,,,,,,,,,
Dominican Republic,DOM,2022,26.61,31.854,21.559,26.61,12.852,17.672,9.93,45.808,39.5146130896028,5.504,5.182,22986.95808105,37.0,1.0,72.4203155643711,53.582,89.488625928161,78.0823507689061,,,55.1665311527454,6.0125808705002,11.2380304336548,3.61088872070271,,,,,,,,,,,,,,,,,,,,,,,,,,,,,,
Dominican Republic,DOM,2023,25.678,30.86,20.69,25.678,11.559,15.076,9.261,47.619,38.3000462029361,5.555,5.674,23282.4895071054,38.4,1.3,72.3577991823338,52.774,91.6880720478921,76.3859578778542,,,58.2428049803824,4.97284320242588,9.8290901184082,3.7606477375256,,,,,,,,,,,,,,,,,,,,,,,,,,,,,,
Dominican Republic,DOM,2024,25.688,30.854,20.717,25.688,12.872,17.569,9.736,47.968,38.1468891397098,5.312,3.475,24229.8894872915,39.0,0.8,72.4121874752151,50.163,89.9788377526112,79.6972418894642,,,57.6509476207267,4.92766046780147,9.80125873561464,,,,,,,,,,,,,,,,,,,,,,,,,,,,,,,
Dominican Republic,DOM,2025,25.773,30.951,20.793,24.686,12.312,16.86,9.251,48.235,37.994084914391,5.092,4.396,24543.3421843415,,,72.517694062591,,,,,,,,,,,,,,,,,,,,,,,,,,,,,,,,,,,,,,,
Ecuador,ECU,2001,,,,18.03,8.551,10.637,7.296,52.125,46.2254292963344,4.252,3.985,9405.11680690106,,,61.0123544006659,90.25,94.1531600952148,55.1672096252441,73.06282,48.55978,,5.18198013305664,29.5820503234863,,,50.98253,42.85,45.99,39.57,25.9,66.09,28.31,23.32,0.39189,42.26,77.8,0.54319,24.29,1.76534,48.27,20.95,1.56598,,,,,,,,,,,,
Ecuador,ECU,2002,,,,,9.507,10.723,8.768,52.427,44.8914566839693,4.825,,9697.55517665978,,,61.2871268050958,90.003,93.4549407958984,55.5788803100586,73.29101,49.94952,,,,,,51.64453,,,,,,,,,,,,,,,,,,,,,,,,,,,,
Ecuador,ECU,2003,,,,21.027,10.849,11.29,10.578,52.728,43.553466726099,5.662,5.554,9802.81408202125,53.5,18.9,61.5418469886978,88.906,92.7619781494141,55.5533905029297,74.0038,49.94144,,,,,,50.71757,48.11,49.02,47.25,23.42,74.35,21.8,25.14,0.315,40.48,82.87,0.48848,26.21,1.7852,47.98,19.87,1.58587,0.827683210372925,0.780832529067993,0.719077944755554,0.853394687175751,0.780446976423264,0.172255836763211,0.240907009572029,0.117046765203332,0.364165087086624,0.179994691927647,0.482514713859902,0.0965835846404218
Ecuador,ECU,2004,,,,18.431,10.204,11.981,9.057,54.024,45.8390658599015,5.002,4.8,10290.6634264766,53.9,19.4,61.7829573274038,87.393,92.4946670532227,56.5190582275391,78.58971,50.72485,,,,,,51.48841,,,,,,,,,,,,,,,,,0.896220326423645,0.823374629020691,0.793390333652496,0.893515288829803,0.822993159294128,0.131293088051438,0.210419777244542,0.094258580368339,0.326605169148146,0.186505816858664,0.486388872865173,0.116685533031621
Ecuador,ECU,2005,17.459,27.368,7.837,17.459,7.864,9.893,6.64,52.474,43.821238031438,3.779,4.483,10660.2046228939,53.1,15.4,62.0068704145716,86.51,96.7199096679688,58.370849609375,77.9007,53.08892,,,,,,53.68795,49.63,50.98,48.32,24.09,82.65,23.13,25.35,0.29147,51.49,84.53,0.60913,18.89,1.82054,44.07,10.56,1.76038,0.892193973064423,0.833638727664948,0.782841145992279,0.90197229385376,0.805849954485893,0.130256966383809,0.212457279998833,0.0835561669747646,0.346111156512113,0.184721102677546,0.494459986358779,0.108361630964843
Ecuador,ECU,2006,17.047,26.862,7.524,17.047,7.926,10.306,6.52,54.333,43.527849257882,3.55,3.949,10933.4897470283,52.3,10.9,62.2099988435587,87.493,96.7192687988281,59.9047698974609,79.10304,54.49689,,,,,,55.52149,51.27,51.78,50.77,24.04,83.26,22.87,25.53,0.28873,48.64,90.34,0.53841,21.37,1.94478,40.95,7.83,1.80879,0.89846658706665,0.850539445877075,0.802988290786743,0.907512962818146,0.8230821788311,0.129782629996031,0.205410736122617,0.0765780194113112,0.337399465948015,0.185775300965025,0.488665354147167,0.120148608765192
Ecuador,ECU,2007,16.368,25.38,7.63,16.368,7.017,7.833,6.511,50.896,43.3251010467954,3.142,4.345,10952.8226853948,53.4,10.9,62.3887552077227,88.859,96.9585266113281,61.7605514526367,,56.01364,,,,,,57.12729,51.7,52.84,50.59,23.57,80.1,23.28,23.88,0.29426,52.17,88.43,0.58996,18.26,1.85433,34.53,10.36,1.69997,0.925507664680481,0.867312490940094,0.86010330915451,0.902951180934906,0.539352744817734,0.121115703239333,0.20132128136224,0.0785588718699096,0.327292778113782,0.199920102352154,0.472983679643104,0.125774936642502
Ecuador,ECU,2008,16.145,24.755,7.802,16.145,9.163,11.393,7.794,50.775,42.7212946625026,3.917,4.502,11474.5257023541,49.8,9.8,62.5395521004212,91.097,,,97.16874,,38.1871795654297,,,,,,55.24,57.91,52.56,31.49,81.24,33.11,29.52,0.38762,59.35,92.4,0.64232,15.74,1.83291,33.06,10.84,1.67211,0.913634836673737,0.830117702484131,0.807828366756439,0.88379830121994,0.518051087856293,0.12292415014875,0.199818953734916,0.0908180951923158,0.31047672357496,0.231170867932376,0.447370164116801,0.121640014215907
Ecuador,ECU,2009,16.498,24.669,8.583,16.498,9.864,12.654,8.147,47.653,44.3727266255032,4.608,6.486,11403.5277978831,48.5,9.3,62.6588021150118,93.461,96.8342666625977,77.193977355957,96.99738,69.16066,,0.621930003166199,16.4997501373291,4.51763010025024,4.38387,75.40751,58.18,61.83,54.81,35.77,83.37,37.19,34.36,0.42905,61.13,89.0,0.68685,11.94,1.701,30.09,7.97,1.73513,0.889922916889191,0.83782434463501,0.807716071605682,0.879923939704895,0.521236598491669,0.122152068857523,0.204938772539039,0.0970186017961627,0.318027976159255,0.2357729057027,0.437165688896558,0.122122632861703
Ecuador,ECU,2010,15.66,23.433,8.133,15.66,9.286,12.226,7.56,44.687,43.9038963484365,4.088,5.143,11665.6978598204,48.8,7.8,62.7405258611644,91.851,101.974669883189,84.7901431106247,95.31474,71.80644,,0.517664302844536,13.9886104485617,4.60028982162476,4.26581,79.66533,57.76,61.73,54.1,35.04,85.25,36.07,33.89,0.41103,68.87,93.69,0.73508,10.83,1.84949,24.84,5.09,1.79509,0.912213265895844,0.874480545520782,0.852315187454224,0.90011727809906,0.510760933160782,0.108579063369405,0.196575701693539,0.0972092914696798,0.305046335811843,0.262966484511141,0.4327981457357,0.107659668059621
Ecuador,ECU,2011,16.433,24.837,8.296,16.433,8.899,11.749,7.324,41.745,45.8688301301088,3.458,4.282,12449.0785549218,45.9,6.4,62.7949053547691,92.354,105.231643370424,82.3072789351928,96.82915,72.8084,,0.711394064703969,14.4975598017762,4.74424982070923,4.5863,85.05567,64.76,68.1,61.64,39.28,88.13,42.61,35.73,0.44571,73.55,94.98,0.77437,9.02,1.87583,25.66,7.67,1.70109,0.913935124874115,0.876659691333771,0.844202756881714,0.907815158367157,0.497338771820068,0.119445169255297,0.210567012973588,0.0918286771762591,0.334433057627806,0.273507348253821,0.40170362330077,0.114222015471822
Ecuador,ECU,2012,16.554,24.291,9.065,16.554,8.538,10.748,7.301,43.004,45.6248513660559,3.235,4.32,12961.0267423765,46.1,6.0,62.8408732819135,90.046,105.295964770716,83.2913355925222,99.13611,76.17987,39.2524690384971,1.87300337188493,9.74502218489391,4.65310001373291,4.45934,88.78972,66.47,68.82,64.44,43.04,89.79,42.65,43.44,0.47934,75.24,93.15,0.80773,8.76,1.93493,19.84,4.36,1.78024,0.919156193733215,0.890561163425446,0.847123563289642,0.89854222536087,0.517772912979126,0.107601450281153,0.217460383709094,0.123920648998047,0.318818086280822,0.262040162051693,0.415675890955368,0.104823563283846
Ecuador,ECU,2013,17.357,25.716,9.269,17.357,8.332,10.932,6.829,41.1,44.9686893230082,3.083,3.834,13689.1520460125,46.9,4.5,62.8837286624122,83.498,104.186845226329,89.9571646147988,99.95213,80.13801,39.7734405802353,1.97253773854759,3.5775762928857,4.92997980117798,5.08401,91.17012,65.46,67.33,63.75,40.21,89.13,40.32,40.04,0.45114,80.99,95.78,0.84558,7.04,1.92188,19.14,5.81,1.69645,0.936624646186829,0.879562854766846,0.843527555465698,0.915884971618652,0.491618037223816,0.120069752598162,0.228633530523255,0.111748784337249,0.354302539643522,0.261535100931138,0.427258062359057,0.0825733061865499
Ecuador,ECU,2014,20.234,29.987,10.802,20.234,9.031,11.869,7.519,40.134,42.7447296073432,3.48,3.858,14064.7992246727,45.0,4.0,62.9232432195799,80.423,105.808300792553,96.2611345153433,95.7005,83.36107,,1.1351214735924,0.641915487177687,5.21019983291626,4.94326,94.17787,64.47,65.7,63.25,45.52,85.01,46.88,43.56,0.53547,79.25,95.51,0.82976,6.1,1.81639,22.92,7.98,1.65183,0.948767483234406,0.892639338970184,0.860030889511108,0.926629424095154,,0.14055388302027,0.249109846864306,0.111789841872042,0.385238286530863,0.210595148798129,0.456900099867031,0.083394904470533
Ecuador,ECU,2015,19.811,29.394,10.546,19.811,8.824,11.535,7.21,42.765,44.8841060781396,3.616,4.558,13881.5700738105,46.0,4.8,62.959188676731,79.356,99.2807515708072,98.0697369243267,98.63667,84.72536,44.5371492743653,2.63607392856799,2.81938534376202,5.10570001602173,5.07928,95.85175,67.11,68.17,66.0,45.34,84.9,45.55,45.07,0.53404,82.37,95.55,0.86206,5.76,1.97917,18.48,7.19,1.61093,0.935471415519714,0.871964156627655,0.842733502388,0.906028807163239,0.524393141269684,,,,,,,
Ecuador,ECU,2016,18.44,26.858,10.303,18.44,10.349,14.077,8.001,44.796,48.6177906465896,4.597,5.853,13586.5160772568,45.0,5.0,62.9913367571804,74.617,96.7253615891476,96.1001178510388,99.00281,85.92267,,2.71477527188863,6.02312151655029,4.46397668804552,5.2853,98.78861,68.52,67.96,69.04,53.44,89.76,48.92,58.22,0.59537,84.79,96.22,0.88121,5.01,1.92415,16.86,4.55,1.73013,0.927898347377777,0.866210460662842,0.843752205371857,0.894369125366211,0.600160002708435,,,,,,,
Ecuador,ECU,2017,17.56,26.097,9.308,17.56,8.465,11.424,6.614,45.226,49.6750648985681,3.836,5.707,14179.1537503305,44.7,4.3,63.0194591842425,73.879,98.9387232519122,92.1966161914206,99.59274,85.3386,,2.4621413684255,9.78918641782428,4.60667733499397,,99.07096,69.66,71.59,67.67,52.29,90.88,52.06,52.6,0.57537,83.02,98.71,0.84105,6.9,1.84783,22.05,5.95,1.73016,0.942944049835205,0.882516145706177,0.857631981372833,0.913415610790253,0.598321735858917,,,,,,,
Ecuador,ECU,2018,17.67,25.859,9.752,17.67,7.956,10.417,6.447,43.978,50.2721553528032,3.53,5.084,14083.5069982304,45.4,4.7,63.0433276812321,72.494,98.3765226751647,90.4998779756614,,84.67039,47.3311832253279,1.49970973445513,10.5295485279354,4.6250260585881,,97.55669,72.3,74.11,70.63,56.04,90.65,56.96,55.05,0.6182,84.18,98.05,0.85854,7.08,1.73023,19.5,6.68,1.65744,0.943279981613159,0.904326498508453,0.8836629986763,0.922164738178253,,,,,,,,
Ecuador,ECU,2019,17.516,25.464,9.829,17.516,8.733,11.707,6.863,43.935,51.7228762159523,3.812,5.14,13870.4895118068,45.7,4.6,63.0627139714638,67.976,95.7716032468046,89.8443101505685,,,47.2627814012203,1.63090571306541,9.56930030586344,4.24576997756958,,,,,,,,,,,,,,,,,,,0.940591394901276,0.903926134109497,0.879733681678772,0.923877239227295,,,,,,,,
Ecuador,ECU,2020,19.462,26.964,12.209,,11.068,14.979,8.688,39.718,52.0343211366706,6.116,,12440.3263747814,47.3,8.4,63.0773897782521,62.63,95.3761817748471,96.2876383808532,,,56.9066311483682,1.3624274182174,6.90658976815016,4.26103019714355,,,,,,,,,,,,,,,,,,,0.990444958209991,0.897988080978394,0.862747132778168,0.928414881229401,,,,,,,,
Ecuador,ECU,2021,18.497,26.818,10.458,18.497,9.136,12.773,6.948,45.958,52.1511278170763,4.504,6.212,13507.4445638375,45.8,5.3,63.0871268249117,58.609,93.9406845877367,99.1940668695973,,,,1.63506805792928,4.77396754186521,3.65649008750915,,,,,,,,,,,,,,,,,,,0.988714218139648,0.913227796554565,0.8731929063797,0.943385422229767,,,,,,,,
Ecuador,ECU,2022,17.99,25.87,10.383,17.99,8.298,10.876,6.642,45.845,50.972290649321,3.713,5.085,14186.6388544625,45.5,4.4,63.0901835932266,56.981,99.4666279134484,93.6172231523339,,,59.879782344866,1.67517768333642,2.7456991472381,3.61301994323731,,,,,,,,,,,,,,,,,,,,,,,,,,,,,,
Ecuador,ECU,2023,18.634,26.274,11.264,18.634,7.782,10.36,6.162,43.352,48.6267465931014,3.51,5.426,14321.1648295611,44.6,4.7,63.1307729554263,55.531,100.199679503356,90.4658984701658,,,67.8851161961618,4.72380630473681,13.6210153689061,3.81964993476868,,,,,,,,,,,,,,,,,,,,,,,,,,,,,,
Ecuador,ECU,2024,18.951,27.359,10.845,18.951,8.574,11.322,6.849,44.683,50.1616765821744,3.453,5.816,13922.4222780744,45.2,7.3,63.2376932397602,54.309,,,,,,,,3.69074988365173,,,,,,,,,,,,,,,,,,,,,,,,,,,,,,
Ecuador,ECU,2025,18.948,27.375,10.828,17.719,8.16,10.683,6.574,44.719,50.1184585015072,3.308,5.687,14319.2406558299,45.9,3.4,63.3918189058262,,,,,,,,,,,,,,,,,,,,,,,,,,,,,,,,,,,,,,,
El Salvador,SLV,2001,,,,,12.135,11.059,12.722,46.91,38.7887876437926,6.96,,7580.32338410159,51.3,19.4,57.4526760394716,99.147,85.4732894897461,61.3131904602051,95.8275,49.39867,18.9663391113281,9.40816020965576,16.9177494049072,,,42.75,42.39,42.55,42.23,12.84,76.11,14.6,10.66,0.1687,27.28,83.41,0.32706,34.88,1.78354,55.01,20.94,1.61934,0.933094382286072,0.88003534078598,0.927338123321533,0.909248411655426,0.750727310776711,,,,,,,
El Salvador,SLV,2002,,,,,10.777,7.41,12.624,45.663,39.2920381041332,6.2,,7675.67106195114,51.9,19.5,58.3486233966841,92.223,85.656867980957,66.1135177612305,97.18036,53.2061,19.7187805175781,6.47303009033203,12.1454696655273,3.242840051651,10.81307,44.65539,42.87,41.73,44.07,15.79,78.87,15.02,16.79,0.2002,32.85,84.78,0.38747,31.74,1.82042,53.34,16.42,1.69216,0.940498411655426,0.877836108207703,0.933678090572357,0.909289538860321,0.734341531991959,,,,,,,
El Salvador,SLV,2003,,,,,11.901,7.416,14.411,48.701,37.5642014340618,6.9,,7780.27177685599,50.4,20.9,59.2468576589718,87.169,86.3718490600586,70.5404815673828,,,20.5764999389648,5.08526992797852,,3.13467001914978,10.10743,47.35953,38.72,38.38,39.1,12.08,66.64,13.34,10.49,0.18127,28.58,86.37,0.3309,30.75,1.7122,57.65,21.82,1.62151,0.900424063205719,0.861252546310425,0.923232078552246,0.865401804447174,0.732313543558121,,,,,,,
El Salvador,SLV,2004,,,,,11.834,8.204,13.81,46.878,36.8247979600149,6.8,,7841.53237886842,47.8,16.3,60.1425374326239,84.379,,,,,21.6425590515137,,,,,52.5653,41.72,41.15,42.37,13.26,73.01,12.36,14.22,0.18162,29.65,83.84,0.35365,26.43,1.7518,51.05,16.13,1.68404,0.935314953327179,0.902210831642151,0.925392329692841,0.922106146812439,0.756718724966049,0.206747699445299,0.327425896602495,0.166148693589495,0.471577308143542,0.130009445231547,0.480762285746034,0.0618023724199239
El Salvador,SLV,2005,27.831,40.396,14.496,,12.671,10.313,13.967,47.362,38.7306991213477,7.22,,8050.5345128919,48.5,16.4,61.0308213239291,82.503,90.0548782348633,73.3927383422852,95.23519,57.372,22.4542694091797,,4.1788501739502,3.17785000801086,10.67232,51.22919,43.35,43.63,43.02,13.49,78.43,13.89,13.02,0.172,32.72,85.53,0.38256,29.02,1.81668,53.78,14.01,1.73949,0.874638557434082,0.82882022857666,0.866522133350372,0.852699458599091,0.759501174092293,0.200458812416308,0.33026263006948,0.165198908621404,0.4759378552482,0.148871291708245,0.467032410123756,0.0538336680985195
El Salvador,SLV,2006,27.276,39.768,14.086,,11.572,8.409,13.32,47.87,36.5260765952962,6.57,,8404.24674903143,45.7,12.6,61.9068679391763,80.687,89.0780334472656,71.4107131958008,95.00958,56.26755,23.2541999816894,,10.0803699493408,3.49298000335693,9.24382,50.95495,44.93,46.06,43.56,13.79,76.48,11.4,16.45,0.18031,33.87,83.15,0.40734,31.15,1.89823,58.62,12.35,1.78932,0.938247323036194,0.907309353351593,0.923818588256836,0.927963316440582,0.765813872218132,0.209633589562813,0.321319389277058,0.165711555307796,0.451710460286785,0.141254006544082,0.484411693372119,0.0530149108067404
El Salvador,SLV,2007,27.223,40.13,13.743,,11.372,8.177,12.981,47.1,37.1484872463127,6.41,,8548.83476118605,45.2,9.2,62.7676878093683,79.6,92.4764785766602,71.126106262207,95.18307,56.40539,24.743709564209,,8.9798698425293,3.60984992980957,11.08977,50.28468,31.30192,32.47044,29.97766,,,,,,,,,,,,,,0.945380032062531,0.901363670825958,0.936186909675598,0.928693890571594,0.748957693576813,0.193287207419402,0.297871432618691,0.13533659530349,0.441509215589827,0.163066147381787,0.471351722207621,0.0677106977919015
El Salvador,SLV,2008,27.511,40.738,13.903,,10.867,8.907,11.862,45.971,37.4422270229547,5.88,,8704.80584632591,46.9,12.6,63.6372503452723,76.57,93.0571594238281,70.69091796875,97.28871,57.25487,25.5441799163818,,9.11643028259277,4.45810985565185,11.17529,47.6838,,,,,,,,,,,,,,,,,0.939639329910278,0.900303184986115,0.926522731781006,0.923228621482849,0.740076959133148,0.189881859756098,0.282748627636749,0.12951706219619,0.421651294916255,0.155836375289102,0.487459092274206,0.073955904799943
El Salvador,SLV,2009,28.93,42.088,15.583,28.93,13.87,12.967,14.333,44.798,37.9118651741787,7.33,,8494.49847423621,45.8,12.4,64.5299047495248,74.71,95.9860534667969,71.1957397460938,98.31111,58.78916,25.9216804504394,,8.86332035064697,4.65950012207031,14.84428,47.30549,47.11,48.44,45.58,17.82,79.95,19.06,16.46,0.22289,36.36,90.22,0.40301,25.74,1.838,49.53,10.47,1.78861,0.940040349960327,0.849126696586609,0.891349196434021,0.911729335784912,0.780161544680595,0.188434610036791,0.310387834230103,0.163162667184818,0.44136993168781,0.16249029918902,0.464012087706004,0.0631097788748736
El Salvador,SLV,2010,27.214,40.63,13.778,27.214,10.156,12.016,9.188,43.583,37.6719454250784,4.893,6.921,8648.92982717672,43.5,11.4,65.4327927543162,72.868,98.1733422129198,75.7649287264784,96.3211,61.23691,26.3151708858206,,,4.04807996749878,13.05389,46.96418,49.2,50.99,47.27,20.87,79.92,20.13,21.71,0.26114,43.59,89.9,0.48487,21.69,1.716,51.18,17.1,1.66589,,,,,,0.188188905511584,0.305782419710724,0.145313721310311,0.452186462367592,0.165747664171284,0.463983503647268,0.0644864124707238
El Salvador,SLV,2011,25.91,39.045,12.903,25.91,8.541,9.387,8.111,43.469,37.9353765092752,4.297,6.505,8945.93132970006,42.3,10.1,66.334413642034,71.791,99.2405633341521,78.2841786297012,95.82026,63.49826,27.32486420544,,,3.89854001998901,,49.17848,,,,,,,,,,,,,,,,,,,,,,0.174735655672596,0.300945093471417,0.145901992523669,0.453013100935455,0.168104392752938,0.470261846824509,0.0606886669511365
El Salvador,SLV,2012,26.025,39.942,12.379,26.025,8.435,9.188,8.044,44.012,37.5444353072407,3.843,6.006,9162.56212613508,41.8,8.5,67.2232666950659,71.399,97.4296095090554,80.0695129976966,93.7283,65.32173,28.0979076272602,,,3.7124400138855,11.63169,51.29284,51.97,53.11,50.8,23.66,82.41,24.31,22.88,0.2871,44.22,89.89,0.49193,21.89,1.8159,47.7,12.37,1.74067,0.943256855010986,0.872731685638428,0.904968976974487,0.919443666934967,0.801741495728493,0.161263596405125,0.305110317585001,0.147330301258929,0.460602041275123,0.164500510225023,0.463749962847692,0.0666392093422839
El Salvador,SLV,2013,25.352,38.189,12.865,25.352,8.512,10.266,7.588,43.436,37.6423762611436,3.693,5.189,9329.46202222861,43.4,7.1,68.0878511957995,70.592,95.628810729869,77.6883309730376,93.1424,67.03843,28.2731299038736,,,3.80149006843567,11.50642,57.64797,53.01,54.83,51.07,27.66,83.96,29.83,25.22,0.32944,49.81,91.12,0.54664,21.91,1.9078,48.28,13.26,1.72535,,,,,,0.176683795421043,0.287470119275183,0.140253337399864,0.429958023019634,0.184440967247836,0.465733328379016,0.0623555850979647
El Salvador,SLV,2014,28.504,40.991,16.43,28.504,9.597,9.126,9.835,42.672,35.3900603003827,4.154,5.466,9451.744607867,41.6,7.0,68.9166664266223,69.863,94.686275682627,76.2433150467515,93.43319,66.52072,27.5441027812368,6.38912066597844,,3.82416009902954,11.86216,57.90075,54.36,56.7,51.71,27.14,83.94,27.62,26.49,0.32333,50.66,93.26,0.54321,21.0,1.79476,50.6,12.29,1.75711,0.935522556304932,0.853408455848694,0.902462661266327,0.896029233932495,0.77281054854393,0.186860646239439,0.323757840095181,0.17358070376665,0.45949627312742,0.171516241947921,0.444368777938827,0.0603571400180716
El Salvador,SLV,2015,28.541,41.811,15.763,28.541,8.661,9.908,8.04,41.968,36.0008841199992,3.998,5.507,9646.15432339854,40.6,5.3,69.6982116699219,69.315,93.2771649439764,77.2894930972705,92.59129,65.16322,27.3929262374809,7.31663982808265,13.2620560855906,3.90987992286682,13.09878,57.24959,55.51,56.56,54.37,28.4,83.07,27.99,28.91,0.34188,50.68,91.84,0.55183,21.36,1.79401,49.1,15.36,1.68717,0.939813077449799,0.869226634502411,0.898989498615265,0.915826797485352,0.768227770924568,,,,,,,
El Salvador,SLV,2016,28.224,41.207,15.757,28.224,9.499,9.941,9.275,42.679,35.9847365975662,4.418,6.158,9863.76121214453,40.0,5.8,70.3990173339844,65.059,92.5461205681988,73.6349928958738,92.08977,63.97324,27.1794802471695,8.22636745457395,17.3918408461345,3.82523989677429,15.0163,57.16903,56.49,57.28,55.58,23.75,85.05,24.25,23.18,0.27925,50.14,92.06,0.54464,20.85,1.85659,49.6,12.14,1.75524,0.936797559261322,0.864017903804779,0.899218916893005,0.902655482292175,0.768639877438545,,,,,,,
El Salvador,SLV,2017,28.398,42.05,15.313,28.398,9.747,12.109,8.559,43.113,36.3573999140128,4.385,5.614,10064.7934942601,38.0,4.6,71.0856704711914,61.093,91.9080936191349,72.2950732840485,95.17199,60.18056,27.6409104549006,12.3320904754004,21.1649037838752,3.7252299785614,15.53204,56.13736,57.25,56.33,58.22,26.88,83.2,25.02,28.93,0.32308,50.1,92.12,0.54386,20.97,1.83977,45.99,12.47,1.72885,0.93916928768158,0.856549203395844,0.87606805562973,0.91266256570816,0.758902102708817,,,,,,,
El Salvador,SLV,2018,27.149,40.01,14.845,27.149,9.278,11.485,8.121,42.712,34.309632917246,4.006,4.9,10297.203612692,38.6,4.1,71.7577209472656,57.857,89.6814972187205,73.5405604247969,,61.83092,28.194336537252,11.6173517989302,18.822037933058,3.60575008392334,15.0804,57.02968,59.24,60.23,58.12,30.08,86.41,31.73,28.04,0.34811,61.13,90.61,0.67465,21.9,1.88265,41.52,15.54,1.62572,0.936666488647461,0.863441169261932,0.883928656578064,0.915181577205658,,,,,,,,
El Salvador,SLV,2019,27.94,41.097,15.381,27.94,9.6,12.796,7.98,43.935,34.6109339052804,4.17,5.996,10543.9383291317,38.8,3.0,72.4148941040039,57.724,,,,,28.5178063545936,14.3640672908615,21.6542956570716,3.38710999488831,,,,,,,,,,,,,,,,,,,0.939952194690704,0.857228994369507,0.870537877082825,0.915603578090668,,,,,,,,
El Salvador,SLV,2020,25.169,36.114,14.746,25.169,11.084,14.79,9.232,40.816,34.9186374995032,5.008,6.577,9692.44931605799,,,73.0570220947266,56.865,82.4190963046398,71.9986102666551,,,30.9986370324013,14.7803448727515,21.9231210286598,3.66088008880615,,,,,,,,,,,,,,,,,,,,,,,,,,,,,,
El Salvador,SLV,2021,26.152,38.452,14.464,26.152,9.804,14.053,7.667,43.275,33.112479940051,4.327,5.254,10809.713399518,39.0,5.1,73.6838531494141,56.143,83.7617194410048,73.4803772979334,,,30.3043325211094,15.7143914717205,22.5530273132632,3.57766008377075,,,,,,,,,,,,,,,,,,,,,,,,,,,,,,
El Salvador,SLV,2022,23.462,34.821,12.692,23.462,7.48,11.121,5.585,43.674,32.0681011931043,2.999,3.846,11085.6166169553,38.8,5.2,74.1465021298679,54.881,79.718625498008,69.0906162189251,,,31.4538910186841,15.6107219459447,22.474223160722,3.26848006248474,,,,,,,,,,,,,,,,,,,,,,,,,,,,,,
El Salvador,SLV,2023,21.518,31.732,11.854,21.518,7.031,9.711,5.542,42.634,31.5097717413482,2.992,3.841,11404.3342262685,39.8,4.6,74.6080675149903,54.23,80.8345580048987,68.4327192438933,,,32.3802636612661,14.321016042142,22.3276804204188,3.18734002113342,,,,,,,,,,,,,,,,,,,,,,,,,,,,,,
El Salvador,SLV,2024,21.657,31.952,11.932,20.536,7.507,10.327,5.928,42.731,31.1743630629028,3.261,3.598,11647.0234480127,,,75.0674905102199,53.452,82.6281692393825,72.6756874727193,,,32.8347079463918,8.66362597172731,45.5246486933205,3.31666994094849,,,,,,,,,,,,,,,,,,,,,,,,,,,,,,
El Salvador,SLV,2025,21.795,32.167,12.009,,7.809,10.342,6.394,42.744,30.8230989807564,3.303,,12050.028265702,,,75.5237123209951,,,,,,,,,,,,,,,,,,,,,,,,,,,,,,,,,,,,,,,
Grenada,GRD,2001,,,,,,,,,,,,11333.2377092409,,,35.9199973947796,53.556,,,,,,,,,,,,,,,,,,,,,,,,,,,,,,,,,,,,,,
Grenada,GRD,2002,,,,,,,,,,,,11677.7034172407,,,35.9199179937357,52.839,92.6287078857422,94.2192230224609,,88.54521,,2.3825900554657,5.75692987442017,,,101.07767,,,,,,,,,,,,,,,,,,,,,,,,,,,,
Grenada,GRD,2003,,,,,,,,,,,,12726.5266219464,,,35.9194385233611,52.019,102.17212677002,93.4339599609375,,82.07647,,,18.468240737915,3.92673993110657,9.79725,105.02033,,,,,,,,,,,,,,,,,,,,,,,,,,,,
Grenada,GRD,2004,,,,,,,,,,,,12593.3546257337,,,35.9181958391436,51.109,,,,89.13555,,2.13651990890503,6.23007011413574,,,97.42321,,,,,,,,,,,,,,,,,,,,,,,,,,,,
Grenada,GRD,2005,,,,,,,,,,,,14211.8426569264,,,35.9158260786725,50.249,105.454551696777,82.3576583862305,,86.42776,,6.60389995574951,8.30897998809814,,,99.40311,,,,,,,,,,,,,,,,,,,,,,,,,,,,
Grenada,GRD,2006,,,,,,,,,,,,13594.355159621,,,35.9119653795374,49.339,,,,,,,,,,,,,,,,,,,,,,,,,,,,,,,,,,,,,,
Grenada,GRD,2007,,,,,,,,,,,,14376.2824512778,,,35.9062498793276,48.585,103.99015045166,81.4119720458984,,,,1.91572999954224,,,,,,,,,,,,,,,,,,,,,,,,,,,,,,,,
Grenada,GRD,2008,,,,,,,,,,,,14463.560012123,,,35.8983157156326,47.759,118.610549926758,88.6534805297852,87.67007,,,1.57893002033234,,,,,,,,,,,,,,,,,,,,,,,,,,,,,,,,
Grenada,GRD,2009,,,,,,,,,,,,13463.580293958,,,35.8877990260417,46.762,130.103622436523,109.032577514648,,,56.8550796508789,,,,,87.73881,,,,,,,,,,,,,,,,,,,,,,,,,,,,
Grenada,GRD,2010,,,,,,,,,,,,13354.9085012616,,,35.8743359481443,45.458,119.356536865234,,,,,,,5.07508233496978,,96.01378,,,,,,,,,,,,,,,,,,,,,,,,,,,,
Grenada,GRD,2011,,,,,,,,,,,,13397.8500405513,,,35.8601091092326,44.229,,,,,,,,5.48532342071091,,,,,,,,,,,,,,,,,,,,,,,,,,,,,,
Grenada,GRD,2012,,,,,,,,,,,,13161.3955324377,,,35.8652755773132,42.821,,,,,,,,5.07225880686028,,,,,,,,,,,,,,,,,,,,,,,,,,,,,,
Grenada,GRD,2013,,,,,,,,,,,,13386.3189064112,,,35.8792242623778,41.09,107.482993197279,105.133689839572,97.51025,88.37907,,,5.92000007629395,,,105.14316,,,,,,,,,,,,,,,,,,,,,,,,,,,,
Grenada,GRD,2014,,,,,,,,,,,,14287.9538720088,,,35.9014624346562,37.647,,99.5719604492188,,91.55919,,4.5355466130114,3.65126991271973,4.47756594772942,,104.16213,,,,,,,,,,,,,,,,,,,,,,,,,,,,
Grenada,GRD,2015,,,,,,,,,,,,15136.6966673773,,,35.9319491111708,35.822,,87.2272491455078,,95.53421,96.7931289672852,,0.554920017719269,4.23861035989182,,108.28169,,,,,,,,,,,,,,,,,,,,,,,,,,,,
Grenada,GRD,2016,,,,,,,,,,,,15640.8274503805,,,35.9706014181883,33.887,100.893388921977,101.053939819336,87.526,,96.7951431274414,0.0865800008177757,,,,108.272,,,,,,,,,,,,,,,,,,,,,,,,,,,,
Grenada,GRD,2017,,,,,,,,,,,,16291.4894625979,,,36.0173296416579,28.958,,,97.70955,87.72998,98.6993408203125,,,3.17379999160767,10.89262,110.46619,,,,,,,,,,,,,,,,,,,,,,,,,,,,
Grenada,GRD,2018,,,,26.434,,,,,,,11.233,16964.852001696,43.8,0.8,36.0720421424532,31.136,116.048667439166,94.5048309178744,,,99.9891967773438,0.121501026220073,,3.55919341882594,,114.64761,,,,,,,,,,,,,,,,,,,,,,,,,,,,
Grenada,GRD,2019,,,,23.131,,,,,,,7.558,17036.9151689715,,,36.1346465679904,31.587,,,,,,,,,,,,,,,,,,,,,,,,,,,,,,,,,,,,,,
Grenada,GRD,2020,,,,28.138,,,,,,,10.744,14647.7451384876,,,36.2050502515788,30.369,,,,,,,,,,,,,,,,,,,,,,,,,,,,,,,,,,,,,,
Grenada,GRD,2021,,,,26.734,,,,,,,9.085,15290.250903138,,,36.2831603706908,29.652,95.7410562180579,99.5356935577481,,,,2.84754304913902,3.69551457281438,4.09030334217367,,,,,,,,,,,,,,,,,,,,,,,,,,,,,,
Grenada,GRD,2022,,,,,,,,,,,,16376.4273099594,,,36.3688840183487,29.357,,,,,,,,4.03767284869161,,,,,,,,,,,,,,,,,,,,,,,,,,,,,,
Grenada,GRD,2023,,,,20.092,,,,,,,4.246,17093.1562867447,,,36.462128238584,29.088,,,,,,,,5.12544845968893,,,,,,,,,,,,,,,,,,,,,,,,,,,,,,
Grenada,GRD,2024,,,,,,,,,,,,17484.5153919556,,,36.5628000454229,28.617,97.4727168294084,89.4646924829157,,,,4.94078894748629,,,,,,,,,,,,,,,,,,,,,,,,,,,,,,,,
Grenada,GRD,2025,,,,,,,,,,,,18240.9934237926,,,36.6708064336827,,,,,,,,,,,,,,,,,,,,,,,,,,,,,,,,,,,,,,,
Guatemala,GTM,2001,,,,,3.438,4.724,2.78,61.763,39.1516274162191,2.251,,8771.15927218783,,,44.678095600504,110.035,56.2145614624023,33.0520782470703,95.94675,27.54215,,16.1009101867676,39.6540184020996,,5.43449,21.40893,,,,,,,,,,,,,,,,,,,,,,,,,,,,
Guatemala,GTM,2002,,,,24.508,3.442,4.731,2.78,61.669,38.9936482425336,2.254,3.24,8901.54046462168,,,45.7754731938848,106.861,59.9844703674316,36.2002410888672,,28.33468,9.50201988220215,12.7253503799438,39.1635818481445,,4.13167,23.55797,,,,,,,,,,,,,,,,,0.974126517772675,0.961600661277771,0.967608273029327,0.971492826938629,0.773258790373802,,,,,,,
Guatemala,GTM,2003,,,,22.899,4.425,5.176,4.022,62.947,38.850140899419,2.807,3.357,8926.15771786373,,,46.5865389722105,103.297,,,,,,,,,,,,,,,,,,,,,,,,,,,0.983790576457977,0.934886276721954,0.968938708305359,0.966609537601471,0.7779151648283,,,,,,,
Guatemala,GTM,2004,,,,29.529,5.351,7.3,4.49,55.111,38.698606732558,2.971,4.976,9003.86136388797,,,47.326819486636,99.423,66.9883422851562,38.5253105163574,92.75099,,,8.04778957366943,,,4.38736,26.53398,,,,,,,,,,,,,,,,,0.972462832927704,0.942575395107269,0.954921841621399,0.965247094631195,0.798153176903725,,,,,,,
Guatemala,GTM,2005,24.446,43.655,5.648,,5.353,7.202,4.527,54.433,38.5712908868235,3.059,,9099.7275067528,,,48.0557951573834,96.673,71.067497253418,40.2904281616211,92.75072,,,6.64855003356934,,,4.47158,28.61934,,,,,,,,,,,,,,,,,,,,,,,,,,,,
Guatemala,GTM,2006,24.531,43.708,5.779,24.531,5.161,6.857,4.397,53.753,38.393398033722,2.96,1.244,9386.00549814138,54.5,10.5,48.7676356188334,94.264,73.7841186523438,44.414981842041,93.27881,,,5.27443981170654,,3.03285002708435,4.99263,30.06558,24.82,23.38,26.71,3.17,57.0,3.7,2.37,0.05561,7.49,66.14,0.11324,42.84,1.70168,68.61,20.84,1.69625,0.985822856426239,0.960373222827911,0.959454417228699,0.976840794086456,0.780433982610703,0.193654134020815,0.284705599216465,0.0504179484789161,0.469659904737893,0.065360622014999,0.547974407150522,0.101959371618014
Guatemala,GTM,2007,25.24,44.062,6.844,,4.961,6.51,4.254,53.071,38.1479655415626,2.847,,9772.80992048501,,,49.4565105053665,94.584,74.1445617675781,46.7424812316895,92.87041,,17.2977504730225,4.2272801399231,,3.08809995651245,6.07245,30.86176,,,,,,,,,,,,,,,,,,,,,,,,,,,,
Guatemala,GTM,2008,26.098,44.528,8.088,,4.937,6.383,4.269,52.388,37.8990612845959,2.898,,9889.57668418909,,,50.1165894513633,94.013,77.0763702392578,49.1280784606934,98.74651,36.74233,,3.99958992004394,29.0129299163818,3.23686003684998,6.33345,30.62029,,,,,,,,,,,,,,,,,,,,,,,,,,,,
Guatemala,GTM,2009,27.075,45.042,9.513,,5.16,6.552,4.508,51.705,37.7863951627952,3.22,,9740.71387674159,,,50.7420420912045,93.596,82.6094512939453,51.983528137207,95.97794,38.34263,15.0972604751587,,24.3599700927734,,,31.03956,,,,,,,,,,,,,,,,,,,,,,,,,,,,
Guatemala,GTM,2010,27.862,45.366,10.742,27.862,5.296,6.615,4.67,51.021,37.6480649165183,3.497,2.415,9825.022234198,,,51.3270380592706,93.44,83.734069217769,55.2939770554493,89.82081,41.79092,15.752311204905,,19.3011504540285,2.84864997863769,5.61372,35.09646,,,,,,,,,,,,,,,,,0.963446140289307,0.91274505853653,0.930834650993347,0.946148991584778,,,,,,,,
Guatemala,GTM,2011,25.111,42.888,7.712,25.111,4.991,6.462,4.269,53.261,34.3121350585065,3.169,,10032.0932829709,,,51.8657469899423,94.826,86.4136955200112,58.7807239976042,85.6142,42.21131,16.4344375204985,2.4260901821598,23.0466097562322,2.96865010261536,4.91508,36.41277,24.51,24.08,24.97,1.9,51.41,,,0.03696,12.0,76.5,0.15686,,,,,,0.962164282798767,0.951566338539124,0.914871096611023,0.968681275844574,0.786045804619789,,,,,,,
Guatemala,GTM,2012,22.909,40.019,6.154,22.909,4.618,6.394,3.727,57.923,38.1209424194401,2.765,5.533,10126.8330566224,,,52.3523385176,95.398,86.1051592331194,58.5791162594008,92.45543,42.66609,16.8753678874298,5.15038291795052,27.0006647587817,3.00524997711182,5.17897,37.66825,,,,,,,,,,,,,,,,,,,,,,,,,,,,
Guatemala,GTM,2013,27.654,45.772,9.907,27.654,5.512,5.8,5.377,49.841,37.9642635784105,3.017,2.082,10297.8392994827,,,52.7809822766245,88.548,86.4634339383706,56.8458060177262,85.23767,42.87372,19.5737030720879,7.42013100318753,26.7598445714779,2.88808989524841,5.46869,37.2773,,,,,,,,,,,,,,,,,0.986152708530426,0.914315044879913,0.935511648654938,0.954001307487488,,,,,,,,
Guatemala,GTM,2014,26.901,45.898,8.289,26.901,5.691,8.228,4.535,51.604,37.7668690948347,2.717,1.718,10553.563988977,48.3,8.0,53.1458479013964,87.065,86.6443436833967,58.8258341349531,84.28493,43.12295,18.255292159465,9.53211135371939,26.4638101779226,2.98563003540039,5.55752,36.79299,33.96,34.08,33.82,10.66,68.15,9.09,12.92,0.15642,24.81,79.83,0.31079,36.19,1.76651,65.07,25.93,1.60151,0.975366771221161,0.899353742599487,0.912964344024658,0.945367336273193,,0.229438107043668,0.317389192543169,0.0768330742055867,0.536266696044223,0.0762491799178112,0.538642380553715,0.0677192469853051
Guatemala,GTM,2015,26.664,47.01,6.728,26.664,5.581,9.683,3.829,52.233,36.9315606033131,2.506,1.252,10785.9583125957,,,53.4411050262961,85.762,85.5154368345798,62.7040039460422,89.46872,44.13192,21.9573684260954,10.19061835862,26.6308432816597,3.03032994270325,5.06996,36.62618,34.50681,32.93914,36.38529,4.67887,74.16196,3.02938,7.00238,0.06309,14.80672,85.31792,0.17355,43.79456,1.88711,74.19987,15.9957,1.78442,0.990777730941772,0.910398960113525,0.899074912071228,0.962818264961243,,,,,,,,
Guatemala,GTM,2016,27.42,46.719,8.507,27.42,5.582,8.084,4.428,52.515,34.5644509123271,2.583,2.062,10872.5938902469,,,53.6609232857043,85.004,81.5293180244785,63.8740623483649,89.67384,43.92075,,11.3652133297106,29.5153490051587,2.94474005699158,5.12475,36.60531,,,,,,,,,,,,,,,,,0.991010069847107,0.950837552547455,0.950449228286743,0.976336240768433,,,,,,,,
Guatemala,GTM,2017,27.263,47.695,7.234,27.263,4.939,7.927,3.71,52.472,37.6556506995395,2.462,2.91,11005.4592851719,,,53.7994723140017,83.905,81.5305646046828,58.330862305587,90.16632,43.59611,,10.7054545073807,31.5152975944081,2.95009994506836,5.09271,36.57001,,,,,,,,,,,,,,,,,0.9876389503479,0.941137194633484,0.937157154083252,0.972230732440948,,,,,,,,
Guatemala,GTM,2018,27.79,46.861,9.095,27.79,4.679,6.685,3.784,52.407,37.9002669743935,2.283,3.22,11192.3719192725,,,53.845962303542,81.694,81.2403988309223,58.3292624634278,,43.77665,,9.6593614138254,30.8527836894601,3.13193988800049,5.42101,36.71665,,,,,,,,,,,,,,,,,0.992751479148865,0.946818649768829,0.943049192428589,0.976931571960449,,,,,,,,
Guatemala,GTM,2019,28.185,46.98,9.764,28.185,4.461,5.574,3.969,51.414,33.7638042762497,2.193,3.585,11466.3764932197,,,54.1882267267974,77.103,80.0990747241132,58.1874085919017,,,22.559501429793,9.90468186878461,36.3031399688128,3.19297003746033,,35.71915,,,,,,,,,,,,,,,,,0.985733807086945,0.957374274730682,0.967984735965729,0.968211889266968,,,,,,,,
Guatemala,GTM,2020,29.152,47.641,11.035,,5.157,6.773,4.421,50.375,38.2561749030253,2.965,,11097.1503902986,,,54.5483167911628,72.461,81.0594376245934,57.4915085308119,,,,9.77219899329468,33.4316102867302,3.29485011100769,,,,,,,,,,,,,,,,,,,,,,,,,,,,,,
Guatemala,GTM,2021,26.139,41.909,10.688,26.139,3.789,5.383,3.029,55.016,42.0032956311106,2.174,2.594,11825.141273764,,,54.9047071553758,70.295,88.103916062937,55.657214013038,,,,8.53798022512053,33.9703701103222,3.09189009666443,,,,,,,,,,,,,,,,,,,,,,,,,,,,,,
Guatemala,GTM,2022,29.552,46.047,13.391,29.552,6.274,10.154,4.432,51.606,39.2273503942037,3.051,2.444,12144.4800461597,,,55.2581228215265,69.116,86.5454469268622,50.1874419194053,,,,8.47769769935419,37.7058306012176,3.20787000656128,,,,,,,,,,,,,,,,,,,,,,,,,,,,,,
Guatemala,GTM,2023,23.824,40.129,7.849,23.824,4.326,4.578,4.211,51.542,36.6134557678145,2.344,4.399,12380.3715121996,45.2,9.7,55.6082319565539,68.269,85.8256653187583,49.4954331172658,,,27.2948879201171,8.36757226528155,37.3746234101731,3.10877990722656,,,,,,,,,,,,,,,,,,,,,,,,,,,,,,
Guatemala,GTM,2024,23.94,40.321,7.888,24.03,4.624,4.8,4.543,51.59,36.3741503175863,2.613,3.178,12643.9841235004,,,55.9547027274763,67.865,86.5089663572102,49.2941247859685,,,,8.43218740092781,32.3807261864949,3.07588005065918,,,,,,,,,,,,,,,,,,,,,,,,,,,,,,
Guatemala,GTM,2025,24.055,40.512,7.927,,4.764,5.505,4.423,51.598,36.1609665302842,2.604,,12986.5241144632,,,56.2972033013999,,,,,,,,,,,,,,,,,,,,,,,,,,,,,,,,,,,,,,,
Guyana,GUY,2001,,,,,24.285,31.259,20.932,49.212,31.6002717559137,11.796,,8212.04321760917,,,28.6194627210441,100.087,84.8565216064453,73.1296081542969,,,,,,8.39729022979736,,74.51341,,,,,,,,,,,,,,,,,,,,,,,,,,,,
Guyana,GUY,2002,,,,,23.901,31.106,20.467,48.912,31.5334826985312,11.81,,8314.0272750321,,,28.4796776810692,97.642,,,,,,,,8.36553955078125,,,,,,,,,,,,,,,,,,,,,,,,,,,,,,
Guyana,GUY,2003,,,,,23.301,30.361,19.858,48.968,31.5284855813724,11.529,,8267.42910545363,,,28.3083472486662,93.634,73.7663269042969,,,,7.17658996582031,8.23453044891357,,6.95590019226074,,55.31661,,,,,,,,,,,,,,,,,,,,,,,,,,,,
Guyana,GUY,2004,,,,,22.726,29.628,19.273,49.0,31.5105907675249,11.281,,8404.2001629708,,,28.0668850172523,89.626,,,,,10.3284902572632,,,5.51291990280151,,,,,,,,,,,,,,,,,,,,,,,,,,,,,,
Guyana,GUY,2005,41.695,51.065,32.338,,22.205,28.951,18.741,49.033,31.5534569328665,11.085,,8256.52519071138,,,27.7758550706193,88.263,97.2862701416016,,,,10.8724203109741,,,8.13973045349121,,64.46632,,,,,,,,,,,,,,,,,,,,,,,,,,,,
Guyana,GUY,2006,41.475,50.837,32.113,,21.355,27.856,17.929,49.065,31.557814668325,10.7,,8702.33133494001,,,27.4604582346121,88.371,98.471061706543,,,,10.9942598342896,,,3.11891007423401,,,49.47311,54.6925,44.1384,13.33867,77.72191,17.73775,9.26803,0.17162,50.3749,92.55825,0.54425,19.99555,1.88315,70.25043,28.47936,1.5946,,,,,,,,,,,,
Guyana,GUY,2007,41.601,50.963,32.225,,21.53,28.086,17.982,49.097,31.4274458933026,10.84,,9354.08017716534,,,27.1458953350755,88.121,96.0679931640625,,93.62972,,11.1278600692749,,,2.39117002487183,10.29979,55.47559,,,,,,,,,,,,,,,,,,,,,,,,,,,,
Guyana,GUY,2008,41.817,51.359,32.246,,21.747,28.362,18.073,49.132,31.2788057240912,11.018,,9546.70875949436,,,26.8573671978542,86.737,96.7270202636719,74.6534194946289,93.90416,,10.6148700714111,0.628979980945587,,,,55.03271,,,,,,,,,,,,,,,,,,,,,,,,,,,,
Guyana,GUY,2009,42.117,51.461,32.733,,22.12,28.825,18.3,49.169,31.1361003364847,11.307,,9924.52660770631,,,26.620074648793,85.106,99.8453826904297,79.1452102661133,95.20744,76.15302,10.0790901184082,5.25541019439697,9.61063003540039,2.15057992935181,9.6413,57.85217,55.49005,59.96761,49.72962,24.28424,75.76936,29.51826,17.65252,0.3205,45.76819,95.7057,0.47822,19.53428,1.89745,62.00454,23.23464,1.62528,,,,,,,,,,,,
Guyana,GUY,2010,42.218,51.399,32.99,,22.536,29.338,18.56,49.211,30.9676807810642,11.632,,10374.3947557656,,,26.4592185137368,83.361,95.3860158161233,81.2968580095004,,,10.9517002105713,0.530604401702825,,2.40938997268677,11.30234,71.7948,,,,,,,,,,,,,,,,,,,,,,,,,,,,
Guyana,GUY,2011,42.238,51.419,33.007,,22.721,29.563,18.621,49.257,30.7765095511267,11.811,,10958.8598838438,,,26.3999996185303,81.687,102.522404890498,,,86.77272,11.2686901092529,0.345719993114471,0.652040004730225,2.50669002532959,10.41855,82.28208,,,,,,,,,,,,,,,,,,,,,,,,,,,,
Guyana,GUY,2012,42.363,51.567,33.088,,22.956,29.854,18.711,49.293,30.5345492726779,12.029,,11534.9985588659,,,26.3999996185303,79.93,104.342664333917,,,82.33976,11.7027597427368,0.323729404454502,2.21221995353699,2.24131989479065,9.30185,86.8574,,,,,,,,,,,,,,,,,,,,,,,,,,,,
Guyana,GUY,2013,42.542,51.724,33.258,,23.258,30.237,18.843,49.325,30.3048465190617,12.296,,11896.9069854942,,,26.4003891353669,80.042,,,,,,,,,,,,,,,,,,,,,,,,,,,,,,,,,,,,,,
Guyana,GUY,2014,42.735,51.902,33.454,,23.693,30.801,19.079,49.37,30.0860415796032,12.637,,12030.0529344045,,,26.4018152016157,80.206,,,,,,,,4.36033010482788,,,56.14666,63.86669,48.47908,26.04173,79.22209,30.81785,20.47907,0.32872,68.75449,93.72911,0.73354,13.92726,1.92065,47.87201,18.86456,1.60594,,,,,,,,,,,,
Guyana,GUY,2015,42.902,52.059,33.631,,24.21,31.485,19.37,49.423,29.8396051098844,13.009,,12040.08253302,,,26.4043918297579,80.084,,,,,,,,3.89569997787476,,,,,,,,,,,,,,,,,,,,,,,,,,,,,,
Guyana,GUY,2016,42.936,52.084,33.682,,24.598,32.029,19.54,49.481,29.4948530439238,13.263,,12420.4724727603,,,26.4080892882899,79.007,,,,,,,,4.73775005340576,,,,,,,,,,,,,,,,,,,,,,,,,,,,,,
Guyana,GUY,2017,42.898,52.041,33.667,,24.956,32.55,19.669,49.544,29.0845124874353,13.466,,12801.6408529346,,,26.412905546573,77.516,,,,,,,,4.6647801399231,,,,,,,,,,,,,,,,,,,,,,,,,,,,,,
Guyana,GUY,2018,42.926,52.137,33.841,42.926,25.254,33.073,19.808,49.698,28.6338041788469,13.627,4.946,12980.3576003177,,,26.4188378517884,76.143,,,,,,,,4.45058012008667,,,,,,,,,,,,,,,,,,,,,,,,,,,,,,
Guyana,GUY,2019,45.662,53.025,38.486,45.662,26.304,32.305,22.083,44.721,28.4664638159168,13.172,6.133,13402.4219472757,,,26.4258834773058,75.615,,,,,,,,,,,,,,,,,,,,,,,,,,,,,,,,,,,,,,
Guyana,GUY,2020,46.614,53.927,39.429,46.8,30.998,38.276,25.88,42.631,29.4174126568418,15.308,,19234.1301977637,,,26.4340397353676,74.211,,,,,,19.0088195800781,15.784649848938,,,,,,,,,,,,,,,,,,,,,,,,,,,,,,,
Guyana,GUY,2021,45.659,52.991,38.481,44.774,29.122,35.926,24.33,43.337,30.0127982956804,14.576,,22865.9270968882,,,26.443303961947,72.781,,,,,,19.9746894836426,17.5362300872803,,,,,,,,,,,,,,,,,,,,,,,,,,,,,,,
Guyana,GUY,2022,43.253,50.48,36.21,,24.566,29.937,20.308,47.64,28.2738407920907,11.907,,37068.1993827588,,,26.4536735068183,71.313,,,,,,,,,,,,,,,,,,,,,,,,,,,,,,,,,,,,,,
Guyana,GUY,2023,42.715,49.884,35.757,,24.705,29.988,20.349,48.759,26.708694771481,11.917,,49312.3603225444,,,26.4651457279878,69.927,,,,,25.1520757996244,17.9801578260599,26.6700008697921,,,,,,,,,,,,,,,,,,,,,,,,,,,,,,,
Guyana,GUY,2024,42.853,50.054,35.883,,24.742,29.955,20.322,49.531,25.8194643986982,11.874,,70516.7027944836,,,26.477717988557,68.46,,,,,26.4315792489043,,,,,,,,,,,,,,,,,,,,,,,,,,,,,,,,,
Guyana,GUY,2025,42.992,50.218,36.006,,24.896,30.175,20.406,49.401,25.3394436080291,11.962,,83658.6773475997,,,26.4913876548981,,,,,,,,,,,,,,,,,,,,,,,,,,,,,,,,,,,,,,,
Haiti,HTI,2001,,,,,23.512,27.616,20.149,34.359,75.3357066712702,9.728,,3168.14454014466,59.0,75.1,38.3871832598564,72.754,,,,,,,,,,,,,,,,,,,,,,,,,,,,,,,,,,,,,,
Haiti,HTI,2002,,,,,26.489,30.994,22.775,34.783,75.3202685631324,11.008,,3145.03689680869,,,39.9708985140797,70.226,,,,,,,,,,,,,,,,,,,,,,,,,,,,,,,,,,,,,,
Haiti,HTI,2003,,,,43.888,29.201,34.076,25.157,35.209,75.0395622932585,12.151,15.579,3197.9365263707,,,41.2007603284477,67.612,,,,,,,,,,,8.46048,7.11343,10.07581,,,,,,,,,,,,,,,,,,,,,,,,,
Haiti,HTI,2004,,,,,32.117,37.375,27.728,35.637,74.9213149355952,13.415,,3102.54173985545,,,41.8705746346912,66.546,,,,,,,,,,,,,,,,,,,,,,,,,,,,,,,,,,,,,,
Haiti,HTI,2005,21.209,27.424,15.026,,34.803,40.42,30.086,36.068,74.7760814993365,14.559,,3144.56353969437,,,42.5791771857318,67.331,,,,,,,,,,,12.30206,11.09585,13.79651,0.18108,31.5534,0.0,0.41204,0.00574,3.11613,53.77908,0.05794,29.35013,1.79065,42.15814,14.18085,1.66363,,,,,,,,,,,,
Haiti,HTI,2006,22.018,28.279,15.786,,37.961,44.036,32.853,36.064,74.6181659275564,15.866,,3146.2634386786,,,43.2846444920296,67.875,,,,,,,,,,,,,,,,,,,,,,,,,,,,,,,,,,,,,,
Haiti,HTI,2007,22.573,28.861,16.313,,40.519,46.91,35.088,35.92,74.6181730135559,16.8,,3239.25745989841,,,43.9866171992907,66.823,,,,,,,,,,,,,,,,,,,,,,,,,,,0.368196338415146,0.253868818283081,0.260960251092911,0.376840591430664,0.949027769267559,,,,,,,
Haiti,HTI,2008,22.272,28.664,15.905,,39.205,45.954,33.457,35.872,74.4893778268514,16.204,,3270.41272369326,,,44.6847359532184,66.229,,,,,,,,,,,,,,,,,,,,,,,,,,,,,,,,,,,,,,
Haiti,HTI,2009,21.774,28.24,15.331,,37.562,44.53,31.549,35.67,74.3632824934881,15.398,,3406.29486715549,,,45.3786413995138,65.381,,,,,,,,,,,,,,,,,,,,,,,,,,,,,,,,,,,,,,
Haiti,HTI,2010,21.848,28.495,15.231,,36.918,44.657,30.44,36.011,74.4739764332237,15.244,,3176.50949040109,,,46.0679741838751,64.114,,,,,,,,,,,,,,,,,,,,,,,,,,,,,,,,,,,,,,
Haiti,HTI,2011,21.351,28.07,14.667,,35.353,43.326,28.574,35.82,74.2960091125677,14.506,,3300.87444105175,,,46.7523749519985,62.743,,,,,,,,,,,,,,,,,,,,,,,,,,,,,,,,,,,,,,
Haiti,HTI,2012,21.086,27.935,14.273,21.086,34.295,42.823,27.132,35.868,74.3008845408301,14.1,26.802,3266.43832519352,41.1,40.4,47.4314843495779,62.348,,,,,,,,,,,11.72569,9.40072,14.34803,0.98008,29.63798,0.5986,1.39529,0.03307,7.01558,60.95148,0.1151,12.02068,1.74953,27.87587,9.75061,1.65021,0.50613135099411,0.380686074495316,0.309237450361252,0.598870396614075,0.909288354218006,,,,,,,
Haiti,HTI,2013,20.806,27.623,14.024,,33.745,42.155,26.623,35.731,74.3712588512168,13.704,,3356.8373216264,,,48.1049430223048,60.372,,,,,,,,,,,,,,,,,,,,,,,,,,,,,,,,,,,,,,
Haiti,HTI,2014,20.757,27.573,13.976,,34.092,42.614,26.88,35.659,74.1162374859301,13.808,,3403.57496642947,,,48.7723916158687,58.978,,,,,,,,1.75226998329163,,,,,,,,,,,,,,,,,,,,,,,,,,,,,,
Haiti,HTI,2015,20.684,27.511,13.892,,34.179,42.841,26.914,35.656,74.1410746225615,13.785,,3402.0283988016,,,49.4334707759572,57.3,,,,,,,,1.85497999191284,,,,,,,,,,,,,,,,,,,,,,,,,,,,,,
Haiti,HTI,2016,20.651,27.486,13.85,,34.536,43.37,27.179,35.631,74.2662721405128,13.902,,3415.58218112308,,,50.087821148256,56.454,,,,,,,,1.38776004314423,,,,,,,,,,,,,,,,,,,,,,,,,,,,,,
Haiti,HTI,2017,20.553,27.385,13.756,,34.752,43.701,27.322,35.571,74.3271418647626,13.932,,3453.97142164659,,,50.735083378449,55.523,,,,,,,,1.49846994876862,,,16.56566,16.24246,16.95399,0.93941,39.35249,0.92681,0.95398,0.02387,8.12299,65.07372,0.12483,15.19973,1.79923,27.65189,5.19913,1.81198,,,,,,,,,,,,
Haiti,HTI,2018,20.464,27.3,13.663,,34.896,43.986,27.407,35.549,74.2253622572215,13.934,,3465.25480573601,,,51.374898112219,54.607,,,,,,,,1.63715994358063,,,,,,,,,,,,,,,,,,,,,,,,,,,,,,
Haiti,HTI,2019,20.532,27.413,13.688,,35.247,44.688,27.677,35.69,74.2860616254666,14.095,,3361.75328894114,,,52.0069059952475,53.62,,,,,,,,1.08414978067408,,,,,,,,,,,,,,,,,,,,,,,,,,,,,,
Haiti,HTI,2020,21.57,28.599,14.579,,39.534,50.387,30.834,35.35,76.6037161425185,15.573,,3210.53609854862,,,52.6307476732151,52.578,,,,,,,,1.11353641558643,,,,,,,,,,,,,,,,,,,,,,,,,,,,,,
Haiti,HTI,2021,21.186,28.114,14.298,,37.806,47.943,29.573,35.444,75.9970956770557,15.296,,3116.56505397604,,,53.2460637918026,51.509,,,,,,,,1.24275181117048,,,,,,,,,,,,,,,,,,,,,,,,,,,,,,
Haiti,HTI,2022,20.887,27.719,14.096,,36.326,46.276,28.729,34.701,75.8901629589997,14.54,,3029.77866381702,,,53.8524949966907,50.589,,,,,,,,1.02689812206798,,,,,,,,,,,,,,,,,,,,,,,,,,,,,,
Haiti,HTI,2023,20.917,27.734,14.141,,36.326,46.398,28.747,34.398,75.8716215154887,14.459,,2939.1237948199,,,54.4496819335618,49.775,,,,,,,,0.964648012977964,,,,,,,,,,,,,,,,,,,,,,,,,,,,,,
Haiti,HTI,2024,21.131,27.934,14.369,,36.758,47.112,29.165,33.921,75.9837601216748,14.609,,2783.79140882788,,,55.0372652481002,49.26,,,,,,,,,,,,,,,,,,,,,,,,,,,,,,,,,,,,,,
Haiti,HTI,2025,21.37,28.138,14.644,,37.518,47.892,29.967,33.905,76.0358540841877,14.944,,2677.89385325549,,,55.6148855859942,,,,,,,,,,,,,,,,,,,,,,,,,,,,,,,,,,,,,,,
Honduras,HND,2001,,,,,6.814,7.721,6.401,56.793,38.570243201924,4.0,,4578.94787944773,55.4,26.5,45.8623033555915,125.721,,,,,,,,,,,21.92,24.8,18.29,4.22,48.09,5.48,2.6,0.08775,9.48,50.97,0.18599,39.41,1.77823,72.43,33.12,1.54273,0.948530852794647,0.906736671924591,0.902526557445526,0.929100036621094,,0.230474167575434,0.293062101756762,0.10117072116871,0.459070329493273,0.123640271461941,0.510509820453634,0.0727878063276618
Honduras,HND,2002,,,,,6.963,9.234,5.938,55.777,38.4304315291007,4.02,,4627.02278723456,55.7,29.0,46.4194190064116,122.484,,,,,,,,,,,,,,,,,,,,,,,,,,,0.950316488742828,0.881784200668335,0.899850070476532,0.946621060371399,,0.258745763706997,0.320612154308021,0.0904584261047789,0.523822046784844,0.106691942760985,0.500061529442184,0.0726476049837465
Honduras,HND,2003,,,,,9.201,12.701,7.637,54.757,38.1686373873874,5.3,,4714.86701000971,58.1,34.0,46.990184604045,119.068,76.8811264038086,,,,15.888970375061,9.92288017272949,,,,,,,,,,,,,,,,,,,,,0.932559549808502,0.849672853946686,0.87558114528656,0.923878967761993,,0.275365088951281,0.325083354706335,0.121935313664403,0.509177552670529,0.119369858149032,0.472447147620269,0.0830996395243638
Honduras,HND,2004,,,,,10.55,16.379,7.973,53.732,37.9013183373395,5.99,,4885.34258343422,58.1,33.3,47.5739776096056,116.242,,,,,15.9416399002075,8.93632030487061,,,,,21.89,25.77,17.66,4.05,48.44,3.59,4.52,0.08361,7.91,56.79,0.13929,35.1,1.79687,63.96,18.5,1.71076,0.927314460277557,0.843355715274811,0.845839321613312,0.923954367637634,,0.244330316590868,0.319176147788149,0.110700601697497,0.505381712163269,0.124795180564069,0.47199305941034,0.0840096145098406
Honduras,HND,2005,27.019,44.091,10.465,27.019,8.732,12.892,6.911,52.703,37.7088205006979,4.909,4.765,5056.67544412551,59.5,31.3,48.1703884178554,113.262,76.3992004394531,43.0914115905762,71.38616,,,13.0774202346802,,,,,24.29,27.3,21.09,2.24,54.07,2.83,1.63,0.04143,7.39,62.6,0.11805,33.54,1.74955,66.69,20.08,1.69891,0.941719472408295,0.856864869594574,0.870486795902252,0.932072937488556,,0.230570914691592,0.299370992619491,0.0892691964667843,0.484956317712424,0.124777088953325,0.486111201045367,0.0897407173818167
Honduras,HND,2006,26.837,44.591,9.639,26.837,6.186,9.902,4.694,49.799,37.1164161867279,3.574,5.082,5263.15029099578,57.5,27.3,48.7790074235564,109.651,81.7416000366211,,,,,9.10756969451904,,,,54.77136,24.87,28.19,21.26,1.3,66.66,,,0.0195,4.71,75.11,0.06271,,,,,,0.956075847148895,0.905920267105103,0.900932371616364,0.953963756561279,0.790383443236351,0.227200810164081,0.301745043642138,0.0879460878716997,0.488290527611373,0.12846027146835,0.481765815220252,0.0880288696692595
Honduras,HND,2007,27.581,44.079,11.612,27.581,5.505,8.052,4.465,48.322,34.0418471556523,3.211,3.765,5461.90151889031,55.8,22.0,49.3994250214704,106.793,,46.319938659668,,,,14.6691303253174,,,,57.02764,,,,,,,,,,,,,,,,,0.96120411157608,0.919623732566833,0.921173810958862,0.956411719322205,0.776085555553436,0.233803350175603,0.313394488218883,0.113202322045323,0.490192956833321,0.132076419510916,0.473350821327184,0.0811782709430162
Honduras,HND,2008,25.887,42.868,9.464,25.887,5.521,8.782,4.198,49.445,33.709151910425,3.156,3.896,5566.70639487722,55.5,20.9,50.0312316063593,103.981,80.7278518676758,,,,17.5304298400879,11.9809703826904,,,,56.81349,,,,,,,,,,,,,,,,,0.941288232803345,0.905599772930145,0.916085362434387,0.931943416595459,0.778373315930367,0.229681996731661,0.316814782226133,0.116264299500552,0.498068023442804,0.121074644376008,0.477201935767708,0.0849086376301511
Honduras,HND,2009,26.62,43.526,10.283,26.62,6.0,9.952,4.436,50.437,35.978419193385,3.292,4.291,5313.75573967791,51.3,18.1,50.6740175729851,101.28,82.8830490112305,,,,,13.844349861145,,,,,33.0,36.64,29.19,6.9,62.68,8.42,5.32,0.11008,15.51,70.35,0.22047,34.88,1.73767,61.19,19.23,1.68573,0.970030784606934,0.897420942783356,0.900752604007721,0.956703364849091,0.807817742228508,0.223673377923489,0.301990711146059,0.0925491551259323,0.493783677167368,0.131104083814653,0.486924891526325,0.0799803135129631
Honduras,HND,2010,26.206,42.815,10.172,26.206,7.506,11.814,5.703,51.457,38.0795389925997,4.119,5.795,5396.07227927744,53.1,19.6,51.3273733161098,98.337,86.4471798534074,,,,19.2757550175649,13.5943002700806,,,,65.69275,34.75,40.38,29.14,6.32,62.33,6.51,6.19,0.1014,21.69,74.23,0.2922,32.68,1.60985,68.06,21.39,1.68572,0.960238873958588,0.882097363471985,0.880494892597198,0.944074869155884,0.816828787326813,0.21700830910402,0.296140819848695,0.109516806905493,0.48060912046514,0.133905592394102,0.481869812145041,0.0880837756121615
Honduras,HND,2011,27.552,43.321,12.344,27.552,8.064,13.743,5.68,49.889,37.6645235913782,4.474,5.886,5488.43371596332,52.6,20.1,51.9908892304951,95.68,87.3330177514793,,68.44843,,,14.0416097640991,,,,65.45762,39.84284,44.64566,35.10607,7.81975,76.52827,9.90663,6.15467,0.10218,14.55421,84.07927,0.1731,51.43901,1.8899,82.17172,16.18181,1.80307,0.961286246776581,0.875666201114655,0.862391233444214,0.945457518100739,0.832255989313126,0.229651337559045,0.313834879878485,0.122808919654306,0.493286638500908,0.145135553302281,0.463170747472136,0.0778588193470981
Honduras,HND,2012,28.668,45.34,12.602,28.668,6.972,12.416,4.807,48.113,41.1936961676887,3.755,3.644,5600.6077605497,53.4,24.0,52.6641557109031,93.523,85.1369630597171,43.7803145362795,58.85105,,18.9442917508647,16.7645767906174,,6.29972793577391,,62.86811,37.76,42.7,32.7,14.52,66.09,18.39,10.51,0.2197,26.11,73.74,0.35408,33.03,1.73963,68.68,22.8,1.66803,0.961021363735199,0.897908091545105,0.876032531261444,0.953353226184845,0.776059344410896,0.247139382755534,0.319298943553021,0.122615154552775,0.507566045600761,0.137044761365143,0.463834070716447,0.0798222243653884
Honduras,HND,2013,26.81,43.002,11.218,26.81,9.823,15.58,7.249,53.177,38.6576886643228,5.646,6.695,5644.13384802045,50.0,20.8,53.356379133253,91.134,78.8929960999486,37.4077655819351,72.07424,42.20253,19.4476759264062,20.6753152476805,34.0458602905273,5.87493991851807,20.34188,59.04399,41.58,52.34,32.44,12.55,68.97,16.68,10.57,0.18196,26.21,74.78,0.35049,44.27,1.68963,72.1,23.31,1.6767,0.955899059772491,0.901533782482147,0.890052556991577,0.94618946313858,0.783045008778572,0.265385338345865,0.270204308953764,0.105177851394536,0.439425262706412,0.13945864903669,0.50699982635433,0.0833372156552159
Honduras,HND,2014,28.674,43.749,14.167,28.674,11.865,17.546,9.257,53.794,34.8560347536189,7.078,8.72,5705.16246265484,49.9,20.6,53.8768089124249,89.442,75.2015717966303,46.5981425440885,,41.1479,19.7241865242748,21.5601950321529,38.5486934719567,7.09010982513428,,35.97226,37.05,41.99,31.92,15.8,65.23,16.71,14.92,0.24222,27.46,75.17,0.36531,37.3,1.60724,67.21,27.53,1.59039,0.944844603538513,0.879433274269104,0.874057054519653,0.930871248245239,0.77954176068306,0.24800877174835,0.315349609406986,0.126739841442891,0.49192117972774,0.122558793665351,0.491653837965313,0.0704377589623491
Honduras,HND,2015,26.957,42.713,11.803,26.957,11.042,19.399,6.81,54.584,37.71901349294,6.147,8.947,5812.5348879105,49.2,19.9,54.3828473751434,88.093,,,70.95757,40.80784,20.3152639116671,22.7513454121271,38.7296866997879,6.41298007965088,,38.08372,42.61,47.24,37.42,14.94,70.32,18.1,10.6,0.21246,27.38,78.69,0.34795,33.35,1.791,57.45,25.05,1.56397,0.970769882202148,0.883329808712006,0.864355683326721,0.960425317287445,0.81527478992939,,,,,,,
Honduras,HND,2016,27.817,43.236,12.996,27.817,12.58,20.804,8.444,53.381,33.2358510656352,6.727,7.256,5926.49025534228,49.8,19.8,54.8868414578857,86.927,78.3644297742594,44.5461076734107,,42.5185,21.0025442228384,21.7856407165527,39.737190246582,6.09509492079297,,39.91989,43.28,43.81,42.7,20.11,75.51,20.11,20.12,0.26632,24.79,81.73,0.30332,35.31,1.62815,62.52,19.93,1.68122,0.948338568210602,0.890900790691376,0.869207084178925,0.939287066459656,0.767462626099586,,,,,,,
Honduras,HND,2017,27.716,43.652,12.408,27.716,10.746,17.093,7.589,54.972,36.7326708854113,5.528,7.576,6099.60734919414,49.4,19.3,55.3877322339915,85.934,79.3559764431825,,,43.77822,24.5585599156436,20.9860801696777,39.8382606506348,5.74434396129576,,40.42377,,,,,,,,,,,,,,,,,0.952348232269287,0.898027539253235,0.880592942237854,0.944652080535889,0.8303082883358,,,,,,,
Honduras,HND,2018,26.681,42.387,11.607,26.681,10.49,15.779,7.723,57.566,36.4508013315446,5.648,7.646,6219.27973775059,48.9,19.8,55.8852577716247,85.75,,,,,26.3838242053705,,,6.05646991729736,,,37.8,42.94,32.5,13.54,67.36,16.04,10.2,0.20101,27.14,84.18,0.3224,37.17,1.54237,69.03,18.38,1.73374,0.935060918331146,0.857588589191437,0.828110218048096,0.923076689243317,,,,,,,,
Honduras,HND,2019,28.106,44.296,12.579,28.106,10.774,17.503,7.724,53.799,34.8929088629628,5.698,6.632,6264.01884276715,48.2,18.8,56.3791561389766,85.131,76.5305787372579,42.3645458239341,,,25.3231382609304,17.8150806427002,38.4153826451728,5.98198266311593,,57.15686,,,,,,,,,,,,,,,,,0.941631078720093,0.850967764854431,0.819877147674561,0.920732855796814,,,,,,,,
Honduras,HND,2020,32.136,45.357,19.465,,17.065,26.211,11.203,53.945,35.3839313938655,10.982,,5603.26398377777,,,56.8691654042685,84.334,76.3520976468165,41.9065068461055,,,,21.729710561372,44.4944915771484,6.09801328648889,,,,,,,,,,,,,,,,,,,,,,,,,,,,,,
Honduras,HND,2021,31.916,42.362,21.911,31.916,14.269,18.581,11.535,56.415,34.9168377354579,8.506,6.021,6202.98078812037,,,57.3550236357547,83.508,71.2629991267762,37.7639236810879,,,,24.7685124058089,47.3206250127172,5.88160201792279,,,,,,,,,,,,,,,,,,,,,,,,,,,,,,
Honduras,HND,2022,31.232,46.852,16.28,31.232,13.571,21.673,9.073,54.157,34.6280941166055,8.774,8.535,6352.58710177732,,,57.8364689017254,82.781,68.2378429977913,,,,,23.4711494445801,45.6963500976562,4.48280030802056,,,,,,,,,,,,,,,,,,,,,,,,,,,,,,
Honduras,HND,2023,30.39,44.122,17.253,30.39,10.478,15.465,8.033,50.207,34.3721389715693,6.07,6.14,6467.8800352783,46.8,17.0,58.3132392705102,82.079,73.4535986087997,36.1091839795995,,,,23.8959007584554,45.0153612347655,4.54962037172702,,,,,,,,,,,,,,,,,,,,,,,,,,,,,,
Honduras,HND,2024,30.75,44.964,17.157,30.75,8.301,11.999,6.474,50.281,34.1322574132792,4.91,5.774,6590.84384301553,45.7,15.7,58.7850728104829,81.254,71.9894641150556,36.5551268560739,,,23.3177890777588,26.6201549791965,44.3355293119475,,,,,,,,,,,,,,,,,,,,,,,,,,,,,,,
Honduras,HND,2025,30.808,45.088,17.158,29.025,8.526,12.421,6.608,50.291,33.8683943299962,4.92,5.276,6726.16685066658,,,59.2517075900659,,,,,,,,,,,,,,,,,,,,,,,,,,,,,,,,,,,,,,,
Jamaica,JAM,2001,,,,,16.548,22.245,12.547,41.901,37.5173292058246,6.641,,9736.06291757526,,,51.934190578424,71.806,79.4703826904297,90.1689529418945,,75.43941,16.0548496246338,11.1548299789429,16.2977905273438,5.38103008270264,,76.59804,86.77849,90.29373,82.91061,,,,,,,,,,,,,,0.945945918560028,0.759740233421326,0.756756782531738,0.751851856708527,,,,,,,,
Jamaica,JAM,2002,,,,,16.598,22.341,12.595,41.149,35.9588782564642,6.616,,9869.71291927176,48.3,6.4,52.1467222312645,69.776,83.5769119262695,88.4016876220703,,75.81995,16.8487892150879,12.2631902694702,14.7108297348022,5.37522983551025,,75.54728,,,,,,,,,,,,,,,,,0.694444417953491,0.692717611789703,0.589403986930847,0.759538590908051,,,,,,,,
Jamaica,JAM,2003,,,,,16.546,22.307,12.556,40.399,35.9806100724509,6.534,,10169.7500243245,,,52.3564891419558,67.654,,89.067741394043,,75.90072,18.8019199371338,13.1452598571777,14.3445100784302,4.25684976577759,20.59758,74.95424,,,,,,,,,,,,,,,,,,,,,,,,,,,,
Jamaica,JAM,2004,,,,,16.706,22.38,12.699,39.587,36.151104103192,6.539,,10244.2066702878,45.5,4.5,52.5637655955662,66.234,80.1375503540039,96.8198699951172,,80.86763,18.9983196258545,10.1137399673462,9.65415954589844,3.91254997253418,18.0983,77.00285,,,,,,,,,,,,,,,,,,,,,,,,,,,,
Jamaica,JAM,2005,28.385,34.882,22.102,,16.841,22.515,12.817,39.298,34.6574768272688,6.577,,10278.6834382546,,,52.7685237926234,64.625,,,,80.61632,17.27659034729,10.131950378418,11.5951099395752,4.61641979217529,19.3919,78.54107,78.12,81.92,75.01,,,,,,,,,,,,,,,,,,,,,,,,,
Jamaica,JAM,2006,28.363,34.861,22.081,,16.951,22.618,12.914,39.01,35.4904358451642,6.605,,10522.2367459591,,,52.9707359336549,62.645,,,,,17.2686595916748,,,,,,,,,,,,,,,,,,,,,,,,,,,,,,,,,
Jamaica,JAM,2007,28.082,34.523,21.857,,17.009,22.657,12.967,38.722,33.4733203924352,6.607,,10622.4442829007,,,53.1703742191887,60.593,83.8053436279297,,,,,,,5.49022006988525,20.67751,83.35479,,,,,,,,,,,,,,,,,,,,,,,,,,,,
Jamaica,JAM,2008,27.836,34.225,21.663,27.836,17.182,22.839,13.115,38.434,35.8068479594529,6.666,2.941,10490.4686134498,,,53.3674108497524,58.061,,,97.99689,,22.3192901611328,,,6.19131994247437,27.82381,85.83531,,,,,,,,,,,,,,,,,,,,,,,,,,,,
Jamaica,JAM,2009,30.704,35.409,26.159,30.704,18.552,22.74,15.607,34.408,38.2177394453177,7.314,3.578,9992.97699539021,,,53.5618180258738,56.117,81.3002014160156,93.9810333251953,99.34877,,22.2321395874023,,,6.19848012924194,23.93507,92.32604,,,,,,,,,,,,,,,,,,,,,,,,,,,,
Jamaica,JAM,2010,31.609,35.696,27.662,31.609,20.451,25.588,16.824,31.082,38.8969207978508,7.63,5.113,9805.90172806302,,,53.7535679480806,54.162,89.2915949751161,96.8449508948431,96.41755,,25.3770890609495,,,6.37058019638062,25.0147,94.23343,,,,,,,,,,,,,,,,,,,,,,,,,,,,
Jamaica,JAM,2011,31.524,35.811,27.384,31.524,20.363,26.247,16.081,33.264,37.000872053748,8.034,4.36,9932.48380946963,,,53.956586109128,52.089,87.7689824777129,94.7177066946338,,76.80378,24.7684625492773,,,6.26664018630981,26.91643,88.37047,81.97865,83.13223,80.82492,61.61436,92.92912,58.1566,64.4715,0.66303,90.43446,98.32358,0.91976,1.30737,2.0,15.55829,0.73664,1.95265,,,,,,,,,,,,
Jamaica,JAM,2012,32.302,36.536,28.214,32.302,23.401,31.377,17.531,30.992,37.5182050159506,8.695,5.257,9829.03510015044,,,54.2478817703732,51.002,98.7622320011252,,90.29228,,27.0686781072538,,,6.1124701499939,,93.31485,,,,,,,,,,,,,,,,,,,,,,,,,,,,
Jamaica,JAM,2013,33.782,38.552,29.175,33.782,27.228,36.467,20.848,32.497,37.5858508124064,9.698,6.84,9839.96506606095,,,54.548819811983,49.793,94.7524247064829,94.6122813214598,94.36547,72.92916,25.6212147817614,8.77114266932396,15.298538675864,6.25106000900269,30.84302,80.0119,,,,,,,,,,,,,,,,,,,,,,,,,,,,
Jamaica,JAM,2014,32.959,37.324,28.744,32.959,26.348,35.708,19.974,32.82,37.5299844581766,9.046,5.62,9872.15913752129,,,54.8660395670395,47.584,89.9441570173278,90.7709829356806,90.66748,72.78254,,10.6872061336007,13.0954122826853,6.01584005355835,24.15659,78.43452,,,,,,,,,,,,,,,,,,,,,,,,,,,,
Jamaica,JAM,2015,31.498,35.274,27.849,,25.777,33.576,20.068,33.996,37.0118077311931,8.825,,9931.89875715182,,,55.1995248014924,45.19,87.0345140781108,95.0292751867555,,71.87973,26.2334142821948,10.4889723202181,13.902208437906,5.45523023605347,28.75004,76.2522,,,,,,,,,,,,,,,,,,,,,,,,,,,,
Jamaica,JAM,2016,29.764,32.761,26.87,29.764,24.661,30.604,19.956,36.334,36.5399507982074,8.634,6.461,10179.2536486158,,,55.549259277615,42.821,86.4889763614665,,94.51774,72.66633,,11.0967238804323,13.0946825157164,5.31459999084473,27.60237,78.23658,,,,,,,,,,,,,,,,,,,,,,,,,,,,
Jamaica,JAM,2017,27.877,31.317,24.555,27.877,21.686,26.774,17.71,36.489,35.821887860662,7.399,5.883,10391.0378224678,,,55.9152267548307,40.413,87.7860155950403,87.6467311699297,97.05363,73.20201,,10.5054161751938,19.4950620445281,5.26015996932983,27.15691,79.50315,,,,,,,,,,,,,,,,,,,,,,,,,,,,
Jamaica,JAM,2018,26.058,28.84,23.371,26.058,18.064,22.001,15.018,34.319,35.3571841363338,5.47,3.558,10636.0929784551,35.3,0.4,56.297410990325,38.233,86.2831376478533,82.9039618336445,,73.96802,,10.3698033440449,17.6739721420364,5.41379022598267,29.72732,79.20276,,,,,,,,,,,,,,,,,,,,,,,,,,,,
Jamaica,JAM,2019,22.908,24.952,20.934,22.908,15.96,20.379,12.553,35.712,34.1419121881811,4.987,3.336,10816.3720391154,,,56.6957957395074,37.741,86.0491096364814,83.8569174118885,,,,9.20294558362781,17.7723563316784,5.16364002227783,,83.65938,,,,,,,,,,,,,,,,,,,,,,,,,,,,
Jamaica,JAM,2020,29.665,31.532,27.861,29.665,20.087,23.291,17.673,34.453,34.6924267135031,6.501,4.183,9891.96932961548,,,57.1103647563627,36.813,78.5945531442564,82.581045779624,,,,12.5772199630737,,5.38065828197341,,,,,,,,,,,,,,,,,,,,,,,,,,,,,,
Jamaica,JAM,2021,26.052,27.927,24.24,26.052,16.837,19.962,14.479,34.607,34.2417691287041,5.188,2.821,10430.6909771759,39.9,1.4,57.5411017937226,36.807,,,,,,15.0184428060293,20.7091976165942,5.63122987747192,,,,,,,,,,,,,,,,,,,,,,,,,,,,,,
Jamaica,JAM,2022,21.79,22.647,20.962,21.79,13.117,14.145,12.294,36.091,33.1067381908205,4.083,2.142,11096.6377085321,,,57.9879906034775,36.812,,,,,,6.74756453383844,19.3549900054932,5.35435009002685,,,,,,,,,,,,,,,,,,,,,,,,,,,,,,
Jamaica,JAM,2023,19.696,20.282,19.13,19.696,9.992,11.422,8.832,37.606,31.7277710267084,3.022,1.682,11398.8120394641,,,58.4510149367429,36.541,81.0696353400619,83.8963496238867,,,,12.4071843368512,20.6772898905222,5.65453693979426,,,,,,,,,,,,,,,,,,,,,,,,,,,,,,
Jamaica,JAM,2024,19.851,20.467,19.255,,10.383,11.803,9.236,37.444,31.6625546744655,3.151,,11340.2638800451,,,58.9301585439922,36.095,83.6359405517578,85.6415863037109,,,,4.34133005142212,,5.51383018493652,,,,,,,,,,,,,,,,,,,,,,,,,,,,,,
Jamaica,JAM,2025,20.005,20.651,19.381,,10.809,12.951,9.073,37.497,31.5564981404393,3.286,,11357.915592063,,,59.4254051751628,,,,,,,,,,,,,,,,,,,,,,,,,,,,,,,,,,,,,,,
Mexico,MEX,2001,,,,,4.975,6.819,3.943,49.642,28.9205645916625,2.627,,20078.2183931307,,,75.2907557567987,72.552,97.5215225219727,,92.74999,,21.3776397705078,0.171069994568825,,4.0313401222229,15.64125,47.43689,,,,,,,,,,,,,,,,,,,,,,,,,,,,
Mexico,MEX,2002,,,,,6.093,8.172,4.949,47.229,28.9291909210766,3.003,3.959,19744.7933675609,50.6,12.8,75.6840752828994,72.913,98.7117385864258,73.7596130371094,93.30758,60.41548,22.3153591156006,0.25093001127243,12.6890001296997,4.24307012557983,13.42251,49.95629,38.72,41.1,36.22,10.42,72.74,13.41,5.99,0.14325,48.09,88.74,0.54192,15.35,1.81042,56.19,9.83,1.82506,,,,,,0.189326055627918,0.242418156541674,0.0775255783805249,0.401150292518785,0.18840808167886,0.486105736324688,0.083068025454778
Mexico,MEX,2003,,,,,7.099,9.802,5.616,47.114,29.161819871507,3.455,4.602,19701.4633898714,,,76.046170340551,72.872,98.2566299438477,76.3489608764648,94.10595,63.26205,23.0477905273438,0.271899998188019,9.50506973266602,4.83262014389038,14.97844,52.72544,,,,,,,,,,,,,,,,,,,,,,,,,,,,
Mexico,MEX,2004,,,,,8.2,11.537,6.39,47.133,28.7294860397438,3.937,5.095,20127.2242902968,50.3,11.0,76.3274397419019,73.023,99.7613067626953,78.3994216918945,94.28875,65.15369,23.7031497955322,0.296079993247986,8.29743003845215,4.51204013824463,14.02877,55.11016,40.85,43.14,38.11,11.78,75.04,10.92,13.08,0.15698,57.07,90.14,0.63313,14.55,1.90447,52.9,12.35,1.76654,,,,,,0.202539406050893,0.269229245901453,0.0916520373782861,0.425526613385807,0.168858112494564,0.486082452544202,0.0754411428998148
Mexico,MEX,2005,21.458,33.753,8.711,21.458,6.878,8.134,6.162,48.133,28.6988275313931,3.558,4.047,20277.2552852007,50.9,11.7,76.4748624380269,72.765,100.493301391602,80.4900817871094,94.33534,66.67768,24.130989074707,0.214560002088547,8.26171016693115,4.63395023345947,14.71323,56.69845,,,,,,,,,,,,,,,,,0.933933019638062,0.886576950550079,0.903580248355865,0.931131720542908,0.689641833305359,0.196637719143233,0.251093973528812,0.098827976659696,0.3907541703439,0.180112808953838,0.489784706764157,0.0784017978236931
Mexico,MEX,2006,21.3,33.383,8.836,21.3,6.98,8.043,6.371,48.767,27.6392315403137,3.566,3.972,20965.8256087044,49.7,9.0,76.4982455683657,72.024,100.936187744141,80.5547103881836,94.69763,67.83849,24.5689697265625,0.189689993858337,6.33102989196777,4.49317979812622,13.83766,58.12501,43.66,44.01,43.25,18.55,70.66,19.25,17.57,0.26252,59.94,92.88,0.64535,12.99,1.88222,49.66,14.53,1.70741,0.934319198131561,0.900377750396729,0.914506077766418,0.931342244148254,0.68549308180809,0.177665548558006,0.24176594101985,0.0790649359778601,0.387313108418648,0.161946058984531,0.51073768480904,0.0847577188665767
Mexico,MEX,2007,21.089,32.898,8.978,21.089,7.124,8.154,6.531,48.68,27.6258854803049,3.628,4.282,21102.2688338349,,,76.5047326234761,72.892,101.777313232422,81.8503570556641,94.24679,68.93457,25.1474304199219,0.15888999402523,5.33292007446289,4.47919988632202,13.57756,58.5984,,,,,,,,,,,,,,,,,,,,,,,,,,,,
Mexico,MEX,2008,21.913,33.974,9.622,21.913,7.594,8.665,6.994,48.019,27.1293986726867,3.874,3.941,20992.5602662364,50.8,10.1,76.5090428271033,74.648,101.216407775879,82.5928192138672,94.86564,69.60395,25.7789402008057,0.096160002052784,5.26965999603271,4.60607004165649,13.40078,58.91109,45.34,46.85,43.73,19.28,73.71,19.76,18.62,0.26157,61.23,93.99,0.65145,14.5,1.91103,49.48,14.74,1.7021,,,,,,0.1896082535501,0.25519628989654,0.0992252822092362,0.400679308800146,0.169495316047104,0.491848757521447,0.0842316638778051
Mexico,MEX,2009,22.144,33.212,10.934,22.144,10.012,11.134,9.387,47.0,28.10971298329,5.356,5.086,19385.5437251877,,,76.5143930040295,76.211,99.7480926513672,84.861572265625,95.30712,69.68225,26.2105903625488,0.124130003154278,5.73285007476807,4.94934988021851,15.38007,59.31748,,,,,,,,,,,,,,,,,0.905335962772369,0.887069404125214,0.886232674121857,0.907567322254181,0.696726471185684,,,,,,,
Mexico,MEX,2010,22.177,33.109,11.169,22.177,9.704,10.47,9.285,47.189,27.1323174816299,5.303,5.61,20058.3854882301,47.7,8.4,76.5244441414713,76.733,100.050811767578,85.1636428833008,96.35422,70.08479,27.1670207977295,0.162550002336502,7.16351985931396,4.93697023391724,15.24485,60.51368,48.29,50.13,46.34,23.81,72.28,24.01,23.56,0.32941,63.43,94.99,0.66775,13.96,1.91117,46.91,13.97,1.7022,0.907964706420898,0.872130215167999,0.882192373275757,0.905312299728394,0.707422614097595,0.186773846602838,0.257769117575301,0.117831419458615,0.397181841342901,0.195221281664112,0.475171362628184,0.0715473019718073
Mexico,MEX,2011,21.77,32.795,10.725,21.77,9.765,10.711,9.244,46.965,27.0383943361546,5.175,5.156,20457.6001677783,,,76.5667802279537,77.654,100.186973571777,85.3706665039062,96.85811,70.65515,28.0361595153809,0.207129999995232,7.36051988601685,4.9040699005127,15.30209,62.19583,,,,,,,,,,,,,,,,,0.906843960285187,0.879468083381653,0.886901795864105,0.904011189937592,0.695651352405548,,,,,,,
Mexico,MEX,2012,21.099,32.315,9.902,21.099,9.357,10.266,8.852,47.294,26.5915706565839,4.892,4.971,20898.935720908,49.6,7.3,76.6585199140734,78.298,106.491287231445,85.1352386474609,96.54607,71.82661,29.3496494293213,0.233600005507469,7.1267900466919,4.88349008560181,15.32661,64.52407,50.9,53.42,48.31,28.51,74.49,29.09,27.72,0.38274,72.93,96.16,0.75842,11.38,1.83743,41.31,13.53,1.67248,0.907523572444916,0.874885857105255,0.883577287197113,0.903561234474182,0.694920241832733,0.165408800536171,0.207691892125597,0.0816299391146343,0.33242573975453,0.189093617810124,0.52194435760916,0.0809685390530156
Mexico,MEX,2013,20.437,31.417,9.503,20.437,9.398,10.697,8.682,46.448,26.6149635386733,4.921,5.125,20805.3480406564,,,76.7955768077952,77.805,110.180541992188,86.537727355957,96.77148,75.56968,30.3301601409912,0.269670009613037,4.38244009017944,4.50858020782471,15.53822,66.53575,,,,,,,,,,,,,,,,,0.909124195575714,0.876969933509827,0.883333683013916,0.905993342399597,0.685527265071869,,,,,,,
Mexico,MEX,2014,20.25,31.294,9.276,20.25,9.418,10.664,8.743,45.493,26.1286776395464,4.819,5.372,21069.7661653886,48.9,7.2,76.9741367091766,74.356,111.539886474609,87.0949401855469,97.06493,77.66257,31.2052898406982,0.314850002527237,2.97639989852905,5.06807994842529,15.39478,70.47399,52.31,52.64,51.99,31.58,75.2,29.3,34.21,0.41995,73.52,95.04,0.77357,10.59,1.81586,35.48,9.28,1.73844,0.908832669258118,0.879448711872101,0.878809571266174,0.909190595149994,0.674062639474869,0.15790208218641,0.236251515856446,0.0978826184105409,0.372306951100447,0.194596748335276,0.4845917556071,0.0844560082291418
Mexico,MEX,2015,19.716,30.727,8.793,19.716,8.516,9.929,7.749,44.822,25.8734166652499,4.311,4.929,21408.9283216195,,,77.1903854182753,69.335,105.99284362793,93.2770614624023,96.22451,80.02575,31.9718608856201,0.316359996795654,1.77625000476837,5.05087995529175,15.20393,72.63821,,,,,,,,,,,,,,,,,0.917743146419525,0.896921157836914,0.899168193340302,0.916127920150757,0.66794154047966,,,,,,,
Mexico,MEX,2016,19.498,30.506,8.596,19.498,7.621,8.656,7.06,44.275,25.368150093206,3.853,4.929,21578.263354126,46.9,4.4,77.4405087351486,66.136,104.702178955078,96.7191925048828,96.57231,81.22278,38.589771270752,0.312660008668899,2.43499994277954,4.75795984268188,14.42638,75.09709,52.80169,52.28305,53.39724,31.23141,86.586,24.96371,37.70648,0.3607,75.54178,99.08476,0.7624,11.89172,1.84828,40.3543,12.61296,1.68744,0.92391300201416,0.895027875900269,0.900817334651947,0.919892489910126,0.669303864240646,,,,,,,
Mexico,MEX,2017,18.701,29.428,8.096,18.701,6.849,7.936,6.265,43.849,25.01057468159,3.419,4.313,21777.5225127275,,,77.7206924598541,64.486,104.324859619141,98.2657775878906,,81.15596,40.3390693664551,0.333790004253388,5.01799011230469,4.39752006530762,,82.21592,,,,,,,,,,,,,,,,,0.938281416893005,0.912115395069122,0.914503216743469,0.935718476772308,0.66446727514267,,,,,,,
Mexico,MEX,2018,18.412,28.644,8.316,18.412,6.815,7.522,6.434,43.837,24.9522096359473,3.275,4.118,21997.7730219494,46.0,3.9,78.0271223924494,63.447,102.369117736816,92.5740966796875,,,41.6382789611816,0.255989998579025,7.11796998977661,4.13944005966187,,84.07798,58.73,60.84,56.55,37.65,80.48,37.26,38.16,0.46782,78.22,95.95,0.81522,11.46,1.79494,37.53,11.2,1.70157,0.937147080898285,0.916193008422852,0.921858608722687,0.932442247867584,0.660222411155701,,,,,,,
Mexico,MEX,2019,18.299,27.824,8.919,18.299,7.16,7.981,6.704,44.977,25.2923719558328,3.477,4.399,21704.185952748,,,78.355984332992,63.359,102.47265625,91.425666809082,,,43.0441398620605,0.317059993743896,7.2519998550415,,,,,,,,,,,,,,,,,,,,0.935123860836029,0.914062917232513,0.913339376449585,0.933478593826294,0.666920453310013,,,,,,,
Mexico,MEX,2020,20.052,28.936,11.318,20.052,8.053,8.639,7.731,40.03,25.6061584665131,4.44,4.658,19728.4817827455,44.6,4.3,78.677960602824,62.577,102.597717285156,90.8838729858398,,,45.1654510498047,0.29093998670578,7.63704013824463,4.4996600151062,,,,,,,,,,,,,,,,,,,0.934856235980988,0.913917481899261,0.9163618683815,0.931485176086426,0.66095507144928,,,,,,,
Mexico,MEX,2021,17.918,26.551,9.443,17.918,7.626,8.317,7.233,44.463,26.9162365538204,4.019,4.638,20782.5877440905,,,78.9324007418057,62.033,102.820198059082,92.4205322265625,,,45.6506195068359,0.333270013332367,8.08275032043457,4.23823976516724,,,,,,,,,,,,,,,,,,,,,,,,,,,,,,
Mexico,MEX,2022,16.824,25.132,8.678,16.824,6.465,7.323,5.979,44.426,26.7121637679536,3.256,4.0,21391.8573698845,43.5,2.3,79.199683215791,61.111,102.239273071289,93.2870101928711,,,46.4061317443848,0.341919988393784,8.01016044616699,4.05987977981567,,,,,,,,,,,,,,,,,,,,,,,,,,,,,,
Mexico,MEX,2023,15.913,23.988,8.005,15.913,5.844,6.397,5.518,44.888,26.1101792283655,2.765,3.375,21864.9236104145,,,79.4734935748046,60.099,103.764976501465,88.8865966796875,,,47.474681854248,0.348219990730286,8.28357028961182,,,,,,,,,,,,,,,,,,,,,,,,,,,,,,,
Mexico,MEX,2024,15.885,23.664,8.278,15.885,5.76,6.306,5.437,45.064,25.3176786585274,2.678,3.21,21970.3520412926,42.6,1.6,79.7538805976118,59.316,102.283569335938,86.6006469726562,,,48.203441619873,0.363240003585815,9.12777996063232,,,,,,,,,,,,,,,,,,,,,,,,,,,,,,,
Mexico,MEX,2025,15.976,23.825,8.312,16.175,5.714,6.299,5.369,45.014,25.3099549208398,2.673,,21911.9292842747,,,80.0408930629723,,,,,,,,,,,,,,,,,,,,,,,,,,,,,,,,,,,,,,,
Nicaragua,NIC,2001,,,,26.076,11.509,14.243,10.458,49.881,39.5116082434436,7.222,5.349,4958.32740448527,52.9,26.3,55.3522521763064,111.467,66.3999481201172,46.1643714904785,,36.46335,,11.4244298934937,36.405200958252,,,44.15801,25.82,30.67,21.18,3.86,53.41,7.08,0.95,0.07227,9.91,62.85,0.15768,29.83,1.7536,49.14,21.01,1.57245,0.850750803947449,0.774838149547577,0.759513795375824,0.845516443252563,0.867881521582603,,,,,,,
Nicaragua,NIC,2002,,,,,11.88,14.682,10.781,50.015,40.2986986964387,7.517,,4935.48508468148,,,55.4894961947237,109.175,74.3582992553711,49.7122802734375,,38.66694,17.9654998779297,4.45210981369019,31.5517997741699,2.39101004600525,,46.69712,,,,,,,,,,,,,,,,,,,,,,,,,,,,
Nicaragua,NIC,2003,,,,,12.021,14.863,10.886,50.15,41.1731007924637,7.6,,5000.61145616409,,,55.6308042935869,108.676,74.2513732910156,,,,,,,2.42200994491577,,,,,,,,,,,,,,,,,,,,,,,,,,,,,,
Nicaragua,NIC,2004,,,,,10.285,15.38,8.214,50.284,41.9068252950596,6.41,,5204.38170601052,,,55.7791779253789,108.584,75.2914886474609,54.4467582702637,,41.63398,,1.06045997142792,25.6687202453613,,,50.23282,,,,,,,,,,,,,,,,,,,,,,,,,,,,
Nicaragua,NIC,2005,22.817,35.244,9.993,22.817,8.676,11.201,7.634,50.418,42.6697810118623,5.37,7.18,5356.95817825808,48.8,16.5,55.9375480421093,110.059,79.3535995483398,59.1053581237793,,43.93625,,0.952709972858429,22.8179397583008,,2.97574,54.30089,28.92,34.54,23.82,3.34,57.79,5.74,1.59,0.0578,11.78,64.75,0.18193,22.28,1.72307,50.49,15.23,1.69836,0.936857998371124,0.877618193626404,0.850506067276001,0.916598081588745,0.869186118245125,0.20574616209937,0.271493780513435,0.11031585633445,0.448701548111444,0.127401574565044,0.496193616767137,0.104911028154384
Nicaragua,NIC,2006,23.058,35.554,10.19,,8.608,9.65,8.172,50.553,42.4252250484436,5.31,,5500.40543544526,,,56.1058547675536,109.741,79.4421768188477,60.0568618774414,,45.4727,,3.02220988273621,9.751540184021,,3.5145,55.13138,,,,,,,,,,,,,,,,,,,,,,,,,,,,
Nicaragua,NIC,2007,23.087,36.216,9.629,,7.878,9.761,7.081,50.688,42.1378397270787,4.89,,5697.2107429964,,,56.2816618351146,108.877,79.82861328125,61.9013786315918,,,,3.78291010856628,,,,56.87279,,,,,,,,,,,,,,,,,,,,,,,,,,,,
Nicaragua,NIC,2008,24.018,37.543,10.225,,9.906,13.418,8.406,50.824,41.8055402687,6.2,,5809.09928522386,,,56.4638124507513,108.445,78.2820587158203,59.0487785339355,,,,3.21033000946045,,,,54.96007,,,,,,,,,,,,,,,,,,,,,,,,,,,,
Nicaragua,NIC,2009,25.268,38.986,11.356,,12.717,17.181,10.794,50.961,41.7871937860057,8.16,,5538.36555049931,43.9,13.9,56.651098305894,108.147,,,,,,,,,,,32.16,36.26,27.7,10.97,56.51,10.05,11.78,0.19412,20.53,65.61,0.31291,23.4,1.47778,50.71,22.52,1.55591,0.887442529201508,0.838847160339355,0.837536990642548,0.871687293052673,,0.245091298301157,0.30258678122293,0.125439299862584,0.475104505341384,0.153053796048868,0.462539554871927,0.0820745246076802
Nicaragua,NIC,2010,25.298,39.456,11.02,,12.083,16.327,10.238,51.099,41.6199881908991,7.83,,5701.12754906379,,,56.842311091973,108.235,82.8093414306641,64.6572570800781,,48.4211,,4.45765018463135,14.9484596252441,4.48422002792358,7.42901,57.30551,,,,,,,,,,,,,,,,,,,,,,,,,,,,
Nicaragua,NIC,2011,24.797,39.439,10.113,,10.189,13.793,8.609,51.238,41.342207128488,6.613,,5976.25247519395,,,57.0362425004184,106.854,,,,,,,,,,,,,,,,,,,,,,,,,,,,,,,,,,,,,,
Nicaragua,NIC,2012,24.178,39.279,9.115,15.025,8.142,11.075,6.846,51.377,41.0628956316593,5.208,7.258,6275.78730248003,,,57.2316842226606,105.702,,,,,,,,,,,,,,,,,,,,,,,,,,,,,,,,,,,,,,
Nicaragua,NIC,2013,24.65,39.925,9.486,,9.007,11.575,7.862,51.517,40.8057415138236,5.28,,6494.14920922407,,,57.4274279501299,104.23,,,,,,,,,,,,,,,,,,,,,,,,,,,,,,,,,,,,,,
Nicaragua,NIC,2014,24.488,40.562,8.597,24.488,8.437,13.026,6.372,51.658,40.546603155565,4.52,7.101,6712.21708286288,46.2,6.6,57.6222653742564,103.165,,,,,,,,4.08329010009766,,,40.92,48.19,33.58,24.78,67.31,30.64,17.37,0.36815,32.36,69.77,0.46381,15.11,1.80807,29.88,13.89,1.53514,0.932092130184174,0.871613681316376,0.847521007061005,0.913049280643463,0.83863477408886,0.0374515997715288,0.0318389681070009,0.0350128289548375,0.0294186398857192,0.540997214949874,0.459891155606587,0.104672287147868
Nicaragua,NIC,2015,24.451,40.214,8.924,,8.793,12.722,7.032,51.462,40.2399933517706,4.7,,6939.03243274344,,,57.8149881864705,102.074,,,,,,,,4.07843017578125,,,,,,,,,,,,,,,,,,,,,,,,,,,,,,
Nicaragua,NIC,2016,23.723,39.383,8.344,,7.338,10.093,6.11,51.277,39.9671135390233,3.9,,7158.75755467501,,,58.0043880782023,100.938,,,,,,,,4.08114004135132,,,,,,,,,,,,,,,,,,,,,,,,,,,,,,
Nicaragua,NIC,2017,23.085,38.589,7.897,,6.251,8.328,5.33,51.088,39.6919257511583,3.3,,7391.19638215265,,,58.1892567408822,99.952,,,,,,,,4.35768985748291,,,,,,,,,,,,,,,,,,,,,,,,,,,,,,
Nicaragua,NIC,2018,24.036,39.427,8.987,,9.714,12.528,8.511,51.354,39.5784855634116,5.2,,7049.02709828403,,,58.3683858659405,98.74,,,,,,,,4.47380693256251,,,,,,,,,,,,,,,,,,,,,,,,,,,,,,
Nicaragua,NIC,2019,24.152,39.632,9.035,,10.056,13.038,8.824,51.588,39.5837231735532,5.457,,6756.59334024487,,,58.5405671448072,97.665,,,,,,,,4.59991969121332,,,,,,,,,,,,,,,,,,,,,,,,,,,,,,
Nicaragua,NIC,2020,24.628,39.953,9.679,,11.424,14.993,9.956,50.623,40.2716359278103,6.18,,6523.36944661195,,,58.7045922689128,96.514,,,,,,,,4.58034059162685,,,,,,,,,,,,,,,,,,,,,,,,,,,,,,
Nicaragua,NIC,2021,24.131,39.289,9.353,,11.057,14.319,9.7,50.868,39.7963349559465,6.076,,7119.16874782601,,,58.8592529296875,95.052,,,,,,,,4.08717467298944,,,,,,,,,,,,,,,,,,,,,,,,,,,,,,
Nicaragua,NIC,2022,23.246,38.343,8.531,,9.503,12.344,8.286,52.131,39.6154533672968,4.969,,7277.82041652584,,,58.9954376220703,94.053,81.7195205688477,,,,,,,3.80001496174069,,,,,,,,,,,,,,,,,,,,,,,,,,,,,,
Nicaragua,NIC,2023,21.818,36.491,7.519,,9.203,11.982,7.994,52.342,39.3262430869109,4.698,,7496.53056557505,,,59.1250953674316,93.452,,,,,30.3635101318359,6.6563401222229,16.5477294921875,2.86954998970032,,,,,,,,,,,,,,,,,,,,,,,,,,,,,,
Nicaragua,NIC,2024,21.875,36.57,7.556,,9.581,12.418,8.336,52.423,39.0890494572569,4.98,,7661.09410113202,,,59.2628402709961,93.174,,,,,,,,,,,,,,,,,,,,,,,,,,,,,,,,,,,,,,
Nicaragua,NIC,2025,21.932,36.648,7.594,,9.543,12.393,8.292,52.467,38.8648383001986,5.04,,7933.48888006412,,,59.4435892957332,,,,,,,,,,,,,,,,,,,,,,,,,,,,,,,,,,,,,,,
Panama,PAN,2001,,,,,13.773,18.988,10.948,49.442,34.8894989704873,6.293,,14427.8355424862,56.7,20.8,62.6337017277411,92.783,91.3161163330078,,,60.3896,41.646728515625,3.98185992240906,18.3289699554443,4.18935012817383,13.71771,51.70352,46.64,48.92,44.23,13.16,74.98,12.59,13.75,0.17551,32.42,89.03,0.36415,20.43,1.9256,51.36,8.2,1.84034,0.901014029979706,0.750965595245361,0.756846189498901,0.820157051086426,0.609516799449921,,,,,,,
Panama,PAN,2002,,,,,13.852,19.099,11.03,48.748,35.3216508149564,6.302,,14507.1494232714,56.1,17.2,63.0330904426342,89.532,91.4304122924805,,,62.18624,40.7841186523438,1.63929998874664,16.2151203155518,4.2549901008606,15.35444,52.89857,47.5,51.01,44.15,13.94,80.27,16.07,10.95,0.17366,32.26,86.13,0.37455,19.92,1.87299,47.53,9.98,1.79003,0.903471410274506,0.75323897600174,0.76135915517807,0.818155705928802,0.64361298084259,,,,,,,
Panama,PAN,2003,,,,23.527,13.884,19.073,11.01,49.414,35.7060459548453,6.303,,14957.5590503323,55.6,16.8,63.4079949945516,89.493,,,,,44.2729110717773,,,4.19644021987915,,,50.6,53.9,47.42,16.73,84.14,17.39,16.03,0.19884,34.5,88.11,0.39156,17.36,1.84159,48.76,6.3,1.8708,0.899520993232727,0.742666721343994,0.726461112499237,0.815813899040222,0.661316215991974,,,,,,,
Panama,PAN,2004,,,,,13.59,18.807,10.814,49.298,35.3777012615837,6.097,,15875.1188201453,54.8,15.5,63.7553758418416,91.735,92.7551574707031,45.0865783691406,65.30746,61.62455,43.0450782775879,0.12066999822855,17.6261405944824,3.55807995796204,11.95733,53.29621,50.34,56.77,43.96,15.65,80.14,20.11,10.55,0.19528,44.17,87.06,0.50735,17.22,1.94715,43.43,7.02,1.83836,0.899093747138977,0.775899529457092,0.770010054111481,0.824152767658234,0.617972791194916,,,,,,,
Panama,PAN,2005,22.079,33.036,11.517,,13.485,18.6,10.663,49.049,35.0705652607641,5.967,,16867.9674513124,53.8,14.5,64.0721934428526,88.54,92.667106628418,46.8765182495117,94.73877,61.79277,41.6649894714355,0.502040028572083,19.3480091094971,,,53.91349,52.68,58.71,47.03,16.69,76.75,21.72,12.26,0.21746,44.8,92.48,0.48443,19.8,1.96263,40.78,7.22,1.82295,0.902421176433563,0.776275992393494,0.736088693141937,0.845273017883301,0.63272961974144,,,,,,,
Panama,PAN,2006,22.178,33.172,11.582,22.178,13.287,18.433,10.541,47.249,34.733102439688,5.792,,18190.281154717,54.6,15.7,64.355408255933,87.631,90.8496780395508,65.3025970458984,98.88004,,42.6925010681152,0.060759998857975,19.0301494598389,,,53.95049,54.67,59.09,49.95,18.05,83.53,19.08,16.86,0.21609,42.66,91.43,0.46659,16.86,1.90095,42.34,6.61,1.84388,0.908343195915222,0.802714824676514,0.747783541679382,0.870596349239349,0.640557110309601,,,,,,,
Panama,PAN,2007,19.771,30.244,9.677,19.771,13.093,18.26,10.415,47.185,32.3873455972921,5.665,,20208.8293911964,52.7,13.0,64.6019807394311,88.322,95.5436019897461,65.5875778198242,99.84275,,42.9214782714844,0.096000000834465,,,14.48871,53.41413,55.61,59.6,51.35,18.37,82.42,18.94,17.69,0.22288,44.13,92.51,0.47703,13.9,1.98705,40.06,5.55,1.86146,0.930082738399506,0.84419983625412,0.804732739925385,0.894920289516449,0.588429540395737,0.130012145968235,0.249158177723761,0.100334158415842,0.392024426900481,0.191411139634902,0.446127920615629,0.113302762025708
Panama,PAN,2008,22.043,32.404,12.055,22.043,12.956,18.198,10.37,49.587,27.2710448427256,5.639,,21867.8272186787,52.7,9.0,64.8088713516952,89.987,99.0826187133789,65.9321517944336,98.05312,63.30201,43.0992698669434,0.529980003833771,13.4808197021484,3.42529010772705,,52.77445,56.49,61.11,51.97,20.9,83.57,17.01,25.46,0.25009,41.83,92.74,0.45105,11.88,2.0,40.36,6.14,1.84787,0.942879140377045,0.853242099285126,0.819254517555237,0.8965123295784,0.565450668334961,0.135747951420805,0.236738168506102,0.100232141282948,0.379864928150649,0.182138678073271,0.460502528283384,0.120620625137243
Panama,PAN,2009,20.08,29.979,10.536,20.08,13.258,18.502,10.591,49.976,32.9903160583164,5.857,,21822.996136155,51.8,6.6,64.9730405510737,91.299,99.3293228149414,68.4832305908203,98.74785,63.42638,43.0278511047363,3.26665997505188,11.5723495483398,,,52.90977,57.37,62.04,52.78,21.36,84.53,26.42,16.06,0.25269,49.04,92.54,0.52993,10.94,1.90859,36.12,3.36,1.90698,0.941460311412811,0.837375402450562,0.796811163425446,0.889444470405579,0.577481806278229,0.126497173734406,0.252265352722029,0.121173538009074,0.384733405415854,0.189054801105636,0.441966109842567,0.116713736329768
Panama,PAN,2010,20.888,31.277,10.871,20.888,13.43,18.77,10.787,47.363,32.6841498302018,5.845,4.399,22739.1194141341,51.6,7.7,65.0926097647906,90.924,95.2158521717417,70.7945695324101,98.8914,66.11851,43.9639480204278,2.87930480180037,9.11171749277839,,,52.19353,,,,,,,,,,,,,,,,,0.922634780406952,0.843705117702484,0.804630875587463,0.887180924415588,0.537174195051193,0.137286544700051,0.258680869614213,0.117136999517607,0.395659607742448,0.187585073856711,0.443822340580118,0.109911715948957
Panama,PAN,2011,21.032,30.321,12.075,21.032,11.099,13.41,9.994,43.841,30.7539452528439,4.03,2.351,24999.4702655482,51.3,6.1,65.1896678664818,92.045,99.3665725019658,71.5861738165902,98.77133,65.56966,41.8858795918623,4.10605912934336,10.9940548614615,3.07034993171692,9.18672,52.23038,59.03,63.79,54.17,22.91,85.76,26.38,18.36,0.26714,48.98,94.24,0.51974,8.08,2.0,33.78,3.22,1.90468,0.934735536575317,0.875123202800751,0.864408612251282,0.895897209644318,0.499896347522736,0.136447493185957,0.266478734910551,0.13398928034344,0.390560109782962,0.194369506570359,0.420751644143864,0.118400114375225
Panama,PAN,2012,17.589,26.518,8.978,17.589,9.583,12.955,7.886,46.223,30.9959845822266,3.691,2.663,26926.8956928065,51.7,7.4,65.2829468288151,92.117,101.182405573785,75.6457619323156,,,43.6626516529234,4.93138147559313,,,,,,,,,,,,,,,,,,,,,0.966145396232605,0.899720728397369,0.871677458286285,0.92104160785675,0.522918701171875,0.110485776647366,0.22543339330963,0.101029750224781,0.353611214691899,0.189582490365052,0.464781861331359,0.120202254993959
Panama,PAN,2013,16.979,25.547,8.716,16.979,9.896,12.712,8.333,46.544,31.6396947586313,3.674,2.198,28135.3387835383,51.5,5.9,65.3709770103365,91.979,99.7978465641085,,,70.40156,,5.88213255404443,7.39663982391357,,,57.44138,59.45,67.0,52.05,24.75,86.65,33.09,13.12,0.28563,54.69,94.23,0.58039,6.59,1.96813,27.72,5.61,1.79762,0.942932665348053,0.890926599502563,0.864854753017426,0.919061064720154,,0.11025930328612,0.21915248447829,0.0879734088902482,0.34898224933178,0.184288555985797,0.481022323132874,0.115536636403039
Panama,PAN,2014,18.759,27.428,10.4,18.759,11.523,13.852,10.255,45.137,31.6596830791414,4.391,3.012,28931.8156401199,50.5,6.4,65.4531164770096,90.163,96.7291049874744,,,69.04856,44.6253501937764,7.9466505564979,10.6981496810913,3.08107995986939,,57.63113,59.17,62.39,55.65,22.26,86.59,24.37,19.46,0.25707,55.33,96.04,0.57611,7.26,1.78512,24.77,2.91,1.88252,0.938008010387421,0.878677308559418,0.855357646942139,0.896996319293976,,0.121945881885549,0.24067486791218,0.114253658080501,0.358655403526185,0.19718814439533,0.44749068403578,0.11464630365671
Panama,PAN,2015,18.449,27.229,9.987,18.449,11.675,15.772,9.482,43.25,32.4542826530367,4.335,2.374,29933.1671530011,50.8,4.8,65.5287232947981,86.634,,,,69.72867,47.5819435584313,10.0908468827976,9.31552982330322,3.26552009582519,,58.81496,62.41,66.01,58.95,25.6,88.49,25.2,26.19,0.2893,62.23,95.58,0.65108,5.45,1.8,27.96,3.36,1.87983,0.969184815883636,0.861178398132324,0.82734751701355,0.90335077047348,0.540643602609634,,,,,,,
Panama,PAN,2016,17.09,24.114,10.323,17.09,12.295,15.852,10.346,43.621,34.0134481828309,4.717,3.826,30765.2490653506,50.4,4.8,65.5971555296656,82.514,,,99.19081,,48.3799959758914,,,3.32278990745544,,69.36994,63.26,65.9,60.54,25.31,91.01,21.08,30.71,0.2781,59.02,97.11,0.60776,8.21,1.84287,29.42,2.13,1.9276,0.93248063325882,0.858015120029449,0.826333284378052,0.893929421901703,0.568093240261078,,,,,,,
Panama,PAN,2017,17.198,23.985,10.662,17.198,14.817,19.268,12.183,43.713,34.2482889027159,5.338,3.231,31979.8246437748,49.9,4.3,65.6577712475758,79.106,90.2607415227749,77.1487873532171,,63.79138,,12.669396973985,12.0450175849941,3.37834000587463,,57.93488,65.55,72.13,58.51,38.0,88.98,42.64,32.04,0.42706,66.77,96.76,0.69006,9.01,1.94895,25.37,2.66,1.89515,0.919975578784943,0.833196580410004,0.793303072452545,0.873282670974731,0.540446758270264,,,,,,,
Panama,PAN,2018,16.381,23.101,9.913,16.381,14.1,20.012,10.733,45.624,36.0547926919118,5.161,4.027,32681.4729886331,49.2,3.7,65.7099285144924,75.109,,,,,,,,3.4524199962616,,,67.24,71.35,63.5,40.27,88.98,41.3,39.03,0.45257,70.45,98.09,0.71822,8.72,1.94151,27.49,1.46,1.94689,0.945269644260406,0.839052796363831,0.787973344326019,0.886874198913574,0.594491124153137,,,,,,,
Panama,PAN,2019,16.683,22.69,10.903,16.683,17.128,22.989,13.566,46.305,38.0828098845862,6.256,5.141,33163.7172814857,49.8,2.9,65.752985396379,69.342,86.7779555118056,71.6217340655683,,,,12.0800021307859,21.0892332699163,3.28122011579173,,,,,,,,,,,,,,,,,,,,,,,,,,,,,,
Panama,PAN,2020,18.735,22.316,15.291,18.735,33.033,44.856,24.323,50.248,38.2001163766001,14.663,13.23,26881.8277221689,,,65.7862999591993,62.55,87.4795583246611,70.528198799107,,,44.9372948646286,9.79184712591622,20.9846487400208,4.30487012863159,,,,,,,,,,,,,,,,,,,,,,,,,,,,,,
Panama,PAN,2021,19.298,22.999,15.74,19.298,22.338,27.083,19.803,40.567,37.7658761702027,10.177,7.483,30932.7627780514,50.9,3.3,65.8092302689169,58.035,95.2437175479318,83.7605421894626,,,52.7147829654218,3.46076599159559,13.6544118316683,3.71198010444641,,,,,,,,,,,,,,,,,,,0.9029501080513,0.763829052448273,0.724641084671021,0.801897644996643,,,,,,,,
Panama,PAN,2022,17.564,22.117,13.188,17.564,19.186,23.314,16.882,45.64,42.1207766902643,8.086,8.323,33915.1693306309,,,65.8211343914956,57.772,93.0531743816701,82.7264902381375,,,57.8162831217614,3.04311494432033,13.3507416577596,3.37781000137329,,,,,,,,,,,,,,,,,,,,,,,,,,,,,,
Panama,PAN,2023,15.139,21.378,9.142,15.139,16.765,22.011,13.481,42.673,36.0676492120657,6.544,5.418,35872.9719200069,48.9,3.7,65.8601271176084,57.342,93.2789665970772,77.0759049162615,,,53.6949637061742,8.90364819290592,20.3929469682417,2.47225999832153,,,,,,,,,,,,,,,,,,,,,,,,,,,,,,
Panama,PAN,2024,14.704,19.293,10.294,14.704,19.682,26.686,15.004,44.943,37.9242638517097,8.451,7.04,36394.9235366316,49.7,3.1,65.9958447685488,55.851,96.2007064819336,78.8378524780273,,,,7.69758987426758,,,,,,,,,,,,,,,,,,,,,,,,,,,,,,,,
Panama,PAN,2025,14.816,19.455,10.359,15.089,19.768,26.199,15.436,45.005,37.8732376561393,8.36,,37516.1796428548,,,66.1500999418126,,,,,,,,,,,,,,,,,,,,,,,,,,,,,,,,,,,,,,,
Paraguay,PRY,2001,,,,21.452,11.219,14.281,9.479,62.398,52.788742004595,6.206,4.473,9748.02702767691,54.6,13.5,57.9686577349574,77.086,93.3145980834961,72.7855224609375,91.73631,51.65877,19.336540222168,0.770699977874756,12.8320903778076,3.8335599899292,12.06286,51.47689,36.93,38.89,34.76,7.0,65.63,11.76,3.99,0.10666,24.54,75.03,0.32707,19.45,1.77892,56.09,15.33,1.72669,0.91279661655426,0.825143039226532,0.826726377010345,0.882782518863678,0.915393158793449,0.144068688352997,0.279080942430818,0.152609849601887,0.394388963574675,0.119379369926866,0.47980624983257,0.121733437809746
Paraguay,PRY,2002,,,,25.028,16.531,22.643,13.065,62.455,52.7184907292074,9.393,4.158,9609.53364585336,57.3,19.6,58.3089732866691,74.955,95.1730728149414,72.9617233276367,92.12732,52.87572,28.3164596557617,0.705399990081787,12.867039680481,3.40773010253906,10.27673,56.39919,36.10678,38.65437,33.61319,,,,,,,,,,,,,,0.868529081344604,0.780815482139587,0.753690004348755,0.851690113544464,0.942045606672764,0.183990458989042,0.306354926190726,0.156656856562259,0.445629143821997,0.107267452659734,0.48949682709616,0.0968807940533804
Paraguay,PRY,2003,,,,21.848,13.35,18.267,10.616,57.651,50.4159941692873,6.814,5.138,9902.19918003817,54.9,13.8,58.5521334403429,75.168,97.2467803955078,70.9915924072266,91.59757,54.13995,26.9151496887207,0.6424800157547,11.8023195266724,3.3827600479126,10.62564,52.09119,41.92,45.33,38.67,17.67,62.14,13.08,22.32,0.28436,36.52,74.51,0.49014,18.21,1.68699,48.41,24.92,1.48523,0.897900521755219,0.822646021842957,0.794618606567383,0.878891229629517,0.922734998166561,0.147085504279866,0.275243662819658,0.144936890418818,0.404377251215454,0.13912185655898,0.461079661151701,0.124554819469661
Paraguay,PRY,2004,,,,20.568,11.927,18.238,8.233,61.477,51.7453760959427,6.513,4.876,10185.9074387779,52.3,10.7,58.7421370296254,74.329,96.3996429443359,72.0909118652344,90.23344,56.20782,27.1320304870606,0.71016001701355,9.73908996582031,2.86989998817444,9.31517,53.33769,39.2,40.06,38.25,20.35,63.04,19.87,20.86,0.32281,42.87,75.25,0.5697,18.58,1.79386,42.91,18.89,1.55978,0.909684121608734,0.848654329776764,0.805903494358063,0.90468692779541,0.938427180051804,0.139755779681932,0.257849691976557,0.119490760745241,0.388840928027625,0.122280748650707,0.50542575530253,0.114443804070205
Paraguay,PRY,2005,18.877,29.08,9.064,18.877,10.33,14.195,8.083,58.783,48.0515886289771,4.825,3.359,10288.800866577,51.4,10.1,58.894079141979,73.857,98.1451568603516,90.0560073852539,,57.02914,27.7761993408203,0.781409978866577,9.2723503112793,,,52.79135,43.86,45.43,42.32,15.1,67.75,15.95,14.36,0.22288,43.1,80.5,0.5354,18.82,1.88629,44.0,16.85,1.61705,1.0,0.883868932723999,0.83780699968338,0.900626063346863,0.929471291601658,0.122016641620851,0.258592466053155,0.113346673433697,0.404637072526987,0.119054642346603,0.492969137463249,0.129383754136993
Paraguay,PRY,2006,19.186,29.53,9.235,19.186,11.076,14.76,8.949,58.97,47.9147693419074,5.277,3.365,10671.6449984385,53.0,14.1,59.0202286834627,73.041,98.0814666748047,,88.3729,57.42306,,0.686749994754791,9.77223968505859,,,52.86204,51.72,54.75,48.76,17.3,80.07,12.81,21.44,0.21606,44.4,81.8,0.54279,12.31,1.91877,44.05,11.5,1.73893,0.954796731472015,0.879686117172241,0.825840651988983,0.901706397533417,0.95724006742239,0.136613948460601,0.256544654366281,0.128928606072364,0.38582268530034,0.11835218561938,0.493293264280321,0.131809895734019
Paraguay,PRY,2007,19.558,29.62,9.875,19.558,10.411,16.142,7.2,57.285,45.556373923451,4.713,1.884,11140.4629098064,53.0,12.6,59.1328545601355,73.066,99.7209396362305,84.1384735107422,89.2943,58.11186,31.087760925293,0.56274002790451,9.24950981140137,2.73951005935669,10.91447,53.72875,48.97,52.0,45.93,18.06,70.51,20.97,14.93,0.25613,40.76,82.17,0.49604,17.59,1.84878,46.98,15.64,1.66709,0.833850145339966,0.887648403644562,0.856578528881073,0.866436123847961,0.823786407709122,0.134902586902423,0.2563709745916,0.124296160649775,0.391139514042926,0.119517312755791,0.489369944065491,0.133052593433748
Paraguay,PRY,2008,17.552,28.213,7.289,17.552,9.594,13.617,7.222,58.585,42.7392799589328,4.415,2.999,11749.6546354418,50.7,7.9,59.2442256780564,74.327,100.532470703125,84.1900787353516,90.13311,59.36683,36.8851890563965,1.22443997859955,7.81574010848999,,,55.25219,50.19,50.53,49.85,18.87,73.94,17.55,20.37,0.25521,37.28,85.31,0.43699,16.49,1.83202,46.92,12.27,1.73849,0.941481351852417,0.860414564609528,0.832184910774231,0.912968277931213,0.839117214083672,0.128377991848961,0.219507802552299,0.0888554071722977,0.345922037069847,0.135520175419196,0.490031707694786,0.152112464549796
Paraguay,PRY,2009,18.007,27.397,8.963,18.007,11.746,15.567,9.393,62.65,44.904289614289,5.46,3.281,11599.8198579092,49.1,9.1,59.3666109432844,75.577,101.040939331055,73.7129516601562,91.99547,59.90882,39.7724685668945,2.05831003189087,6.67200994491577,,,55.81401,53.64,60.17,47.62,31.5,81.0,34.19,29.18,0.38889,51.07,87.39,0.58439,13.59,1.85578,46.51,13.23,1.71555,0.918620467185974,0.850939393043518,0.818610429763794,0.892545104026794,0.811336547136307,0.120944637342313,0.21260972352481,0.0950814608027093,0.331878147540746,0.129021755259454,0.473390535873933,0.181933213558373
Paraguay,PRY,2010,19.5,28.705,10.631,19.5,10.614,14.667,8.2,56.992,42.0789657330733,4.569,2.816,12736.9672867807,51.0,9.4,59.5122792618786,75.411,99.700252378179,75.8035735157754,92.9802,60.94171,37.6179261040957,1.58320999145508,5.28653001785278,2.7707200050354,11.16064,56.27567,50.34,52.8,47.92,21.5,75.34,16.68,25.93,0.28537,54.51,85.3,0.63904,13.5,1.85333,37.79,16.77,1.55623,0.886177480220795,0.870934426784515,0.826450347900391,0.898906469345093,0.518936574459076,0.147437839466394,0.225100847600999,0.101803517897809,0.352631927933389,0.141226995959888,0.482248747964482,0.145818354994316
Paraguay,PRY,2011,16.908,23.869,10.2,16.908,11.361,16.431,8.024,56.829,41.4641621582157,4.67,2.507,13107.8104435989,52.3,8.9,59.693499539898,76.175,96.060889304313,78.3397222200536,94.45507,62.70972,,1.50367999076843,6.68698978424072,3.69283008575439,12.62,59.31471,55.36,57.49,53.13,15.92,84.05,21.61,8.83,0.18941,50.03,83.67,0.59794,10.82,1.98059,34.71,10.93,1.68511,0.930310964584351,0.856054604053497,0.821905016899109,0.902764618396759,0.883015818893909,0.104497555042776,0.216819716330034,0.126922337700338,0.307463360030544,0.16580204168635,0.44434577478204,0.170650135997032
Paraguay,PRY,2012,16.016,23.919,8.4,16.016,10.045,13.78,7.608,59.001,42.1117817855873,4.085,2.612,12833.1801619413,47.6,6.4,59.9212909454702,77.328,95.9523198357184,80.5463984527324,,65.88458,,1.48988550220991,5.22693014144897,3.66877007484436,12.3136,68.27592,61.09,63.21,58.65,25.63,80.85,23.75,27.27,0.31701,51.86,88.72,0.58454,9.36,1.92842,32.71,12.07,1.631,0.924400806427002,0.884802162647247,0.853767275810242,0.910136461257935,0.792068436741829,0.104879350019926,0.19656864062794,0.0957887876644896,0.291342730840951,0.13832827074541,0.44628385306392,0.213594223972856
Paraguay,PRY,2013,14.584,21.197,8.21,14.584,9.497,11.694,8.06,58.004,38.2344501560093,4.385,3.117,13698.9722320262,47.9,4.1,60.2375315600901,76.799,,,,,,,,2.67871193892232,,,59.2,59.22,59.17,31.82,80.67,31.16,32.62,0.39445,62.2,90.85,0.68464,6.73,1.91976,35.59,8.98,1.74768,0.911862552165985,0.890783250331879,0.870509088039398,0.911536633968353,0.70289808511734,0.097691642085201,0.182677180305102,0.098528532893993,0.268114753650283,0.144567953475251,0.458048923649947,0.213400919938815
Paraguay,PRY,2014,16.831,24.394,9.541,16.831,11.097,15.868,8.27,56.058,37.2446361233513,5.034,2.953,14217.5580896983,50.7,4.3,60.7101965948157,77.096,,,,,,,,2.59655894629063,,,61.53,65.0,58.21,26.92,79.48,27.97,25.97,0.3387,59.38,86.23,0.68862,6.91,1.17221,28.04,14.87,1.46969,0.886297941207886,0.865958392620087,0.821789622306824,0.900536119937897,0.0,0.121131416112027,0.198208881101783,0.103282571050219,0.292182958158015,0.161290649518141,0.449163282334478,0.188626126834744
Paraguay,PRY,2015,17.45,24.303,10.844,17.45,10.922,11.862,10.38,54.053,38.7850907937032,4.556,2.444,14425.777586033,47.6,4.2,61.3302768533263,76.887,,,,,,,,3.33377822870463,,,61.85,62.15,61.57,32.52,86.03,27.65,37.74,0.37801,67.79,93.9,0.72194,7.82,1.8798,31.39,5.44,1.8267,0.925553798675537,0.885963618755341,0.872741281986237,0.902366101741791,0.70349782705307,,,,,,,
Paraguay,PRY,2016,18.568,27.459,9.998,18.568,11.529,15.417,9.084,57.661,39.1281703163587,5.255,4.247,14824.7906280812,47.9,4.2,62.0827613208606,76.626,98.1086017794463,69.7342903081437,,,,10.2591377383337,9.18679080593541,3.43498992919922,11.92418,69.04509,58.92869,62.79393,55.04987,18.28201,90.25737,20.29976,16.93533,0.20255,46.87556,97.30871,0.48172,14.69463,1.84522,44.14502,5.52619,1.87482,0.890039920806885,0.867524325847626,0.83093798160553,0.896592140197754,0.76424004137516,,,,,,,
Paraguay,PRY,2017,18.586,27.288,10.198,18.586,14.28,19.603,10.933,58.414,36.7942385474886,6.138,2.762,15318.4012187276,48.5,2.4,62.9526389826574,75.873,,,,,,,,3.09062070242279,,,62.59,65.76,59.6,32.27,81.17,33.36,31.21,0.39756,62.39,94.22,0.66217,8.43,1.82325,29.4,8.44,1.71293,0.897943496704102,0.879528641700745,0.867947161197662,0.891208171844482,0.773396134376526,,,,,,,
Paraguay,PRY,2018,18.429,26.618,10.536,,14.52,18.704,11.824,58.544,37.6361397115738,6.217,,15591.0142663085,46.0,3.1,63.9248988239553,75.157,,,,,,,,3.2961960606943,,,63.62,66.35,60.76,38.29,86.05,36.22,40.87,0.44497,67.91,91.22,0.74446,9.15,1.7071,31.62,7.6,1.75965,0.935578584671021,0.856119275093079,0.84647673368454,0.878865420818329,,,,,,,,
Paraguay,PRY,2019,18.414,26.737,10.391,,15.3,20.113,12.201,59.273,36.8985214007282,6.595,,15319.3889991221,45.7,2.4,64.9845298299929,74.016,,,,,,,,3.48983027194334,,,,,,,,,,,,,,,,,,,0.911557853221893,0.866234540939331,0.819060742855072,0.905819952487946,,,,,,,,
Paraguay,PRY,2020,19.48,27.996,11.274,,17.152,23.518,13.175,56.123,40.7229513773516,7.548,,14989.7667130162,43.5,2.6,66.116520986009,72.899,84.7860722939556,75.0208713134445,,,,12.0254232521514,13.3301255289339,3.93615007400513,,,,,,,,,,,,,,,,,,,0.881727278232574,0.841970503330231,0.796519696712494,0.882197558879852,,,,,,,,
Paraguay,PRY,2021,18.372,26.627,10.42,,16.203,21.867,12.36,59.406,39.6540635501631,7.311,,15400.9446332428,42.9,1.9,67.3058612772421,71.902,,72.9100411810346,,,,12.2779204150194,16.3760068600025,3.41070008277893,,,,,,,,,,,,,,,,,,,0.927075088024139,0.860154390335083,0.79716557264328,0.909769177436829,,,,,,,,
Paraguay,PRY,2022,18.184,25.629,11.014,,14.601,17.844,12.434,55.911,37.3347799949593,6.755,,15222.8920228598,44.6,3.2,68.6396537819458,71.036,87.148745461088,70.1903250714886,,,,12.1999708747458,16.3835528125669,3.39619994163513,,,,,,,,,,,,,,,,,,,,,,,,,,,,,,
Paraguay,PRY,2023,17.223,25.018,9.722,,13.185,17.084,10.605,57.125,36.2303155998669,5.794,,15831.5849831308,44.2,2.4,69.3466081733694,70.332,90.271367469734,73.6400417101147,,,,12.4342550094008,15.9077857309684,3.393709897995,,,,,,,,,,,,,,,,,,,,,,,,,,,,,,
Paraguay,PRY,2024,17.278,25.096,9.757,,13.393,17.338,10.675,56.317,36.4327335054968,5.686,,16367.4940166481,44.2,2.1,69.8622585886961,70.22,88.7082275386775,75.5305775345707,,,,13.3311253107393,15.3709598932153,3.53410005569458,,,,,,,,,,,,,,,,,,,,,,,,,,,,,,
Paraguay,PRY,2025,17.332,25.174,9.792,,11.687,15.173,9.279,56.342,36.0858156250046,4.803,,17245.8458423118,,,70.3897639855864,,,,,,,,,,,,,,,,,,,,,,,,,,,,,,,,,,,,,,,
Peru,PER,2001,,,,20.068,6.069,5.693,6.351,58.986,57.0522115460457,5.068,7.221,7610.63949294843,51.3,27.4,73.1565814081586,69.627,92.7044906616211,78.3268585205078,97.79948,65.00322,29.9192008972168,0.950259983539581,6.85755014419556,3.03712010383606,9.69256,69.95042,60.35,59.09,61.6,30.26,81.75,26.28,34.72,0.37015,40.71,86.48,0.47074,11.66,1.72985,27.94,11.75,1.57946,0.966628313064575,0.915923655033112,0.932822525501251,0.924965083599091,0.946785856038332,,,,,,,
Peru,PER,2002,,,,13.727,5.935,5.581,6.209,59.991,57.3732762606471,4.84,6.495,7930.50980631714,53.6,24.4,73.5500651944675,67.847,92.6345520019531,82.0655670166016,,65.88343,30.2558097839356,0.438289999961853,8.14268016815186,2.82056999206543,9.17781,73.17663,62.42,63.23,61.56,25.96,82.68,22.63,29.72,0.31398,44.01,86.94,0.50621,12.1,1.82066,28.09,5.37,1.80883,0.972944855690002,0.896172404289246,0.914417505264282,0.911943197250366,0.940784055739641,,,,,,,
Peru,PER,2003,,,,20.317,6.364,5.515,7.034,60.99,57.6414554267057,4.15,5.222,8173.27672987692,53.1,22.5,73.9558750733136,67.098,97.8056106567383,,97.79053,,30.319580078125,1.92358994483948,,2.93779993057251,10.38448,69.09745,62.75,63.48,62.04,22.89,82.33,24.34,21.57,0.27803,39.29,89.09,0.44101,13.37,1.7098,29.97,6.44,1.78512,,,,,,,,,,,,
Peru,PER,2004,,,,19.673,7.737,8.275,7.302,61.982,57.9215993478505,4.71,6.549,8494.84031217202,49.9,23.5,74.3769516383133,68.194,98.4170684814453,81.0335464477539,98.36119,66.03303,32.1658897399902,0.313989996910095,9.19058036804199,2.95787000656128,10.60857,71.416,68.39,67.35,69.37,34.33,88.02,29.34,39.44,0.39002,45.77,88.52,0.51706,12.67,1.91081,28.91,14.22,1.50813,,,,,,0.12438561905427,0.197978974634162,0.12738246876411,0.269850364903469,0.144816206785184,0.54782321799905,0.107089057923418
Peru,PER,2005,23.986,28.74,19.301,23.986,8.43,8.657,8.242,62.966,56.9553006909315,4.87,7.055,8948.74710742664,50.4,25.4,74.8162354830832,67.014,99.0628280639648,80.6736221313477,98.05131,67.21536,32.4608917236328,0.45508000254631,5.80986022949219,2.83903002738953,10.05427,70.3768,65.08,62.25,67.77,35.79,79.14,31.41,41.23,0.45224,51.06,85.91,0.59434,10.73,1.87232,33.01,11.91,1.6392,0.976143360137939,0.894947528839111,0.91046154499054,0.910868883132935,0.9012620896101,0.158821264229298,0.218434947336374,0.14750561730653,0.290368553437693,0.139510518236256,0.538362668497133,0.104477948951674
Peru,PER,2006,18.744,24.078,13.478,18.744,7.153,8.351,6.169,66.024,55.5520413210228,4.17,5.143,9546.62529545456,50.3,21.8,75.2766672012397,66.389,100.91845703125,84.4250030517578,97.96078,69.37305,33.9184188842773,0.705349981784821,2.57175993919373,2.65281009674072,10.42083,69.8063,71.25,71.75,70.78,38.06,86.31,35.65,40.17,0.44097,55.73,88.97,0.62639,10.64,1.83835,28.99,12.51,1.56847,0.98125296831131,0.908736288547516,0.91057288646698,0.9284827709198,0.894215397536755,0.114906762453092,0.172138221323951,0.101783759696462,0.247136010448719,0.149255056086031,0.567898045840746,0.102898760891153
Peru,PER,2007,16.991,21.764,12.268,16.991,7.541,7.777,7.343,67.814,54.1375491900549,4.08,5.171,10284.9672238506,50.0,18.9,75.7615250588738,65.615,104.099632263184,,96.39112,72.88175,,0.81564998626709,1.33905005455017,2.62940001487732,10.21761,72.8869,73.44,73.05,73.83,40.61,89.72,35.58,45.45,0.45263,55.17,94.24,0.58542,8.86,1.96501,26.87,12.28,1.54298,0.97845447063446,0.902484774589539,0.915032863616943,0.914265215396881,0.878091529011726,0.115420242264472,0.158587907448665,0.103555113602655,0.213799340308099,0.151761575249422,0.570828031458933,0.114687692433973
Peru,PER,2008,16.643,21.282,12.031,16.643,7.432,8.014,6.931,68.485,53.6930190397192,4.03,5.222,11150.0262166889,47.5,15.8,76.2744879116779,65.311,103.983390808105,86.148811340332,97.62561,74.67779,,0.814999997615814,1.61418998241425,2.8677499294281,10.45471,73.70414,74.42,74.12,74.72,43.64,88.96,40.35,47.32,0.49056,58.49,91.54,0.63896,8.12,1.74631,25.14,11.16,1.55609,,,,,,0.112558167869747,0.16200203335665,0.0966568892770807,0.226976732258561,0.158248424091309,0.560818299877101,0.121879431148915
Peru,PER,2009,16.084,20.175,11.987,16.084,7.11,6.914,7.278,68.641,53.3004061698151,3.96,4.216,11202.8654418496,47.0,13.7,76.822147540745,62.724,101.991172790527,89.3881912231445,96.65637,77.71898,,0.804899990558624,1.8945699930191,3.13994002342224,11.37876,76.16072,74.54,74.97,74.16,42.13,92.27,37.33,46.65,0.45659,60.01,93.24,0.64361,7.98,1.79699,24.82,16.65,1.32917,0.971253275871277,0.917256057262421,0.928082168102264,0.921711325645447,0.845549136400223,0.102178371341989,0.157807221593574,0.112226268066053,0.205524832381978,0.142759932961176,0.55656180797756,0.135418356198004
Peru,PER,2010,15.191,18.434,11.921,15.191,6.843,7.185,6.542,69.115,53.2760827851505,3.6,4.348,12057.3912963716,45.5,11.2,77.4020936833934,60.782,104.480117797852,89.9175109863281,94.37639,77.70725,,0.626399993896484,1.70711004734039,2.86730003356934,10.64755,76.7247,77.45,77.43,77.47,50.93,92.48,45.33,57.14,0.55071,64.51,95.06,0.67862,5.51,1.63158,22.12,12.47,1.43626,0.979787230491638,0.919531583786011,0.926488280296326,0.9277423620224,0.851238787174225,0.103040909304209,0.139279844984603,0.105159536698936,0.174521357587552,0.153341232248472,0.567850858407425,0.137404610733006
Peru,PER,2011,15.83,19.511,12.098,15.83,7.001,7.103,6.913,67.718,53.320510988175,3.477,3.955,12724.8832049429,44.7,10.3,78.0118164985462,60.943,102.034370422363,89.1091766357422,90.85626,78.92787,,0.773940026760101,1.76572000980377,2.6635000705719,9.16381,78.76522,79.41,79.47,79.35,52.45,90.5,49.31,55.32,0.57956,69.18,93.63,0.73887,5.46,1.88095,18.55,9.19,1.50458,0.978026688098907,0.918015122413635,0.925190091133118,0.924517929553986,0.824592456221581,0.112826373786917,0.142818561818441,0.0876079752360865,0.199287380455584,0.169198954830677,0.557249104675312,0.131809128223578
Peru,PER,2012,15.244,18.762,11.662,15.244,6.848,7.981,5.856,67.248,51.8022036170935,3.238,3.581,13393.5923851679,44.4,9.5,78.6488061451268,60.066,96.6591262817383,82.8983612060547,99.14629,75.31964,,,,2.92276000976562,10.52528,76.16973,80.88,80.94,80.81,54.76,94.01,53.83,55.72,0.58249,72.77,93.04,0.78214,5.89,1.91511,19.54,11.73,1.39969,0.973543345928192,0.922923266887665,0.916640937328339,0.938039362430573,0.807731628417969,0.108133281149434,0.134136293612524,0.0878147262934724,0.181848314916307,0.169924671579595,0.553482115073128,0.144071683329477
Peru,PER,2013,16.327,19.432,13.156,16.327,7.008,6.923,7.084,65.79,51.375430231108,3.575,3.885,14050.2420319137,43.9,8.6,79.3105527820586,59.087,99.6093826293945,90.1120529174805,94.46829,79.99309,,,,3.29729008674622,10.23723,80.9651,81.84,82.02,81.67,56.36,94.05,53.78,58.93,0.59926,70.07,95.34,0.73495,5.54,1.90253,16.89,11.21,1.33629,0.980033278465271,0.929062485694885,0.932820856571198,0.934816360473633,0.801592081785202,0.120892695087138,0.137838806183291,0.0976313818887745,0.180112017465239,0.180631699047341,0.53097218276293,0.148065969752646
Peru,PER,2014,16.647,20.066,13.151,16.647,7.55,7.603,7.503,64.136,51.9023329766588,3.208,3.466,14242.6444760801,43.1,8.0,79.9945465682649,57.045,100.330276489258,89.0820236206055,95.45288,79.52639,,,,3.69599008560181,12.77849,89.46718,82.06,82.36,81.77,58.38,94.21,57.33,59.48,0.61968,73.09,96.94,0.75397,4.54,1.67401,13.93,12.54,1.09978,0.984753608703613,0.918084740638733,0.920967817306519,0.926964461803436,0.794974729418755,0.112416679441503,0.151307058993853,0.101271954027286,0.20347457828181,0.191994246866908,0.517290482593507,0.142938140666378
Peru,PER,2015,18.586,21.525,15.586,18.586,6.877,6.609,7.11,60.659,51.4989695717702,3.272,4.185,14540.8313160635,43.4,8.0,80.698277662669,55.1,102.76261138916,89.4046173095703,94.94114,79.18143,,,,3.96933007240295,13.8863,91.11991,81.2,82.03,80.4,59.94,92.66,60.9,58.95,0.64688,74.12,97.31,0.76169,4.03,1.93052,13.21,11.28,1.1461,0.975664496421814,0.928941786289215,0.93665087223053,0.930150389671326,0.789268404245377,,,,,,,
Peru,PER,2016,19.196,22.329,16.013,19.196,8.272,8.742,7.858,60.544,52.0266397920302,3.741,4.254,14915.4366324454,43.6,7.5,81.4192362241943,53.228,103.398551940918,90.5791778564453,93.79209,82.80666,73.2223205566406,0.0775699988007545,3.49958992004394,3.81316995620727,13.93289,94.39346,82.65,83.6,81.71,63.61,92.33,58.65,68.52,0.68894,76.01,95.01,0.80002,4.02,1.91045,12.0,8.79,1.2675,0.967503786087036,0.909221827983856,0.911717593669891,0.915342748165131,0.793096363544464,,,,,,,
Peru,PER,2017,17.353,20.453,14.219,17.353,8.319,8.473,8.182,62.191,52.552111160275,3.691,4.372,15067.489279382,43.3,7.3,82.1931650502403,50.691,94.6801528930664,90.0379486083984,95.42862,85.58522,71.2404708862305,0.0450100004673004,2.65883994102478,3.93130993843079,15.06599,96.22188,85.87,86.07,85.66,68.47,95.44,65.49,71.85,0.71741,79.58,97.87,0.81312,2.98,1.38255,11.34,12.09,0.93797,0.984107255935669,0.908998847007751,0.912897288799286,0.914824604988098,,,,,,,,
Peru,PER,2018,17.749,21.056,14.419,17.749,8.342,9.023,7.743,62.054,52.9335908481099,3.492,4.388,15384.1846082423,42.4,6.1,82.6854929960921,49.142,92.8481521606445,91.4081192016602,,89.30975,,0.18350000679493,1.51943004131317,3.71392011642456,14.64931,99.95188,86.43,86.79,86.08,70.3,96.43,69.44,71.21,0.72903,81.18,98.08,0.82769,2.64,1.91288,13.61,11.51,1.1543,0.980798661708832,0.910702466964722,0.908711791038513,0.920898973941803,,,,,,,,
Peru,PER,2019,16.873,20.162,13.575,16.873,7.405,7.906,6.968,62.216,52.6369706122722,3.379,3.607,15461.4572585466,41.5,5.4,83.1033003087105,47.308,94.9881591796875,91.9736175537109,,,,0.156479999423027,2.48915004730225,3.822429895401,,106.08777,,,,,,,,,,,,,,,,,0.979344189167023,0.918031752109528,0.917763471603394,0.924449682235718,,,,,,,,
Peru,PER,2020,25.676,29.365,21.996,25.676,12.659,12.914,12.451,55.937,53.1628698946316,7.179,9.109,13607.7640705828,43.7,10.3,83.5267437189637,45.423,,,,,,,2.30920004844665,4.25937986373901,,,,,,,,,,,,,,,,,,,0.968376278877258,0.87360954284668,0.875726044178009,0.87946355342865,,,,,,,,
Peru,PER,2021,22.695,25.948,19.465,22.695,9.586,10.742,8.57,57.792,49.775440054393,5.097,6.62,15285.7706852395,40.1,5.2,83.9480118272361,44.42,,,,,,,1.39917004108429,3.92765998840332,,,,,,,,,,,,,,,,,,,0.971319735050201,0.892873883247375,0.889472305774689,0.902420580387115,,,,,,,,
Peru,PER,2022,22.779,25.735,19.858,22.779,7.681,8.808,6.693,59.253,49.6637299884109,4.291,4.654,15566.5242612563,40.3,4.8,84.3663554951194,43.933,,,,,,,0.171079993247986,3.83975005149841,,,,,,,,,,,,,,,,,,,,,,,,,,,,,,
Peru,PER,2023,24.061,26.886,21.281,,8.846,10.134,7.721,56.197,48.6156423897245,4.899,5.137,15342.2741359642,40.7,5.9,84.7810255849745,43.562,,,,,,,,4.24538993835449,,,,,,,,,,,,,,,,,,,,,,,,,,,,,,
Peru,PER,2024,24.015,26.867,21.218,,9.704,10.765,8.781,55.34,47.8975550154928,5.199,5.62,15708.8329440963,40.1,5.1,85.1912729600355,42.926,,,,,,,0.174820005893707,4.35778999328613,,,,,,,,,,,,,,,,,,,,,,,,,,,,,,
Peru,PER,2025,23.971,26.849,21.157,,9.453,10.488,8.552,55.234,47.5135268599392,5.117,4.804,16079.1247394843,,,85.5963484845463,,,,,,,,,,,,,,,,,,,,,,,,,,,,,,,,,,,,,,,
St. Kitts and Nevis,KNA,2001,,,,,,,,,,,,20648.7889741472,,,32.5960599951138,67.012,102.57511138916,101.07991027832,,,,2.0030300617218,,4.4215497970581,,105.70588,,,,,,,,,,,,,,,,,,,,,,,,,,,,
St. Kitts and Nevis,KNA,2002,,,,,,,,,,,,20813.4050029806,,,32.4368354358251,63.244,107.860260009766,,92.30769,89.66991,,0.0722400024533272,8.91833972930908,3.92051005363464,,89.48598,,,,,,,,,,,,,,,,,,,,,,,,,,,,
St. Kitts and Nevis,KNA,2003,,,,,,,,,,,,19927.1818314137,,,32.2808981467536,60.085,99.5449371337891,95.5579605102539,90.42783,86.79782,,1.95024001598358,11.8440198898315,3.79099011421204,,86.60035,,,,,,,,,,,,,,,,,,,,,,,,,,,,
St. Kitts and Nevis,KNA,2004,,,,,,,,,,,,20661.3458642993,,,32.1287199225823,56.964,112.114013671875,93.8121490478516,,85.74149,,0.0378100015223026,8.92387962341309,3.9713499546051,,88.32547,,,,,,,,,,,,,,,,,,,,,,,,,,,,
St. Kitts and Nevis,KNA,2005,,,,,,,,,,,,22612.7126559455,,,31.9804975781124,54.251,111.721611022949,,,87.2079,,1.14293003082275,1.04394996166229,3.83144998550415,,88.87567,,,,,,,,,,,,,,,,,,,,,,,,,,,,
St. Kitts and Nevis,KNA,2006,,,,,,,,,,,,23258.9842253211,,,31.8364279281447,51.674,,,,,,,,4.05925989151001,,,,,,,,,,,,,,,,,,,,,,,,,,,,,,
St. Kitts and Nevis,KNA,2007,,,,,,,,,,,,23330.0442404195,,,31.6967077874804,48.832,102.871406555176,122.153472900391,,90.39366,,0.860189974308014,1.69885003566742,4.1938099861145,,92.99635,,,,,,,,,,,,,,,,,,,,,,,,,,,,
St. Kitts and Nevis,KNA,2008,,,,,,,,,,,,25898.7823620981,,,31.5615339709202,47.345,96.8632431030273,118.813133239746,,97.39046,19.8842601776123,0.859950006008148,,,,99.69059,,,,,,,,,,,,,,,,,,,,,,,,,,,,
St. Kitts and Nevis,KNA,2009,,,,,,,,,,,,24973.8045286303,,,31.4311032932653,45.981,109.045852661133,116.497459411621,96.61661,95.77059,,,,,,97.17691,,,,,,,,,,,,,,,,,,,,,,,,,,,,
St. Kitts and Nevis,KNA,2010,,,,,,,,,,,,24997.5672513428,,,31.3056125693165,44.378,104.146339416504,116.87979888916,,96.25154,,,,2.54554015619203,,96.29164,,,,,,,,,,,,,,,,,,,,,,,,,,,,
St. Kitts and Nevis,KNA,2011,,,,,,,,,,,,25380.0087348215,,,31.2000648379646,43.613,109.512199401855,117.458282470703,,95.24622,,,,2.49706527276352,,93.34577,,,,,,,,,,,,,,,,,,,,,,,,,,,,
St. Kitts and Nevis,KNA,2012,,,,,,,,,,,,25114.0572603244,,,31.2035138804223,42.641,112.73885345459,,99.52844,79.1808,,,11.0654096603394,2.49200145387318,,78.45304,,,,,,,,,,,,,,,,,,,,,,,,,,,,
St. Kitts and Nevis,KNA,2013,,,,,,,,,,,,26532.1016561725,,,31.2131485582887,41.414,117.03296661377,112.28288269043,99.37244,97.78965,,,,3.26205857202123,,119.4075,,,,,,,,,,,,,,,,,,,,,,,,,,,,
St. Kitts and Nevis,KNA,2014,,,,,,,,,,,,28530.3072249013,,,31.2290015317909,40.821,111.334289550781,110.847877502441,99.77395,97.13024,90.9599990844727,,,2.85307503792741,,97.96529,,,,,,,,,,,,,,,,,,,,,,,,,,,,
St. Kitts and Nevis,KNA,2015,,,,,,,,,,,,28729.566447667,,,31.2513929695583,40.355,120.089958190918,124.802108764648,99.3793,98.37622,93.92236328125,,,2.54938006401062,12.43709,100.0,,,,,,,,,,,,,,,,,,,,,,,,,,,,
St. Kitts and Nevis,KNA,2016,,,,,,,,,,,,29867.0265589791,,,31.2806171906169,40.268,112.558868408203,123.504272460938,,98.00256,,,,3.00076147453842,17.55246,100.86154,,,,,,,,,,,,,,,,,,,,,,,,,,,,
St. Kitts and Nevis,KNA,2017,,,,,,,,,,,,29948.9200065682,,,31.3169642505921,40.456,112.191358024691,119.494047619048,,,,,,2.77100327979144,,,,,,,,,,,,,,,,,,,,,,,,,,,,,,
St. Kitts and Nevis,KNA,2018,,,,,,,,,,,,30576.2486749244,,,31.3607229995076,40.39,111.492537313433,122.152886115445,,,,,,3.03524983830349,,,,,,,,,,,,,,,,,,,,,,,,,,,,,,
St. Kitts and Nevis,KNA,2019,,,,,,,,,,,,31512.1943105684,,,31.4121818392285,39.623,110.162002945508,117.348608837971,,,,,,2.72889566429639,,,,,,,,,,,,,,,,,,,,,,,,,,,,,,
St. Kitts and Nevis,KNA,2020,,,,,,,,,,,,26736.9283563771,,,31.4716289738952,38.711,111.963190184049,111.254019292604,,,,,5.31423138707669,3.10568635584663,,,,,,,,,,,,,,,,,,,,,,,,,,,,,,
St. Kitts and Nevis,KNA,2021,,,,,,,,,,,,26896.6177065978,,,31.5393525093972,36.993,155.272735595703,118.449612403101,,,,,,2.78379011154175,,,,,,,,,,,,,,,,,,,,,,,,,,,,,,
St. Kitts and Nevis,KNA,2022,,,,,,,,,,,,29749.8700864823,,,31.6156404983167,35.666,,116.413373860182,,,,,,3.5579615526858,,,,,,,,,,,,,,,,,,,,,,,,,,,,,,
St. Kitts and Nevis,KNA,2023,,,,,,,,,,,,30616.577281386,,,31.7007809622822,35.183,124.306688417618,119.74921630094,,,,,,3.49726171629099,,,,,,,,,,,,,,,,,,,,,,,,,,,,,,
St. Kitts and Nevis,KNA,2024,,,,,,,,,,,,30656.4410109367,,,31.795061903951,36.413,,,,,,,,,,,,,,,,,,,,,,,,,,,,,,,,,,,,,,
St. Kitts and Nevis,KNA,2025,,,,,,,,,,,,31427.6630825717,,,31.8987713138283,,,,,,,,,,,,,,,,,,,,,,,,,,,,,,,,,,,,,,,
St. Lucia,LCA,2001,,,,,30.503,36.778,25.096,61.366,22.650942410201,18.538,,17820.7964312951,,,27.5160334778671,61.858,,76.4248733520508,68.07537,60.86982,,6.98098993301392,23.7712097167969,5.70733022689819,,75.42662,,,,,,,,,,,,,,,,,,,,,,,,,,,,
St. Lucia,LCA,2002,,,,,33.507,38.984,28.727,61.447,22.7708641545557,20.39,,17739.5766779723,,,26.9383251458178,58.92,106.678176879883,76.2280731201172,69.22658,60.42583,,0.334289997816086,33.1287689208984,,,75.20564,,,,,,,,,,,,,,,,,,,,,,,,,,,,
St. Lucia,LCA,2003,,,,,36.811,46.008,28.626,61.293,22.6893972340611,22.18,,18344.5919258071,,,26.0119584764195,57.288,105.550758361816,74.6036376953125,71.77137,63.7075,,1.05356001853943,27.5390396118164,3.53449010848999,,72.02675,,,,,,,,,,,,,,,,,,,,,,,,,,,,
St. Lucia,LCA,2004,,,,,38.053,41.036,35.329,60.96,22.5919850011718,20.97,,19526.4461369718,,,24.8459172882296,55.538,104.84058380127,72.7458419799805,71.02522,62.68135,13.3422899246216,5.40448999404907,27.2446708679199,3.43646001815796,16.11956,70.09077,,,,,,,,,,,,,,,,,,,,,,,,,,,,
St. Lucia,LCA,2005,31.973,33.024,30.941,,34.366,38.059,30.954,61.084,22.5913674099049,18.7,,19303.9921315127,,,23.5419158996884,53.419,100.762687683105,76.1189727783203,,68.03964,12.7918500900269,8.11192035675049,17.6685905456543,4.23895978927612,,70.45357,,,,,,,,,,,,,,,,,,,,,,,,,,,,
St. Lucia,LCA,2006,30.468,31.628,29.331,,29.876,33.939,26.043,60.814,22.5366734371474,16.0,,20353.6533720188,,,22.2016686292365,50.973,107.123931884766,,,68.6966,9.52157974243164,6.58044004440308,7.44546985626221,4.69669008255005,,73.11966,,,,,,,,,,,,,,,,,,,,,,,,,,,,
St. Lucia,LCA,2007,29.149,31.079,27.264,,26.593,31.726,21.726,60.814,22.692611474115,14.0,,20559.8974830119,,,20.9268897953144,48.083,106.451606750488,86.3662796020508,97.90036,76.97758,8.46230983734131,6.79672002792358,12.8175096511841,,,73.83273,,,,,,,,,,,,,,,,,,,,,,,,,,,,
St. Lucia,LCA,2008,27.341,27.09,27.585,,25.057,25.615,24.527,60.62,22.7847400890807,12.72,,21443.2592977841,,,19.8192937163625,45.705,97.6204986572266,87.5258636474609,97.60125,79.70525,15.7249202728272,6.16374015808105,8.1863899230957,4.48353004455566,,77.30124,,,,,,,,,,,,,,,,,,,,,,,,,,,,
St. Lucia,LCA,2009,29.214,27.816,30.565,,31.099,29.251,32.832,60.873,22.8133856398944,15.37,,20706.505527623,,,18.9805947108213,46.379,97.2326965332031,112.097961425781,97.0512,82.4496,17.469539642334,4.61792993545532,6.89379978179932,3.0676600933075,15.82782,82.39792,,,,,,,,,,,,,,,,,,,,,,,,,,,,
St. Lucia,LCA,2010,31.317,30.066,32.519,,35.32,33.165,37.34,60.918,22.8934839367242,17.118,,20648.7861045765,,,18.5125070971313,44.045,93.4306564331055,99.7331771850586,97.76302,82.5328,12.4684000015259,5.78223991394043,8.38961029052734,3.4828999042511,18.70998,91.33419,,,,,,,,,,,,,,,,,,,,,,,,,,,,
St. Lucia,LCA,2011,32.53,31.216,33.789,,39.547,37.022,41.954,60.728,22.8574224757431,18.86,,21430.0225948015,,,18.4743479557314,38.266,95.0116424560547,94.4563598632812,95.98043,81.23662,16.2693996429443,6.82242012023926,9.37600040435791,3.5988199710846,19.16884,94.23714,,,,,,,,,,,,,,,,,,,,,,,,,,,,
St. Lucia,LCA,2012,33.762,33.104,34.392,,40.816,39.661,41.94,60.799,22.8243506275589,19.06,,21309.2251296295,,,18.6193081275177,38.449,95.1162033081055,92.6743392944336,94.01219,80.93965,10.2734699249268,7.3386697769165,8.76982021331787,3.29098010063171,19.48157,89.36482,82.69175,90.88733,73.05012,58.98545,96.29608,54.52978,62.24168,0.61254,91.2419,97.42052,0.93658,0.0,0.0,23.80203,0.0,2.0,,,,,,,,,,,,
St. Lucia,LCA,2013,36.47,34.935,37.937,,48.479,45.272,51.431,60.886,22.8238463018443,22.21,,20827.2886025849,,,18.9258370999948,38.739,92.7444763183594,89.9966812133789,97.04142,80.11243,14.0192003250122,6.69262981414795,10.3851299285889,3.87661004066467,21.05807,85.91106,,,,,,,,,,,,,,,,,,,,,,,,,,,,
St. Lucia,LCA,2014,35.795,34.165,37.353,,47.855,44.814,50.647,60.828,22.7244582043343,21.583,,21010.6981919895,,,19.3915445904726,38.71,97.49169921875,90.1797637939453,,,17.0831794738769,8.08160018920898,,3.89103007316589,23.02499,82.79834,,,,,,,,,,,,,,,,,,,,,,,,,,,,
St. Lucia,LCA,2015,35.311,33.918,36.647,,46.991,44.179,49.564,60.85,22.6849473836711,20.84,,20939.8810312364,43.7,0.1,20.0204288176073,36.925,,,,80.79577,17.0301094055176,6.73954010009766,8.05655956268311,3.88088011741638,26.01769,82.37997,,,,,,,,,,,,,,,,,,,,,,,,,,,,
St. Lucia,LCA,2016,34.411,32.934,35.831,33.633,45.88,43.296,48.249,60.686,22.6425537392199,19.932,,21566.3058799575,,,20.8164880000551,35.203,93.1327209472656,90.1403503417969,96.81159,78.60232,19.7992000579834,8.105299949646,11.4582099914551,5.20954990386963,24.94055,83.16913,,,,,,,,,,,,,,,,,0.323529422283173,0.519813537597656,0.490000009536743,0.51698112487793,0.259574472904205,,,,,,,
St. Lucia,LCA,2017,33.755,32.318,35.139,33.755,44.995,42.632,47.161,60.524,22.6460793218287,19.136,14.313,22207.2131041263,,,21.783720356472,33.812,89.0786285400391,92.5775527954102,98.22616,80.81903,20.7471294403076,7.72205018997192,11.3673601150513,3.6273152206015,,86.50034,,,,,,,,,,,,,,,,,,,,,,,,,,,,
St. Lucia,LCA,2018,32.492,30.991,33.94,32.492,41.613,39.429,43.6,61.916,23.0193092465413,19.329,7.733,22761.1613461447,,,22.9261241055144,32.127,90.8720474243164,86.023551940918,,81.31252,14.6563596725464,6.97815990447998,13.6046495437622,3.33277988433838,22.74112,88.34017,,,,,,,,,,,,,,,,,,,,,,,,,,,,
St. Lucia,LCA,2019,29.941,27.585,32.217,29.941,35.883,33.344,38.172,55.984,24.7723678535487,15.613,9.329,22445.2080507874,,,24.2476974658382,30.831,92.3234024047852,89.5326385498047,,,15.9467096328735,6.0028600692749,12.6851902008057,3.27267003059387,,87.61408,,,,,,,,,,,,,,,,,,,,,,,,,,,,
St. Lucia,LCA,2020,35.411,32.465,38.26,35.411,51.641,50.601,52.654,45.714,23.6990843340377,25.224,13.992,17247.9578674753,,,25.7524386560998,29.294,89.5056686401367,,,,16.8199691772461,5.7933201789856,13.0411328388402,3.61522006988525,,,,,,,,,,,,,,,,,,,,,,,,,,,,,,
St. Lucia,LCA,2021,39.203,38.786,39.606,39.203,45.012,42.25,47.637,55.693,22.8372013246605,20.514,13.028,19141.3272253168,,,27.4443458949551,28.84,,87.8058727569331,,,,4.35433480864358,9.62530545750747,5.86197746335882,,,,,,,,,,,,,,,,,,,,,,,,,,,,,,
St. Lucia,LCA,2022,27.088,23.602,30.455,27.088,30.854,26.088,35.096,58.966,24.1074788334902,15.934,7.776,22811.2524480383,,,29.097678526676,28.551,94.7436981201172,87.1270944013077,,,16.1808795928955,2.11634993553162,12.790849685669,4.64235019683838,,,,,,,,,,,,,,,,,,,,,,,,,,,,,,
St. Lucia,LCA,2023,30.931,32.608,29.316,30.931,30.261,30.849,29.776,59.701,23.9216658403569,12.094,6.268,23636.0265940253,,,29.0976313248036,27.829,91.066276550293,84.7526397705078,,,15.0396404266357,2.06326007843018,15.0205802917481,2.74211001396179,,,,,,,,,,,,,,,,,,,,,,,,,,,,,,
St. Lucia,LCA,2024,22.627,20.957,24.229,22.627,21.294,18.304,23.786,60.642,22.1015889095654,10.199,6.739,24699.9694711589,,,29.0973354237452,27.167,97.3821989528796,83.0226100753669,,,,7.01242278188853,12.51629726206,3.84700018653403,,,,,,,,,,,,,,,,,,,,,,,,,,,,,,
St. Lucia,LCA,2025,22.812,21.147,24.402,25.504,20.251,18.97,21.319,60.647,21.9865005642851,9.452,,24502.9628641276,,,29.096571131107,,,,,,,,,,,,,,,,,,,,,,,,,,,,,,,,,,,,,,,
St. Vincent and the Grenadines,VCT,2001,,,,,41.581,39.585,42.619,54.801,20.6289779108948,21.1,,10177.8094583896,,,45.0076571524878,74.035,,,,67.96428,,,,,,62.56488,,,,,,,,,,,,,,,,,,,,,,,,,,,,
St. Vincent and the Grenadines,VCT,2002,,,,,41.074,39.162,42.083,54.422,20.6369051996764,20.623,,10736.0878714164,,,45.1214266763803,74.328,,,,72.74333,,0.621569991111755,3.292720079422,7.38802003860474,,61.31451,,,,,,,,,,,,,,,,,,,,,,,,,,,,
St. Vincent and the Grenadines,VCT,2003,,,,,40.35,38.555,41.311,53.976,20.630344960123,19.985,,11475.3312414531,,,45.236152710942,72.357,90.688606262207,58.7707481384277,81.41935,71.89572,,1.33076000213623,3.40489006042481,8.17488956451416,,61.69735,,,,,,,,,,,,,,,,,,,,,,,,,,,,
St. Vincent and the Grenadines,VCT,2004,,,,,39.958,38.29,40.855,53.547,20.5364745955152,19.545,,11979.907294501,,,45.3517185236482,69.594,99.3025283813477,73.071662902832,,75.54589,,2.20987010002136,0.599250018596649,,,64.06749,,,,,,,,,,,,,,,,,,,,,,,,,,,,
St. Vincent and the Grenadines,VCT,2005,30.0,34.447,25.76,,40.164,38.602,41.0,53.152,20.5843760251184,19.461,,12320.0710011077,,,45.4681221654846,68.195,,75.322883605957,,72.81704,,5.65401983261108,,6.03082990646362,22.37694,66.68204,,,,,,,,,,,,,,,,,,,,,,,,,,,,
St. Vincent and the Grenadines,VCT,2006,29.45,33.853,25.263,,40.002,38.548,40.787,52.732,20.6048405756861,19.162,,13233.4068930431,,,45.5853616874371,65.821,,,,,,,,,,,,,,,,,,,,,,,,,,,,,,,,,,,,,,
St. Vincent and the Grenadines,VCT,2007,28.992,33.359,24.853,,39.928,38.617,40.633,52.374,20.4834459846489,18.934,,13732.3622591495,,,45.7034351404912,65.352,,,98.22478,,,1.8954199552536,4.95813989639282,5.43937015533447,17.40456,81.04915,,,,,,,,,,,,,,,,,,,,,,,,,,,,
St. Vincent and the Grenadines,VCT,2008,28.747,33.043,24.69,,39.94,38.78,40.553,52.092,20.6633001228334,18.79,,13850.3936790063,,,45.8223405756329,66.564,111.67463684082,110.004608154297,,91.41352,,0.0258699990808964,5.48377990722656,,,92.06954,,,,,,,,,,,,,,,,,,,,,,,,,,,,
St. Vincent and the Grenadines,VCT,2009,29.382,33.31,25.69,,41.234,40.146,41.796,51.915,20.893615079184,19.365,,13723.7838252622,,,45.9420760438477,68.471,,,,89.847,,0.666530013084412,4.54868984222412,5.3761100769043,21.6279,92.98287,,,,,,,,,,,,,,,,,,,,,,,,,,,,
St. Vincent and the Grenadines,VCT,2010,29.792,33.489,26.336,,42.427,41.448,42.917,51.863,21.1672134156133,19.924,,13175.7230154228,,,46.0626395961215,66.966,97.2304611206055,115.746520996094,95.37254,85.59002,13.4546976354886,0.721660017967224,1.87878000736237,4.80839014053345,17.47394,91.87204,,,,,,,,,,,,,,,,,,,,,,,,,,,,
St. Vincent and the Grenadines,VCT,2011,29.85,33.531,26.421,,42.742,41.857,43.182,51.809,21.4007067786498,20.006,,13168.8964291743,,,46.18402928344,64.109,88.7240371704102,,,,20.6017072662919,2.12270998954773,,,18.66055,90.45928,,,,,,,,,,,,,,,,,,,,,,,,,,,,
St. Vincent and the Grenadines,VCT,2012,29.508,33.171,26.107,,42.63,41.852,43.016,51.704,21.5725760314882,19.833,,13397.9632982701,,,46.3063114823836,64.686,100.669757856775,99.3807983398438,99.95432,,19.8016733808491,0.905690014362335,,,,89.01932,,,,,,,,,,,,,,,,,,,,,,,,,,,,
St. Vincent and the Grenadines,VCT,2013,29.204,32.934,25.762,,42.024,41.413,42.327,51.561,21.6853779373665,19.356,,13804.1837951887,,,46.4319347036311,64.05,110.363247863248,97.3670425415039,99.38653,85.54762,19.7655115169122,0.306001657894131,1.10412299091546,,21.59453,92.63315,,,,,,,,,,,,,,,,,,,,,,,,,,,,
St. Vincent and the Grenadines,VCT,2014,29.163,32.865,25.77,,42.008,41.514,42.251,51.466,21.8589772675711,19.237,,14040.2460690452,,,46.5579930468544,64.473,105.842696629214,95.8023376464844,99.18592,87.38822,23.9405403137207,,0.691047721521672,,21.91968,86.38994,,,,,,,,,,,,,,,,,,,,,,,,,,,,
St. Vincent and the Grenadines,VCT,2015,28.596,32.423,25.096,,42.029,41.595,42.245,51.309,21.9522137923225,19.135,,14508.8609465459,,,46.6845638727475,61.413,107.513416815742,104.216873168945,97.22201,84.82507,23.6186294555664,1.25467495923156,1.08546789914092,4.95614634835429,21.10035,87.32789,,,,,,,,,,,,,,,,,,,,,,,,,,,,
St. Vincent and the Grenadines,VCT,2016,28.404,32.105,25.021,,42.09,41.69,42.291,51.077,22.0315608609151,19.029,,15197.7482513352,,,46.8116589511271,58.779,111.867582760774,111.925042589438,94.60166,89.72899,23.6683079677708,,,5.45265007019043,20.37058,88.16369,,,,,,,,,,,,,,,,,,,,,,,,,,,,
St. Vincent and the Grenadines,VCT,2017,28.136,31.804,24.789,,42.39,42.086,42.542,50.856,22.0196353436185,19.024,,15533.2212821544,,,46.9392900518098,56.256,104.522292993631,112.44019138756,95.1108,90.47261,25.7215423689679,0.590386993531064,,5.37974977493286,19.96642,92.86091,,,,,,,,,,,,,,,,,,,,,,,,,,,,
St. Vincent and the Grenadines,VCT,2018,27.679,31.162,24.503,,42.737,42.511,42.85,50.554,22.0032134694155,19.005,,16139.0661084965,,,47.0674689446123,54.48,116.083916083916,107.374443054199,,89.47196,26.0140359224456,,,5.22357988357544,20.13922,93.74666,,,,,,,,,,,,,,,,,,,,,,,,,,,,
St. Vincent and the Grenadines,VCT,2019,27.65,30.829,24.746,,43.587,43.429,43.665,50.262,22.1396089131424,19.248,,16365.3255785124,,,47.1962073993512,53.182,111.446540880503,,,,29.6853960093035,,,,,,,,,,,,,,,,,,,,,,,,,,,,,,,,,
St. Vincent and the Grenadines,VCT,2020,29.858,32.491,27.446,,47.708,48.049,47.538,49.287,22.7824572961272,20.635,,15763.7054382539,,,47.3255171858432,50.299,119.451371571072,,,,33.6692278624512,,3.56884010390814,5.46376310406546,,,,,,,,,,,,,,,,,,,,,,,,,,,,,,
St. Vincent and the Grenadines,VCT,2021,28.625,31.354,26.121,,46.04,46.207,45.956,49.506,22.6465134836999,20.356,,16200.8994597845,,,47.4554100739049,44.54,117.734909769757,,,,35.7032258064516,,,,,,,,,,,,,,,,,,,,,,,,,,,,,,,,,
St. Vincent and the Grenadines,VCT,2022,27.145,30.002,24.519,,43.995,43.674,44.16,50.661,22.3766568483063,19.277,,16835.023514541,,,47.585897833353,43.553,107.241813602015,,,,41.4983277591973,,,7.07575034584772,,,,,,,,,,,,,,,,,,,,,,,,,,,,,,
St. Vincent and the Grenadines,VCT,2023,26.133,29.244,23.263,,42.333,42.099,42.458,51.26,22.2095930893385,18.348,,17858.2446468702,,,47.7169922340041,42.3,109.648562300319,106.349206349206,,,,,,6.4582691706334,,,,,,,,,,,,,,,,,,,,,,,,,,,,,,
St. Vincent and the Grenadines,VCT,2024,25.703,28.796,22.831,,41.851,41.591,41.994,51.669,22.176651862594,18.093,,18714.198849353,,,47.8487050456749,40.774,108.965517241379,109.880427942102,,,,,,,,,,,,,,,,,,,,,,,,,,,,,,,,,,,,
St. Vincent and the Grenadines,VCT,2025,25.738,28.751,22.92,,41.947,41.364,42.269,51.608,21.9612475297004,18.003,,19483.0127638994,,,47.9810480381821,,,,,,,,,,,,,,,,,,,,,,,,,,,,,,,,,,,,,,,
Suriname,SUR,2001,,,,,28.796,51.773,20.533,26.873,17.8227130386988,12.047,,16556.9440609927,,,66.718959290312,84.954,,,,,,,,,,64.55357,,,,,,,,,,,,,,,,,,,,,,,,,,,,
Suriname,SUR,2002,,,,,26.45,47.303,18.763,27.528,18.1865096020862,11.187,,16678.0718706582,,,66.7320549534773,83.099,,,,,11.2604503631592,,,,,62.21977,,,,,,,,,,,,,,,,,,,,,,,,,,,,
Suriname,SUR,2003,,,,,24.14,42.972,17.038,28.195,18.2345994882898,10.336,,17383.5015505612,,,66.7404073281911,78.201,,,,,,,,,,,,,,,,,,,,,,,,,,,,,,,,,,,,,,
Suriname,SUR,2004,,,,,21.828,38.639,15.314,28.87,18.2271136198796,9.49,,18585.5170864176,,,66.743604713168,76.617,,,,,,,,,,,,,,,,,,,,,,,,,,,,,,,,,,,,,,
Suriname,SUR,2005,18.8,22.521,15.371,,21.289,37.46,14.813,29.549,18.150061500615,9.302,,19220.2839696605,,,66.7321826490881,74.757,75.8822326660156,,,,,18.0458507537842,,,,48.4362,,,,,,,,,,,,,,,,,,,,,,,,,,,,
Suriname,SUR,2006,18.49,22.245,15.02,,20.817,36.389,14.361,30.237,18.0113346727038,9.142,,20113.6707547695,,,66.6967982269052,73.87,82.6313705444336,,54.99937,,,18.0921497344971,,,,51.3036,17.68,23.64,12.0,1.81,35.21,,,0.05141,11.91,68.01,0.17512,,,,,,,,,,,,,,,,,
Suriname,SUR,2007,18.168,21.949,14.658,,20.422,35.443,13.964,30.932,17.8930069071194,9.017,,20902.1391589279,,,66.6433180134835,73.801,69.6428604125977,38.8262596130371,67.84825,,,21.9034900665283,,,,52.89634,,,,,,,,,,,,,,,,,,,,,,,,,,,,
Suriname,SUR,2008,17.822,21.623,14.275,,19.976,34.434,13.523,31.636,17.858832245747,8.854,,21515.8119551093,,,66.5776961831642,72.16,79.1749114990234,36.2226181030273,56.4177,,,17.9097805023193,,,,52.53936,,,,,,,,,,,,,,,,,,,,,,,,,,,,
Suriname,SUR,2009,17.497,21.314,13.914,,19.575,33.521,13.108,32.347,17.8791765927555,8.72,,21906.4105447498,,,66.5058869102882,70.177,79.3359603881836,36.406810760498,69.6735,45.70265,,15.9999399185181,29.7311305999756,,,50.95117,,,,,,,,,,,,,,,,,,,,,,,,,,,,
Suriname,SUR,2010,15.938,20.031,12.075,,13.452,25.901,7.459,33.068,17.968417241673,7.15,,22772.4754543689,,,66.4338443691967,67.92,79.9731216430664,38.2884246644465,69.9588,50.82254,,18.080812528437,25.7644901275635,,,52.43494,24.79565,27.78089,21.54975,3.79836,47.00365,4.04641,3.378,0.08081,11.51969,72.5489,0.15879,19.10491,1.74941,52.05011,10.50665,1.79814,,,,,,,,,,,,
Suriname,SUR,2011,17.015,21.168,13.077,,19.21,34.446,11.607,33.799,18.0644656955989,7.54,,23829.5332856393,,,66.3675227342307,64.697,77.8148574829102,35.7219564580689,72.60321,50.99553,,18.6252836973502,24.4032192230225,,,48.66901,,,,,,,,,,,,,,,,,,,,,,,,,,,,
Suriname,SUR,2012,16.986,20.56,13.587,,19.595,30.894,13.764,34.539,18.2186483020757,8.1,,24193.8412373922,,,66.3132562693376,62.233,78.7300485773768,37.4408031824209,73.24068,51.9546,,17.8927504791905,22.8295707702637,,,47.84348,,,,,,,,,,,,,,,,,,,,,,,,,,,,
Suriname,SUR,2013,16.84,20.479,13.372,,19.335,30.646,13.307,35.288,18.4271478588742,6.6,,24624.0219854601,,,66.2683575134509,61.121,76.7774963378906,39.8358993530273,70.03521,54.05382,,17.3105742716701,23.1062507629394,,,47.80943,,,,,,,,,,,,,,,,,,,,,,,,,,,,
Suriname,SUR,2014,15.905,20.38,11.627,,15.603,30.109,7.624,36.046,18.6571629623602,6.94,4.856,24414.3554759734,,,66.2249266178037,59.974,80.8827362060547,41.8370103556956,69.72656,55.31381,,16.8619044743675,23.177059173584,,,41.23182,,,,,,,,,,,,,,,,,,,,,,,,,,,,
Suriname,SUR,2015,15.252,18.758,11.889,,13.027,20.836,8.59,36.812,19.0979286218718,7.22,,23327.5252497447,,,66.1828815074718,59.856,84.8071538253094,42.8079774091069,68.38689,57.78983,,14.0333853874494,24.2330703735352,5.53479610522553,,51.34467,,,,,,,,,,,,,,,,,,,,,,,,,,,,
Suriname,SUR,2016,18.193,21.814,14.703,18.193,24.957,37.195,17.776,37.585,19.3036260295482,7.917,3.606,21950.4122148625,,,66.1426466980469,58.237,82.6550298576022,39.015251159668,62.48889,,,13.7282557592854,15.38754391427,5.64051904970974,,,,,,,,,,,,,,,,,,,,,,,,,,,,,,
Suriname,SUR,2017,18.251,21.864,14.754,,24.914,37.042,17.716,37.553,19.4536674391395,7.905,,22070.5137570835,,,66.1046467051207,56.039,82.7057954964932,41.1267114328072,66.37433,,,19.0626106262207,,5.45861311514349,,,,,,,,,,,,,,,,,,,,,,,,,,,,,,
Suriname,SUR,2018,18.26,21.795,14.827,,24.788,36.578,17.575,37.324,19.5492755422349,7.817,,22938.5353715545,,,66.0693060442846,53.57,79.9963531494141,41.9608884169542,,,,19.0972194671631,,4.92259355761269,,65.53697,23.36249,27.30596,19.43259,0.0,52.91534,0.0,0.0,0.0,23.79782,78.84542,0.30183,13.89758,1.79664,42.89022,9.58398,1.77655,,,,,,,,,,,,
Suriname,SUR,2019,18.247,21.787,14.8,,24.661,36.424,17.45,37.318,19.6085019483268,7.755,,22966.7405999124,,,66.0370492311305,53.196,83.8735965229989,42.4113217817291,,,5.26435130947432,16.4044842238496,27.5359877912783,6.77857289012664,,,,,,,,,,,,,,,,,,,,,,,,,,,,,,
Suriname,SUR,2020,19.653,23.064,16.331,,28.839,42.68,20.435,34.087,19.3949498430558,8.973,,19091.3617184226,,,66.00830078125,52.064,87.4616079494128,43.1730237700387,,,5.30574712643678,17.9470198675497,28.0758266289264,4.58425708265782,,,,,,,,,,,,,,,,,,,,,,,,,,,,,,
Suriname,SUR,2021,19.275,22.594,16.039,,27.463,40.034,19.753,34.753,18.7338249491236,8.706,,18458.234999681,,,65.9853973388672,49.56,75.2395629882812,42.2728118896484,,,8.45416298008342,21.7833404541016,21.2933625042897,4.13154972947739,,,,,,,,,,,,,,,,,,,,,,,,,,,,,,
Suriname,SUR,2022,19.041,22.451,15.713,,25.534,37.569,18.064,34.841,18.8820662207092,7.973,,18742.5873760369,39.2,2.2,65.8985443115234,48.814,,,,,5.02487384130847,29.7980133502202,15.7044709186172,3.43460841988051,,,,,,,,,,,,,,,,,,,,,,,,,,,,,,
Suriname,SUR,2023,18.812,22.199,15.502,,24.982,36.751,17.598,34.932,18.853572870583,7.699,,19020.8663751009,,,65.7562408447266,48.032,,,,,4.93785087797966,39.6057788512874,31.103626635342,2.86623341491363,,,,,,,,,,,,,,,,,,,,,,,,,,,,,,
Suriname,SUR,2024,18.881,22.275,15.566,,24.942,36.619,17.516,35.092,18.6672861106731,7.621,,19179.101839106,,,65.7641857200885,46.857,,,,,2.56642457392281,16.2221505973869,39.6359192767033,,,,,,,,,,,,,,,,,,,,,,,,,,,,,,,
Suriname,SUR,2025,18.95,22.353,15.632,,25.438,37.174,17.962,35.106,18.376346082436,7.834,,19357.3907969318,,,65.7886836406706,,,,,,,,,,,,,,,,,,,,,,,,,,,,,,,,,,,,,,,
Trinidad and Tobago,TTO,2001,,,,,21.399,26.311,18.065,50.598,18.12886857282,10.88,,20366.753132212,,,55.9010190940268,39.684,85.8317489624023,73.0136871337891,,,6.25368022918701,4.18802976608276,,3.06528997421265,,,,,,,,,,,,,,,,,,,,,,,,,,,,,,
Trinidad and Tobago,TTO,2002,,,,,20.929,26.249,17.206,49.648,17.4398474898199,10.39,,21876.8529070403,,,55.8298121439974,38.68,,,,,8.58695983886719,9.16512012481689,,3.54300999641419,,,,,,,,,,,,,,,,,,,,,,,,,,,,,,
Trinidad and Tobago,TTO,2003,,,,,21.428,25.72,18.417,51.032,17.0497811259289,10.48,,24910.823196152,,,55.7188050758235,38.447,88.2654190063477,89.7828063964844,99.13664,,8.70431995391846,8.6378002166748,,3.13660001754761,,,,,,,,,,,,,,,,,,,,,,,,,,,,,,
Trinidad and Tobago,TTO,2004,,,,,17.188,21.482,14.166,52.41,16.5143624092115,8.33,,26757.9075601429,,,55.5711241312409,37.927,92.0762786865234,81.3655395507812,95.76923,72.64738,11.8308000564575,6.49439001083374,12.6509704589844,,,85.28227,,,,,,,,,,,,,,,,,,,,,,,,,,,,
Trinidad and Tobago,TTO,2005,18.77,23.733,13.939,,16.539,21.681,12.908,53.78,16.2394568380214,7.95,,29536.4394101096,,,55.3898955519853,36.89,88.0098495483398,75.6383819580078,,,,9.59354972839355,,,,,,,,,,,,,,,,,,,,,,,,,,,,,,,,
Trinidad and Tobago,TTO,2006,16.825,21.21,12.552,,13.033,16.902,10.048,54.277,16.1874640598045,6.27,,33348.7507470886,,,55.1782455797922,38.217,,,,,,,,,,,80.04,82.83,77.5,57.28,95.06,,,0.60257,79.99,97.74,0.8184,,,,,,,,,,,,,,,,,
Trinidad and Tobago,TTO,2007,15.929,20.335,11.632,,11.363,14.125,9.383,53.497,16.3361229789479,5.54,,34793.6457521105,,,54.9393004563973,38.944,90.8359222412109,86.4431304931641,97.54873,,,2.67412996292114,,,,,,,,,,,,,,,,,,,,,,,,,,,,,,,,
Trinidad and Tobago,TTO,2008,15.459,19.598,11.419,,10.514,12.854,8.811,52.006,16.4063519622953,4.63,,35825.3333456362,,,54.6761864235364,39.537,88.3030395507812,85.7216567993164,94.33301,,,8.19007968902588,,,,,,,,,,,,,,,,,,,,,,,,,,,,,,,,
Trinidad and Tobago,TTO,2009,15.906,20.229,11.684,,11.728,14.356,9.929,50.359,16.6512621560875,5.28,,34212.2683057008,,,54.3920297229449,40.265,89.9883270263672,88.089729309082,94.20178,,,7.1805100440979,,,,,,,,,,,,,,,,,,,,,,,,,,,,,,,,
Trinidad and Tobago,TTO,2010,15.574,19.537,11.704,,9.85,11.319,8.863,46.41,16.5562121259138,4.033,1.701,35145.1253639062,,,54.0899565963587,40.084,88.7282104492188,76.412712097168,,,,5.63147020339966,,4.21155458844183,,,,,,,,,,,,,,,,,,,,,,,,,,,,,,
Trinidad and Tobago,TTO,2011,15.113,19.642,10.692,,8.586,11.443,6.787,44.853,17.3327096966136,3.425,1.726,34769.7620251376,,,53.9253615474727,40.013,,,,,,,,3.85078840215008,,,85.15,88.04,82.33,67.81,93.84,,,0.72261,85.77,97.87,0.87637,,,,,,0.844705879688263,0.827665865421295,0.811069250106812,0.841256737709045,,,,,,,,
Trinidad and Tobago,TTO,2012,14.43,18.212,10.739,,8.608,10.263,7.463,45.207,15.8997311632638,3.718,1.663,36903.6898574094,,,53.9254053431618,39.933,,,,,,,,3.57398000577018,,,,,,,,,,,,,,,,,,,,,,,,,,,,,,
Trinidad and Tobago,TTO,2013,13.302,16.996,9.702,52.05,6.275,7.931,5.095,45.118,16.231676235981,2.683,2.204,37994.0686480473,,,53.9255789963372,39.676,,,,,,,,3.75275872925405,,,,,,,,,,,,,,,,,,,,,,,,,,,,,,
Trinidad and Tobago,TTO,2014,12.934,16.654,9.309,,5.882,7.741,4.57,44.265,16.7910122348162,2.477,1.609,39248.6570516023,,,53.9259699537793,39.416,,,,,,,,3.59013796983043,,,,,,,,,,,,,,,,,,,,,,,,,,,,,,
Trinidad and Tobago,TTO,2015,12.818,16.389,9.341,,5.869,6.766,5.255,43.591,16.7595473252775,2.428,1.806,38963.9641783011,,,53.926665238022,39.044,,,,,,,,4.42459330779419,,,,,,,,,,,,,,,,,,,,,,,,,,,,,,
Trinidad and Tobago,TTO,2016,14.063,16.864,11.335,,8.719,8.396,8.954,41.401,18.1835188476288,3.207,2.377,35914.9901970983,,,53.9277523084951,38.876,,,,,,,,4.21428227509361,,,,,,,,,,,,,,,,,,,,,,,,,,,,,,
Trinidad and Tobago,TTO,2017,14.308,17.348,11.354,,9.027,9.408,8.757,40.406,18.8501540165438,3.389,,34095.9899256152,,,53.9293186833833,38.585,,,,,,,,3.3293687903123,,,,,,,,,,,,,,,,,,,,,,,,,,,,,,
Trinidad and Tobago,TTO,2018,14.527,17.812,11.387,,9.164,10.312,8.391,39.48,19.4956959199856,3.497,,33710.0178540008,,,53.9314518934907,38.44,,,,,,,,3.47141762674052,,,,,,,,,,,,,,,,,,,,,,,,,,,,,,
Trinidad and Tobago,TTO,2019,14.605,18.123,11.261,14.605,9.17,11.101,7.92,38.538,20.1536588580605,3.523,3.555,33748.7060849924,,,53.9342394732739,37.987,,,,,,,,3.55386116245268,,,,,,,,,,,,,,,,,,,,,,,,,,,,,,
Trinidad and Tobago,TTO,2020,17.057,21.379,12.904,17.057,11.81,15.903,9.177,34.639,21.6414454851151,4.206,4.897,30720.8876936042,,,53.9377689584806,37.684,,,,,,,,4.22041988372803,,,,,,,,,,,,,,,,,,,,,,,,,,,,,,
Trinidad and Tobago,TTO,2021,15.465,17.464,13.547,15.465,13.145,14.42,12.214,36.602,20.7055131985903,4.446,4.27,30482.1201798631,,,53.9421278853848,37.22,,,,,,,,3.04397988319397,,,,,,,,,,,,,,,,,,,,,,,,,,,,,,
Trinidad and Tobago,TTO,2022,16.882,18.098,15.718,16.882,10.596,11.554,9.859,35.324,21.2792385868688,4.383,3.483,30784.1112580356,,,53.9474037904998,36.768,,,,,,,,2.81801009178162,,,,,,,,,,,,,,,,,,,,,,,,,,,,,,
Trinidad and Tobago,TTO,2023,14.381,17.028,11.848,14.381,8.041,9.068,7.262,37.721,21.1489353259776,3.361,2.579,31196.603554718,,,53.9536842104572,35.994,91.5974807739258,77.5296783447266,,,,,,3.23358011245727,,,,,,,,,,,,,,,,,,,,,,,,,,,,,,
Trinidad and Tobago,TTO,2024,14.52,17.324,11.833,15.847,7.993,9.054,7.226,36.677,21.2151464426744,3.318,2.783,31960.1568888983,,,53.961056681951,36.03,,97.0624302636735,,,23.8493010569383,7.16445243681472,1.77375022015106,,,,,,,,,,,,,,,,,,,,,,,,,,,,,,,
Trinidad and Tobago,TTO,2025,14.863,17.661,12.175,,8.216,9.395,7.359,36.378,21.2482939934202,3.329,,31721.5757411236,,,53.9696087417106,,,,,,,,,,,,,,,,,,,,,,,,,,,,,,,,,,,,,,,
United States,USA,2001,,,,12.937,10.492,9.541,11.31,58.736,4.34815620378764,4.731,2.563,55024.3542766281,40.6,0.9,79.3086223667912,44.958,,,,,,,,,,87.18162,,,,,,,,,,,,,,,,,,,,,,,,,,,,
United States,USA,2002,,,,13.434,11.935,11.031,12.718,57.593,4.31130371223034,5.783,3.328,55443.2199435683,40.4,0.9,79.5461039768657,42.602,,,,,,,,,,86.86221,,,,,,,,,,,,,,,,,,,,,,,,,,,,
United States,USA,2003,,,,13.611,12.362,11.34,13.243,56.026,4.44578958506753,5.989,3.456,56505.4468784112,40.8,1.0,79.7773350255284,40.987,,,,,,,,,,88.18584,,,,,,,,,,,,,,,,,,,,,,,,,,,,
United States,USA,2004,,,,13.139,11.791,10.909,12.549,55.647,4.45408259671141,5.529,3.099,58139.0820195229,40.5,1.1,79.9960936968363,40.173,,,,,,,,,,88.81298,,,,,,,,,,,,,,,,,,,,,,,,,,,,
United States,USA,2005,13.147,15.319,11.123,13.147,11.24,10.056,12.266,55.308,4.38411289340762,5.084,2.711,59612.3907215559,41.3,1.0,80.1961581748464,39.473,,,,89.34377,80.6348266601562,0.565190017223358,,,,89.09657,,,,,,,,,,,,,,,,,,,0.852094411849976,0.840597450733185,,,,,,,,
United States,USA,2006,12.456,14.882,10.194,12.456,10.43,9.617,11.124,55.169,4.32202395887688,4.623,2.427,60684.3399832539,41.7,1.1,80.3713066436159,40.349,,,,,,,,,,88.4364,,,,,,,,,,,,,,,,,,,,,,,,,,,,
United States,USA,2007,12.291,14.392,10.332,12.291,10.472,9.353,11.442,54.037,4.19449703914943,4.622,2.42,61314.4520816367,41.1,1.0,80.5153172872016,40.808,,,,,,,,,,88.58542,,,,,,,,,,,,,,,,,,,,,,,,,,,,
United States,USA,2008,13.031,14.481,11.679,13.031,12.76,11.085,14.208,53.486,4.07416655287361,5.784,3.013,60806.2238713713,41.1,1.1,80.6219682896606,40.059,,,,,,,,,,88.75552,,,,,,,,,,,,,,,,,,,,,,,,,,,,
United States,USA,2009,15.034,15.613,14.493,15.034,17.517,14.766,19.943,51.73,4.15705280173176,9.254,5.337,58722.496767251,40.9,1.0,80.6850378350499,38.137,,,,,,,,,,89.34506,,,,,,,,,,,,,,,,,,,,,,,,,,,,
United States,USA,2010,15.231,15.583,14.903,15.231,18.361,15.735,20.674,50.189,4.15926584168371,9.633,5.474,59797.0736545937,40.2,1.1,80.6997744673366,34.856,,,,88.38466,,,,,24.28969,89.68844,90.11853,92.11395,88.20975,,,,,,,,,,,,,,0.806991934776306,0.796965539455414,0.815657138824463,0.771606266498566,,,,,,,,
United States,USA,2011,14.415,15.363,13.531,14.415,17.272,15.657,18.691,49.998,4.07259887669515,8.949,5.136,60253.2035796719,41.2,1.1,80.6957554256024,31.723,,,,89.75284,,,,,23.89396,91.84578,,,,,,,,,,,,,,,,,0.927022755146027,0.814239025115967,0.817608654499054,0.812784373760223,,,,,,,,
United States,USA,2012,13.908,14.848,13.03,13.908,16.211,14.611,17.616,49.932,4.07535743103086,8.069,4.741,61142.3637034265,41.2,1.1,80.6837493386238,29.387,,,,89.29903,,,,,22.76782,92.70828,,,,,,,,,,,,,,,,,0.962736010551453,0.826089799404144,0.833923816680908,0.82069194316864,,,,,,,,
United States,USA,2013,14.382,15.239,13.582,14.382,15.558,13.881,17.036,50.083,4.0277050197679,7.375,4.322,61966.6621370894,40.9,1.1,80.660889281215,26.528,,,,89.46575,88.7264175415039,2.8980700969696,,,22.58939,92.80168,91.55,93.01,90.14,85.39,96.95,,,0.88076,97.72,99.7,0.98014,,,,,,0.847867369651794,0.834334671497345,0.849761426448822,0.820065259933472,,,,,,,,
United States,USA,2014,13.388,14.511,12.34,13.388,13.411,12.139,14.538,50.041,3.98332916779183,6.168,3.691,63026.8779187814,41.7,1.3,80.6242231779766,24.192,,,,89.86874,88.6268692016602,,,,22.36455,93.99472,,,,,,,,,,,,,,,,,0.867953062057495,0.853021383285522,0.862593114376068,0.844469904899597,,,,,,,,
United States,USA,2015,12.442,13.362,11.584,12.442,11.634,10.365,12.769,50.026,4.01903097374602,5.28,3.032,64367.7188912582,41.5,1.2,80.5707989535091,22.031,,,,91.27156,88.8894119262695,1.80586004257202,,4.93064022064209,21.68055,94.74373,93.02457,94.25606,91.82694,,,,,,,,,,,,,,0.938570022583008,0.87820428609848,0.885442733764648,0.87178248167038,,,,,,,,
United States,USA,2016,12.017,12.835,11.253,12.017,10.432,9.303,11.434,50.183,4.02570619192093,4.869,2.908,65025.9855980616,41.3,1.2,80.4976645324131,20.08,,,99.2321,92.18317,88.8350524902344,0.35997000336647,,4.78327989578247,22.1348,95.66578,93.70478,94.8517,92.61863,,,,,,,,,,,,,,0.741971254348755,0.884363412857056,0.889566421508789,0.878100574016571,,,,,,,,
United States,USA,2017,10.972,11.784,10.215,10.972,9.238,8.05,10.3,50.453,3.98095082402989,4.355,2.686,66164.0320014289,41.4,1.3,80.4018678392891,18.491,98.8321990966797,104.852256774902,,92.45022,88.1673889160156,0.424380004405975,,5.09296989440918,,95.66992,94.27458,95.22626,93.3633,,,,,,,,,,,,,,0.888239443302155,0.902476906776428,0.904498100280762,0.900411903858185,,,,,,,,
United States,USA,2018,10.922,11.561,10.325,10.922,8.607,7.632,9.495,50.213,4.02366659006327,3.896,2.45,67728.4424921024,41.8,1.1,80.2804567987377,17.164,100.092697143555,103.384170532227,,,88.2991790771484,0.574209988117218,,4.89502000808716,,96.52755,,,,,,,,,,,,,,,,,0.934989511966705,0.909083664417267,0.913488030433655,0.905109405517578,,,,,,,,
United States,USA,2019,10.409,10.95,9.904,10.409,8.375,7.294,9.359,50.816,3.93462654039839,3.669,2.38,69121.4580016741,41.9,1.0,80.1304793353594,16.202,100.489051818848,103.408462524414,,,87.8887100219727,0.916570007801056,,4.95746994018555,,,,,,,,,,,,,,,,,,,,,,,,,,,,,,
United States,USA,2020,13.892,14.203,13.602,13.892,14.891,14.794,14.979,49.025,3.95644039443845,8.055,5.591,67406.8311325507,40.0,0.4,79.997451762548,14.719,100.923667907715,103.84593963623,,,87.5676574707031,2.00507998466492,0.172670006752014,5.39530992507935,,,,,,,,,,,,,,,,,,,,,,,,,,,,,,
United States,USA,2021,12.204,12.633,11.802,12.204,9.704,8.85,10.474,50.498,4.02475791685968,5.349,3.576,71441.231980595,39.7,0.3,80.0074765140272,13.724,101.091278076172,103.428169250488,,,84.8550872802734,4.09511995315552,1.15775001049042,5.42038011550903,,,,,,,,,,,,,,,,,,,,,,,,,,,,,,
United States,USA,2022,11.244,11.738,10.781,11.244,8.105,7.428,8.719,50.541,3.86455082663516,3.65,2.321,72828.7430907189,41.7,1.4,80.0324978239707,13.628,95.743522644043,101.35814666748,,,79.361930847168,3.98220992088318,0.813030004501343,,,,,,,,,,,,,,,,,,,,,,,,,,,,,,,
United States,USA,2023,11.191,11.395,10.999,11.191,7.953,7.086,8.757,51.144,3.75894143719088,3.638,2.373,74351.6718197429,41.8,1.2,80.071561119178,13.145,,,,,,,,,,,,,,,,,,,,,,,,,,,,,,,,,,,,,,
United States,USA,2024,11.597,12.004,11.215,11.597,8.92,8.091,9.685,50.81,3.85135079514778,4.022,2.608,75698.1773354629,41.8,1.1,80.1247798047184,12.412,,,,,,,,,,,,,,,,,,,,,,,,,,,,,,,,,,,,,,
United States,USA,2025,11.652,12.062,11.266,11.59,9.34,8.519,10.099,50.83,3.80976956797991,4.198,2.927,76931.3106990408,,,80.1921733027869,,,,,,,,,,,,,,,,,,,,,,,,,,,,,,,,,,,,,,,
Uruguay,URY,2001,,,,21.095,34.45,41.669,29.007,59.527,24.6314458425858,15.052,4.028,17986.8939502115,45.0,0.7,91.3759250620534,66.866,96.1854476928711,69.3557586669922,83.55271,,37.7791595458984,,,2.80096006393433,9.5802,91.59732,,,,,,,,,,,,,,,,,0.672580063343048,0.655663251876831,0.581181824207306,0.713679552078247,0.473435282707214,0.171383677327674,0.239182012828902,0.161322754198141,0.314426266817223,0.217570521124065,0.420941112580069,0.122306353466964
Uruguay,URY,2002,,,,22.471,37.887,45.683,32.262,55.12,25.9841557476818,16.648,4.562,16572.7819019325,45.5,1.1,91.4886084712534,65.52,96.8493804931641,73.1000823974609,83.43322,,39.5832290649414,,,2.32220005989075,8.0054,98.45196,,,,,,,,,,,,,,,,,0.643297970294952,0.61333703994751,0.538995921611786,0.679927110671997,0.517163872718811,0.171484582450941,0.261496869135436,0.194884344999622,0.325910968166368,0.254566231256619,0.365860569687285,0.11807632992066
Uruguay,URY,2003,,,,22.015,38.091,43.763,33.965,52.501,26.1216791270569,16.661,5.04,16694.4326030244,45.0,1.5,91.6260094228609,61.616,94.5473709106445,74.7451705932617,82.49444,,41.7629699707031,,,2.0682098865509,6.49528,103.42661,,,,,,,,,,,,,,,,,0.641753137111664,0.611833393573761,0.557698547840118,0.662427961826324,0.554442375898361,0.172507245343206,0.256158430168608,0.194773498422525,0.315786937540356,0.272608612758302,0.351818808449479,0.119414148623611
Uruguay,URY,2004,,,,19.659,33.068,39.685,28.374,52.696,25.7577370729894,12.98,3.611,17519.3729926744,45.9,1.7,91.8009434091917,59.756,94.463020324707,73.613166809082,82.0382,,42.7656097412109,,,2.49954009056091,8.44965,101.97757,,,,,,,,,,,,,,,,,0.699788391590118,0.659111797809601,0.599363923072815,0.720347285270691,0.575662910938263,0.160218817815439,0.223423614253666,0.152482440801105,0.293882838363,0.266216385361204,0.376508025148997,0.133851975236133
Uruguay,URY,2005,19.254,23.584,15.059,19.254,29.067,34.223,25.265,53.064,24.4916802441516,12.009,3.238,18811.3124755641,44.7,1.5,92.0812710048572,60.259,95.6003799438477,71.9215698242188,82.87763,,44.3836708068848,0.315160006284714,,2.71476006507873,9.90775,95.48941,,,,,,,,,,,,,,,,,0.711396872997284,0.702644407749176,0.652863562107086,0.748361229896545,0.516540229320526,0.171124615965073,0.208458346149773,0.143338512136559,0.27353288100735,0.247774981972942,0.392692360057082,0.151074311820203
Uruguay,URY,2006,20.55,25.408,15.865,20.55,28.089,34.475,23.571,53.393,24.8383220645995,10.844,3.376,19560.0743506382,45.9,1.0,92.4845482788191,59.998,97.118896484375,70.1307601928711,78.52602,,45.3399810791016,2.37321996688843,,2.85664010047913,10.66985,92.88427,,,,,,,,,,,,,,,,,0.73127406835556,0.715462684631348,0.652597069740295,0.766683578491211,0.505680590867996,0.179133770957154,0.214988503288594,0.146886469896709,0.282158631250055,0.236043527084113,0.405882929611607,0.143085040015685
Uruguay,URY,2007,19.657,24.909,14.61,19.657,24.891,30.896,20.73,55.025,24.8699115364326,9.403,3.029,20803.885306175,46.4,0.7,92.9603688038713,59.798,99.9423828125,67.3983383178711,88.41726,67.65482,50.3921318054199,4.90826988220215,8.33296966552734,,,82.88919,,,,,,,,,,,,,,,,,0.788649439811707,0.75473016500473,0.69756954908371,0.79904967546463,0.481389224529266,0.178454848666165,0.203196977863941,0.133013398429915,0.270590637874698,0.219177337603218,0.42476593393154,0.152859750601302
Uruguay,URY,2008,18.788,23.401,14.365,18.788,22.354,28.329,18.04,53.87,24.4136262968489,8.025,3.388,22249.3750934425,45.1,0.4,93.45975578621,59.706,101.830718994141,69.8423919677734,82.26391,69.47614,51.0627593994141,3.37526988983154,10.1904296875,,,67.72607,33.15,38.36,28.11,6.25,67.77,8.2,3.66,0.09222,39.25,93.72,0.4188,9.2,1.85435,39.99,4.29,1.89272,0.788050711154938,0.784199237823486,0.729339182376862,0.830076813697815,0.421125590801239,0.16945618645036,0.190728338596682,0.132864342128465,0.24607831822661,0.212870703110821,0.429021924570765,0.167379033721732
Uruguay,URY,2009,17.846,22.681,13.216,17.846,20.957,26.323,17.076,54.096,24.2101790794214,7.74,2.121,23138.0733091496,45.5,0.4,93.9337324320314,59.576,101.85563659668,71.1312866210938,81.28521,71.36421,50.9438095092773,2.78917002677917,11.4003095626831,,,67.84706,33.96,39.74,28.24,8.48,71.32,10.92,5.16,0.1189,40.42,95.6,0.4228,8.49,1.83157,35.21,2.55,1.92758,0.811101675033569,0.792600572109222,0.742326438426971,0.838296175003052,0.386738419532776,0.153632601749516,0.185536626010495,0.12392537366675,0.246405286343612,0.214880867961991,0.431982165650262,0.167600340377251
Uruguay,URY,2010,18.124,22.168,14.252,18.124,20.707,26.081,16.873,53.613,23.4553647884633,7.158,2.012,24879.8256003219,44.5,0.3,94.3333219475319,59.538,101.169009063104,70.7830510308999,,,51.8884303512712,1.87408995628357,,,,91.78555,33.54,38.59,28.57,7.83,70.63,9.61,5.67,0.11086,35.17,93.97,0.37427,7.87,1.87294,37.58,3.17,1.91565,0.805250525474548,0.79846054315567,0.746430039405823,0.840777099132538,0.370330691337585,0.169275162810399,0.178892339237525,0.129274332109288,0.229109662021054,0.21080547518079,0.444314056098997,0.165988129482688
Uruguay,URY,2011,17.162,21.364,13.138,17.162,18.055,21.972,15.2,54.588,22.7099811007196,6.307,1.983,26099.3116487704,42.2,0.2,94.6036824756941,59.107,100.766145130321,,,73.45892,52.5558159999377,1.15498271598503,16.0560159342956,4.14937019348145,14.6766,93.83451,36.53,44.19,29.15,10.28,73.45,14.77,4.62,0.13996,39.41,94.02,0.41917,7.53,1.89907,40.83,3.37,1.91746,0.819193184375763,0.818487167358398,0.776683390140533,0.848369419574738,0.32910543680191,0.166000063823676,0.165598864421085,0.115005534180151,0.218155793162246,0.198327322949436,0.450078346787016,0.185273868952069
Uruguay,URY,2012,17.733,21.944,13.698,17.733,18.566,23.538,14.899,53.384,22.1969091385186,6.451,2.12,26953.2709026389,39.9,0.3,94.7606597546186,60.353,99.7867967654572,,,74.70228,54.7069093768187,1.4100657612108,15.7861529139102,4.09353338283242,,97.5251,34.4,40.82,27.89,8.01,68.75,9.31,6.47,0.11651,41.85,93.62,0.44702,8.35,1.80719,38.14,4.07,1.89329,0.846153855323792,0.822575807571411,0.771662831306458,0.860315322875977,0.303307294845581,0.158988604674813,0.186995009964622,0.132048275378466,0.241006670802411,0.195519010026418,0.444793312016027,0.171753284277844
Uruguay,URY,2013,18.036,22.021,14.217,18.036,19.302,23.908,16.012,53.34,22.2516841544129,6.444,1.984,28119.4726887432,40.5,0.3,94.8844735142936,60.544,100.56447858473,,,,59.9512588300598,0.392364650963138,,4.23893022537231,,99.76458,33.07443,28.16052,39.38519,1.18056,90.54391,1.42803,0.91065,0.01304,22.53469,85.71552,0.2629,15.90425,1.91666,40.3346,18.32074,1.54578,0.81101405620575,0.807326018810272,0.760033071041107,0.841051876544952,,0.162319532407844,0.180730391204539,0.129357221436429,0.233048711197894,0.196466590807268,0.44561422951183,0.176313435553198
Uruguay,URY,2014,18.151,22.181,14.289,18.151,19.422,23.862,16.151,53.046,22.1586155648075,6.547,1.875,28935.086486757,40.1,0.2,94.9897821210514,58.229,100.99762842751,,,76.6716,59.826704311423,,7.94794448607349,4.26735019683838,,101.72967,35.31,41.83,29.09,10.19,71.16,13.81,5.64,0.1432,44.64,95.38,0.46802,6.42,1.78037,32.13,2.47,1.92312,0.790648341178894,0.80818647146225,0.760471045970917,0.838968336582184,0.27205765247345,0.158049236486756,0.180408485307731,0.125100465849414,0.235840645675942,0.205285545213441,0.432241788065009,0.181017406494681
Uruguay,URY,2015,18.733,22.255,15.357,18.733,22.875,26.286,20.328,50.61,22.9432755029576,7.488,2.206,28941.6184540581,40.1,0.2,95.0800002298303,55.906,100.721856543441,,,81.60692,57.7897211461691,0.587117882100662,1.50487823814083,4.20636987686157,,104.46075,35.14,40.96,29.41,9.99,70.71,12.09,7.08,0.14128,45.92,96.3,0.47684,5.98,1.85953,29.69,2.31,1.9222,0.786361038684845,0.772705614566803,0.737590074539185,0.801166355609894,0.282166838645935,,,,,,,
Uruguay,URY,2016,18.682,22.123,15.383,18.682,24.149,28.839,20.621,49.438,23.5246135675554,7.841,2.493,29332.5561568815,39.7,0.1,95.1585424955685,50.844,102.392839746712,,,83.27916,59.6462945758069,0.0343265728167346,3.70971542267717,4.36420011520386,15.93141,109.05179,36.33,43.48,29.55,9.97,73.3,12.63,6.88,0.13602,46.8,95.64,0.48934,5.96,1.88926,26.43,3.25,1.87703,0.769063293933868,0.761181831359863,0.71277266740799,0.798257291316986,0.312229812145233,,,,,,,
Uruguay,URY,2017,17.868,21.158,14.713,17.868,25.251,30.635,21.235,48.002,23.7814238806987,7.89,2.539,29762.4220666605,39.5,0.1,95.2288235732042,44.28,97.1667633056641,,,88.21273,59.7518904286933,0.251381459603338,2.14005713906053,4.41787004470825,16.15909,114.30688,38.9,45.32,32.58,12.78,73.77,14.88,10.23,0.17324,50.72,95.15,0.53305,4.66,1.78112,22.37,2.98,1.86679,0.767688930034637,0.749810397624969,0.696645557880402,0.792656540870667,0.301708996295929,,,,,,,
Uruguay,URY,2018,17.954,20.696,15.324,17.954,26.538,30.725,23.235,47.717,24.234206784481,8.336,3.01,29757.9276055415,39.7,0.1,95.2942581176758,37.762,101.573882159122,,,,60.2781342968002,0.49428211999129,,4.60361003875732,,116.56898,40.35,46.82,34.33,13.45,75.0,16.56,9.82,0.17933,51.65,96.57,0.53485,3.96,1.93687,23.61,2.19,1.90724,0.750239193439484,0.739626348018646,0.692934274673462,0.775853097438812,0.313545405864716,,,,,,,
Uruguay,URY,2019,17.685,20.132,15.338,17.685,28.474,33.069,24.822,47.269,24.1972772950566,8.836,3.014,30010.5628834294,39.7,0.1,95.3479309082031,33.065,,92.3390945833418,,,61.9644279466795,0.52449767467906,1.20917734601075,4.62834978103638,,,,,,,,,,,,,,,,,,,0.738969683647156,0.719893455505371,0.67177802324295,0.759935677051544,0.33148604631424,,,,,,,
Uruguay,URY,2020,17.108,18.876,15.413,17.108,34.215,39.089,30.266,42.613,24.9050144463828,10.413,,27788.1749600196,40.2,0.3,95.3997650146484,29.59,100.92753603812,,,,64.9332150107214,0.367913911747648,2.16634637055968,4.55217981338501,,,,,,,,,,,,,,,,,,,,,0.615720212459564,0.710501909255981,,,,,,,,
Uruguay,URY,2021,14.94,16.44,13.503,14.94,31.807,35.362,29.098,44.731,24.8228741047581,9.328,,29431.8738833361,40.8,0.2,95.4497146606445,27.356,100.503541862251,64.3670196533203,,,75.1713873701582,0.390655824232071,0.629610002040863,4.46211004257202,,,,,,,,,,,,,,,,,,,0.813680410385132,0.727792084217072,0.708977818489075,0.748889923095703,,,,,,,,
Uruguay,URY,2022,14.273,15.105,13.476,14.273,25.32,27.015,23.972,45.061,24.733243350178,7.877,1.608,30840.0709827676,40.6,0.2,95.4977416992188,26.487,100.222951100821,87.5039638077923,,,76.3977408357972,0.374946005463525,2.1046744586109,4.4795298576355,,,,,,,,,,,,,,,,,,,,,,,,,,,,,,
Uruguay,URY,2023,14.863,15.892,13.877,14.863,26.221,28.434,24.505,46.687,24.6242542732107,8.355,2.034,31100.9696889882,40.9,0.2,95.5439605712891,26.188,101.1690082913,77.8705237670447,,,79.9536903496537,0.0354518135477778,1.49534039980081,4.76461982727051,,,,,,,,,,,,,,,,,,,,,,,,,,,,,,
Uruguay,URY,2024,15.051,17.029,13.156,14.028,26.698,29.709,24.327,46.939,24.5006103852694,8.209,1.909,32149.480073986,40.0,0.2,95.5981951588181,25.096,,,,,,,,,,,,,,,,,,,,,,,,,,,,,,,,,,,,,,
Uruguay,URY,2025,15.145,17.13,13.243,,25.149,27.979,22.913,46.845,24.3650488598959,7.516,,32741.6246877908,,,95.6537192104085,,,,,,,,,,,,,,,,,,,,,,,,,,,,,,,,,,,,,,,
"Venezuela, RB",VEN,2001,,,,,21.94,25.696,19.855,47.236,33.1353493744267,13.04,,,47.2,14.7,88.372774123042,95.776,84.0971527099609,53.2208213806152,98.80335,54.80014,,7.73915004730225,21.2600803375244,,,45.19853,45.5,52.51,38.73,26.74,69.87,31.38,21.36,0.38271,40.69,80.61,0.50478,11.62,1.76334,33.84,13.72,1.59456,0.800901114940643,0.761649966239929,0.722802639007568,0.804217278957367,0.707891494035721,,,,,,,
"Venezuela, RB",VEN,2002,,,,,27.187,34.416,23.203,46.514,33.191600616621,16.17,,,48.9,22.1,88.4553810951083,94.552,90.3314514160156,56.7596702575684,98.32584,57.32278,37.518970489502,4.34611988067627,18.9059906005859,,,48.48173,45.7,51.35,40.09,25.33,71.13,28.38,21.95,0.35611,40.48,82.66,0.48972,12.11,1.74154,36.1,14.43,1.60028,0.758421897888184,0.700194895267487,0.654582619667053,0.756461799144745,0.748930007219315,,,,,,,
"Venezuela, RB",VEN,2003,,,,,27.914,37.011,23.034,45.869,34.1316483380809,16.78,,,47.9,27.1,88.522274342774,91.048,87.974006652832,58.8384017944336,98.98654,58.95968,39.2063407897949,6.07839012145996,17.5758895874023,,,49.22118,47.71,54.84,40.76,27.97,70.81,32.32,22.75,0.395,43.11,82.92,0.5199,11.29,1.78831,29.76,14.27,1.5205,,,,,,,,,,,,
"Venezuela, RB",VEN,2004,,,,,25.273,32.773,21.24,46.237,31.8818208881813,15.07,,,47.3,22.8,88.5835546444319,89.785,88.0073699951172,63.0940589904785,99.79924,61.33545,41.2058296203613,5.9939398765564,15.3832597732544,,,53.17328,49.18,55.74,42.72,29.47,71.03,33.79,24.62,0.4149,47.89,82.68,0.57922,8.89,1.63555,22.42,13.36,1.4041,0.790671288967133,0.761669278144836,0.71412867307663,0.804424464702606,0.75495633482933,,,,,,,
"Venezuela, RB",VEN,2005,25.496,33.412,17.788,25.496,18.247,21.62,16.352,46.265,31.6041142059648,10.663,10.535,,49.3,18.1,88.638673298371,92.949,89.6563491821289,66.1841583251953,99.58137,63.14279,,6.83640003204346,14.1630401611328,,,57.25112,52.29,59.16,45.4,38.86,72.06,42.14,35.03,0.53927,55.52,82.8,0.67053,8.17,1.75398,21.98,12.93,1.41174,0.834577679634094,0.790323495864868,0.758666932582855,0.827123820781708,0.750033840537071,,,,,,,
"Venezuela, RB",VEN,2006,24.451,32.864,16.274,24.451,15.361,18.946,13.414,45.606,30.8503427965398,8.606,8.768,,44.7,9.7,88.6870816028803,95.148,93.4740676879883,67.9225463867188,99.24663,66.58989,,6.7968602180481,11.5273504257202,3.66905999183655,8.24842,61.77645,56.76,63.53,50.13,43.07,76.1,45.77,39.8,0.56597,58.61,87.3,0.67136,6.83,1.79063,21.72,10.74,1.50552,0.852774560451508,0.821388840675354,0.779534995555878,0.856700420379639,0.719616413116455,,,,,,,
"Venezuela, RB",VEN,2007,23.391,31.474,15.55,23.391,13.574,15.974,12.3,44.458,29.8437198709779,7.279,8.023,,,,88.7282308562487,96.087,95.5351867675781,72.5651321411133,95.96714,68.83938,,5.39048004150391,8.3257999420166,3.62732005119324,7.96071,65.52328,61.35,67.55,55.37,45.86,77.87,50.54,39.64,0.58893,64.21,86.21,0.74481,7.49,1.72363,18.26,11.89,1.34885,,,,,,,,,,,,
"Venezuela, RB",VEN,2008,23.489,31.682,15.555,23.489,12.354,13.898,11.543,43.849,30.8072221804533,6.245,6.929,,,,88.7615723567652,96.056,93.1682434082031,77.0723495483398,97.81162,69.97967,78.2515029907227,7.65006017684937,10.0880603790283,,,69.04413,62.73,68.59,57.01,44.34,80.39,47.65,40.31,0.55156,66.32,86.21,0.76928,7.92,1.72601,19.12,12.12,1.36611,,,,,,,,,,,,
"Venezuela, RB",VEN,2009,20.849,27.788,14.139,20.849,12.126,13.449,11.433,42.816,31.442102537858,6.097,6.842,,,,88.7865574027187,95.825,92.887580871582,77.0130004882812,97.80642,71.68989,78.2699203491211,6.06200981140137,8.65211963653564,6.87467002868652,16.28547,71.35322,66.0,72.56,59.59,54.68,81.68,61.18,46.49,0.66944,70.72,87.37,0.80943,8.44,1.66351,18.22,12.71,1.30241,,,,,,,,,,,,
"Venezuela, RB",VEN,2010,18.797,25.026,12.782,18.797,14.178,16.157,13.174,41.607,33.2372653674385,7.112,8.109,,,,88.8026372923982,95.876,91.5389022827148,75.3336410522461,99.51086,71.94629,,5.42917013168335,10.2505798339844,,,71.66991,67.99,74.35,61.75,50.66,84.25,57.1,43.0,0.60131,67.39,89.54,0.75262,6.71,1.63487,20.36,8.73,1.57122,,,,,,,,,,,,
"Venezuela, RB",VEN,2011,18.905,25.602,12.446,18.905,14.048,16.714,12.697,40.651,33.0050022270892,6.902,8.539,,,,88.8079278904659,96.087,92.9394989013672,75.6048889160156,98.76286,73.03338,,5.2243800163269,11.664119720459,,,73.67357,69.89,74.92,65.0,55.89,84.97,59.97,51.1,0.65776,70.44,88.38,0.79701,6.63,1.59276,20.57,9.89,1.5192,,,,,,,,,,,,
"Venezuela, RB",VEN,2012,19.635,26.987,12.553,19.635,14.089,18.22,12.001,39.847,31.9133506676327,6.601,7.947,,,,88.8401868543141,96.031,95.0975189208984,77.2811889648438,99.47765,74.79369,,5.32407999038696,9.92706966400146,,,76.106,68.66,73.32,64.06,52.57,83.88,57.79,46.15,0.62673,65.43,84.17,0.77736,7.0,1.55571,18.87,9.0,1.52305,,,,,,,,,,,,
"Venezuela, RB",VEN,2013,20.354,27.784,13.207,,16.224,22.321,13.185,38.579,31.6305026619978,7.54,,,,,88.8786817039721,94.666,94.173828125,77.9966583251953,99.58563,75.07477,,6.06599998474121,7.36953020095825,,,85.09848,70.54,75.64,65.8,57.3,82.66,61.32,51.68,0.6932,69.98,87.66,0.79831,6.32,1.6962,19.68,11.55,1.41311,,,,,,,,,,,,
"Venezuela, RB",VEN,2014,20.282,27.57,13.281,,14.767,19.889,12.25,37.326,31.5481065954497,6.821,,,,,88.9163913525251,91.955,95.1124725341797,75.6405181884766,98.5652,75.72595,,6.6701397895813,8.78341007232666,,,81.51642,70.07,76.12,64.5,60.49,81.8,66.29,53.53,0.73949,72.43,85.85,0.84368,7.0,1.48429,20.19,16.0,1.20753,,,,,,,,,,,,
"Venezuela, RB",VEN,2015,20.248,27.391,13.394,,13.334,17.412,11.358,36.091,31.5630160708166,6.139,,,,,88.9539804079292,88.531,94.3086471557617,75.6346817016602,97.81687,74.55316,,7.03154993057251,10.4141702651978,,14.79092,80.10455,,,,,,,,,,,,,,,,,,,,,,,,,,,,
"Venezuela, RB",VEN,2016,20.253,27.254,13.542,20.253,11.677,14.579,10.29,34.874,31.6476039220393,5.319,5.744,,,,88.9914428378712,84.191,92.3337783813477,73.3661804199219,98.55073,73.3043,,9.50854969024658,12.6106595993042,,,77.18289,,,,,,,,,,,,,,,,,,,,,,,,,,,,
"Venezuela, RB",VEN,2017,22.847,30.956,15.102,22.847,12.247,15.481,10.735,34.341,32.7077374692705,5.045,5.76,,,,89.0287726100378,79.917,88.6861877441406,71.448356628418,,73.24477,,11.5639200210571,17.6894092559814,,,80.52252,,,,,,,,,,,,,,,,,,,,,,,,,,,,
"Venezuela, RB",VEN,2018,22.814,30.832,15.219,,12.034,15.219,10.542,33.775,34.2473622164599,5.468,,,,,89.0659636921159,75.503,,,,,,,,,,,,,,,,,,,,,,,,,,,,,,,,,,,,,,
"Venezuela, RB",VEN,2019,22.947,30.896,15.489,,11.767,14.921,10.306,32.893,35.9011127644403,5.89,,,,,89.1030100517924,74.487,,,,,,,,,,,,,,,,,,,,,,,,,,,,,,,,,,,,,,
"Venezuela, RB",VEN,2020,24.478,32.085,17.38,37.13,13.608,17.53,11.823,27.993,36.4487179024554,7.53,,,,,89.1399056567545,73.75,,,,,,,,,,,,,,,,,,,,,,,,,,,,,,,,,,,,,,
"Venezuela, RB",VEN,2021,24.181,31.852,17.032,,12.943,16.467,11.314,29.394,35.423798561623,7.027,,,,,89.1766444746891,73.384,,,,,,,,,,,,,,,,,,,,,,,,,,,,,,,,,,,,,,
"Venezuela, RB",VEN,2022,23.615,31.782,15.989,,10.58,13.622,9.355,30.399,36.4255333224353,5.646,,,,,89.2132204732836,73.026,102.55387878418,87.0413284301758,,,,0.538670003414154,1.14158999919891,,,,,,,,,,,,,,,,,,,,,,,,,,,,,,,
"Venezuela, RB",VEN,2023,23.676,31.836,16.025,,10.274,13.243,9.054,30.518,36.9972192900539,5.407,,,,,89.249627620225,73.295,102.23681640625,,,,,0.553709983825684,,,,,,,,,,,,,,,,,,,,,,,,,,,,,,,,
"Venezuela, RB",VEN,2024,23.753,31.898,16.082,,10.158,13.078,8.925,30.742,37.1648454487586,5.321,,,,,89.285859883201,73.189,103.043952941895,83.1833724975586,,,,,,,,,,,,,,,,,,,,,,,,,,,,,,,,,,,,
"Venezuela, RB",VEN,2025,23.831,31.959,16.14,,10.444,13.112,9.319,30.611,37.2977434036572,5.307,,,,,89.3219112298988,,,,,,,,,,,,,,,,,,,,,,,,,,,,,,,,,,,,,,,
